# -*- coding: utf-8 -*-

# Resource object code
#
# Created by: The Resource Compiler for PyQt5 (Qt v5.15.13)
#
# WARNING! All changes made in this file will be lost!

from qgis.PyQt import QtCore

qt_resource_data = b"\
\x00\x00\x01\x11\
\x3c\
\x73\x76\x67\x20\x78\x6d\x6c\x6e\x73\x3d\x22\x68\x74\x74\x70\x3a\
\x2f\x2f\x77\x77\x77\x2e\x77\x33\x2e\x6f\x72\x67\x2f\x32\x30\x30\
\x30\x2f\x73\x76\x67\x22\x20\x77\x69\x64\x74\x68\x3d\x22\x32\x34\
\x22\x20\x68\x65\x69\x67\x68\x74\x3d\x22\x32\x34\x22\x20\x76\x69\
\x65\x77\x42\x6f\x78\x3d\x22\x30\x20\x30\x20\x32\x34\x20\x32\x34\
\x22\x20\x66\x69\x6c\x6c\x3d\x22\x6e\x6f\x6e\x65\x22\x20\x73\x74\
\x72\x6f\x6b\x65\x3d\x22\x63\x75\x72\x72\x65\x6e\x74\x43\x6f\x6c\
\x6f\x72\x22\x20\x73\x74\x72\x6f\x6b\x65\x2d\x77\x69\x64\x74\x68\
\x3d\x22\x32\x22\x20\x73\x74\x72\x6f\x6b\x65\x2d\x6c\x69\x6e\x65\
\x63\x61\x70\x3d\x22\x72\x6f\x75\x6e\x64\x22\x20\x73\x74\x72\x6f\
\x6b\x65\x2d\x6c\x69\x6e\x65\x6a\x6f\x69\x6e\x3d\x22\x72\x6f\x75\
\x6e\x64\x22\x3e\x3c\x72\x65\x63\x74\x20\x78\x3d\x22\x31\x22\x20\
\x79\x3d\x22\x35\x22\x20\x77\x69\x64\x74\x68\x3d\x22\x32\x32\x22\
\x20\x68\x65\x69\x67\x68\x74\x3d\x22\x31\x34\x22\x20\x72\x78\x3d\
\x22\x37\x22\x20\x72\x79\x3d\x22\x37\x22\x2f\x3e\x3c\x63\x69\x72\
\x63\x6c\x65\x20\x63\x78\x3d\x22\x38\x22\x20\x63\x79\x3d\x22\x31\
\x32\x22\x20\x72\x3d\x22\x33\x22\x2f\x3e\x3c\x2f\x73\x76\x67\x3e\
\
\x00\x00\x01\x33\
\x3c\
\x73\x76\x67\x20\x78\x6d\x6c\x6e\x73\x3d\x22\x68\x74\x74\x70\x3a\
\x2f\x2f\x77\x77\x77\x2e\x77\x33\x2e\x6f\x72\x67\x2f\x32\x30\x30\
\x30\x2f\x73\x76\x67\x22\x20\x77\x69\x64\x74\x68\x3d\x22\x32\x34\
\x22\x20\x68\x65\x69\x67\x68\x74\x3d\x22\x32\x34\x22\x20\x76\x69\
\x65\x77\x42\x6f\x78\x3d\x22\x30\x20\x30\x20\x32\x34\x20\x32\x34\
\x22\x20\x66\x69\x6c\x6c\x3d\x22\x6e\x6f\x6e\x65\x22\x20\x73\x74\
\x72\x6f\x6b\x65\x3d\x22\x63\x75\x72\x72\x65\x6e\x74\x43\x6f\x6c\
\x6f\x72\x22\x20\x73\x74\x72\x6f\x6b\x65\x2d\x77\x69\x64\x74\x68\
\x3d\x22\x32\x22\x20\x73\x74\x72\x6f\x6b\x65\x2d\x6c\x69\x6e\x65\
\x63\x61\x70\x3d\x22\x72\x6f\x75\x6e\x64\x22\x20\x73\x74\x72\x6f\
\x6b\x65\x2d\x6c\x69\x6e\x65\x6a\x6f\x69\x6e\x3d\x22\x72\x6f\x75\
\x6e\x64\x22\x3e\x3c\x70\x6f\x6c\x79\x6c\x69\x6e\x65\x20\x70\x6f\
\x69\x6e\x74\x73\x3d\x22\x32\x31\x20\x38\x20\x32\x31\x20\x32\x31\
\x20\x33\x20\x32\x31\x20\x33\x20\x38\x22\x2f\x3e\x3c\x72\x65\x63\
\x74\x20\x78\x3d\x22\x31\x22\x20\x79\x3d\x22\x33\x22\x20\x77\x69\
\x64\x74\x68\x3d\x22\x32\x32\x22\x20\x68\x65\x69\x67\x68\x74\x3d\
\x22\x35\x22\x2f\x3e\x3c\x6c\x69\x6e\x65\x20\x78\x31\x3d\x22\x31\
\x30\x22\x20\x79\x31\x3d\x22\x31\x32\x22\x20\x78\x32\x3d\x22\x31\
\x34\x22\x20\x79\x32\x3d\x22\x31\x32\x22\x2f\x3e\x3c\x2f\x73\x76\
\x67\x3e\
\x00\x00\x01\x24\
\x3c\
\x73\x76\x67\x20\x78\x6d\x6c\x6e\x73\x3d\x22\x68\x74\x74\x70\x3a\
\x2f\x2f\x77\x77\x77\x2e\x77\x33\x2e\x6f\x72\x67\x2f\x32\x30\x30\
\x30\x2f\x73\x76\x67\x22\x20\x77\x69\x64\x74\x68\x3d\x22\x32\x34\
\x22\x20\x68\x65\x69\x67\x68\x74\x3d\x22\x32\x34\x22\x20\x76\x69\
\x65\x77\x42\x6f\x78\x3d\x22\x30\x20\x30\x20\x32\x34\x20\x32\x34\
\x22\x20\x66\x69\x6c\x6c\x3d\x22\x6e\x6f\x6e\x65\x22\x20\x73\x74\
\x72\x6f\x6b\x65\x3d\x22\x63\x75\x72\x72\x65\x6e\x74\x43\x6f\x6c\
\x6f\x72\x22\x20\x73\x74\x72\x6f\x6b\x65\x2d\x77\x69\x64\x74\x68\
\x3d\x22\x32\x22\x20\x73\x74\x72\x6f\x6b\x65\x2d\x6c\x69\x6e\x65\
\x63\x61\x70\x3d\x22\x72\x6f\x75\x6e\x64\x22\x20\x73\x74\x72\x6f\
\x6b\x65\x2d\x6c\x69\x6e\x65\x6a\x6f\x69\x6e\x3d\x22\x72\x6f\x75\
\x6e\x64\x22\x3e\x3c\x70\x61\x74\x68\x20\x64\x3d\x22\x4d\x31\x33\
\x20\x32\x48\x36\x61\x32\x20\x32\x20\x30\x20\x30\x20\x30\x2d\x32\
\x20\x32\x76\x31\x36\x61\x32\x20\x32\x20\x30\x20\x30\x20\x30\x20\
\x32\x20\x32\x68\x31\x32\x61\x32\x20\x32\x20\x30\x20\x30\x20\x30\
\x20\x32\x2d\x32\x56\x39\x7a\x22\x2f\x3e\x3c\x70\x6f\x6c\x79\x6c\
\x69\x6e\x65\x20\x70\x6f\x69\x6e\x74\x73\x3d\x22\x31\x33\x20\x32\
\x20\x31\x33\x20\x39\x20\x32\x30\x20\x39\x22\x2f\x3e\x3c\x2f\x73\
\x76\x67\x3e\
\x00\x00\x01\x4c\
\x3c\
\x73\x76\x67\x20\x76\x69\x65\x77\x42\x6f\x78\x3d\x22\x30\x20\x30\
\x20\x32\x34\x20\x32\x34\x22\x20\x77\x69\x64\x74\x68\x3d\x22\x32\
\x34\x22\x20\x68\x65\x69\x67\x68\x74\x3d\x22\x32\x34\x22\x20\x78\
\x6d\x6c\x6e\x73\x3d\x22\x68\x74\x74\x70\x3a\x2f\x2f\x77\x77\x77\
\x2e\x77\x33\x2e\x6f\x72\x67\x2f\x32\x30\x30\x30\x2f\x73\x76\x67\
\x22\x20\x66\x69\x6c\x6c\x3d\x22\x6e\x6f\x6e\x65\x22\x20\x73\x74\
\x72\x6f\x6b\x65\x3d\x22\x63\x75\x72\x72\x65\x6e\x74\x43\x6f\x6c\
\x6f\x72\x22\x20\x73\x74\x72\x6f\x6b\x65\x2d\x77\x69\x64\x74\x68\
\x3d\x22\x32\x22\x20\x73\x74\x72\x6f\x6b\x65\x2d\x6c\x69\x6e\x65\
\x63\x61\x70\x3d\x22\x72\x6f\x75\x6e\x64\x22\x20\x73\x74\x72\x6f\
\x6b\x65\x2d\x6c\x69\x6e\x65\x6a\x6f\x69\x6e\x3d\x22\x72\x6f\x75\
\x6e\x64\x22\x3e\x3c\x63\x69\x72\x63\x6c\x65\x20\x63\x78\x3d\x22\
\x31\x32\x22\x20\x63\x79\x3d\x22\x31\x32\x22\x20\x72\x3d\x22\x31\
\x30\x22\x2f\x3e\x3c\x70\x61\x74\x68\x20\x64\x3d\x22\x4d\x38\x20\
\x31\x34\x73\x31\x2e\x35\x20\x32\x20\x34\x20\x32\x20\x34\x2d\x32\
\x20\x34\x2d\x32\x22\x2f\x3e\x3c\x6c\x69\x6e\x65\x20\x78\x31\x3d\
\x22\x39\x22\x20\x79\x31\x3d\x22\x39\x22\x20\x78\x32\x3d\x22\x39\
\x2e\x30\x31\x22\x20\x79\x32\x3d\x22\x39\x22\x2f\x3e\x3c\x6c\x69\
\x6e\x65\x20\x78\x31\x3d\x22\x31\x35\x22\x20\x79\x31\x3d\x22\x39\
\x22\x20\x78\x32\x3d\x22\x31\x35\x2e\x30\x31\x22\x20\x79\x32\x3d\
\x22\x39\x22\x2f\x3e\x3c\x2f\x73\x76\x67\x3e\
\x00\x00\x01\xfd\
\x3c\
\x73\x76\x67\x20\x78\x6d\x6c\x6e\x73\x3d\x22\x68\x74\x74\x70\x3a\
\x2f\x2f\x77\x77\x77\x2e\x77\x33\x2e\x6f\x72\x67\x2f\x32\x30\x30\
\x30\x2f\x73\x76\x67\x22\x20\x77\x69\x64\x74\x68\x3d\x22\x32\x34\
\x22\x20\x68\x65\x69\x67\x68\x74\x3d\x22\x32\x34\x22\x20\x76\x69\
\x65\x77\x42\x6f\x78\x3d\x22\x30\x20\x30\x20\x32\x34\x20\x32\x34\
\x22\x20\x66\x69\x6c\x6c\x3d\x22\x6e\x6f\x6e\x65\x22\x20\x73\x74\
\x72\x6f\x6b\x65\x3d\x22\x63\x75\x72\x72\x65\x6e\x74\x43\x6f\x6c\
\x6f\x72\x22\x20\x73\x74\x72\x6f\x6b\x65\x2d\x77\x69\x64\x74\x68\
\x3d\x22\x32\x22\x20\x73\x74\x72\x6f\x6b\x65\x2d\x6c\x69\x6e\x65\
\x63\x61\x70\x3d\x22\x72\x6f\x75\x6e\x64\x22\x20\x73\x74\x72\x6f\
\x6b\x65\x2d\x6c\x69\x6e\x65\x6a\x6f\x69\x6e\x3d\x22\x72\x6f\x75\
\x6e\x64\x22\x3e\x3c\x72\x65\x63\x74\x20\x78\x3d\x22\x32\x22\x20\
\x79\x3d\x22\x32\x22\x20\x77\x69\x64\x74\x68\x3d\x22\x32\x30\x22\
\x20\x68\x65\x69\x67\x68\x74\x3d\x22\x32\x30\x22\x20\x72\x78\x3d\
\x22\x32\x2e\x31\x38\x22\x20\x72\x79\x3d\x22\x32\x2e\x31\x38\x22\
\x2f\x3e\x3c\x6c\x69\x6e\x65\x20\x78\x31\x3d\x22\x37\x22\x20\x79\
\x31\x3d\x22\x32\x22\x20\x78\x32\x3d\x22\x37\x22\x20\x79\x32\x3d\
\x22\x32\x32\x22\x2f\x3e\x3c\x6c\x69\x6e\x65\x20\x78\x31\x3d\x22\
\x31\x37\x22\x20\x79\x31\x3d\x22\x32\x22\x20\x78\x32\x3d\x22\x31\
\x37\x22\x20\x79\x32\x3d\x22\x32\x32\x22\x2f\x3e\x3c\x6c\x69\x6e\
\x65\x20\x78\x31\x3d\x22\x32\x22\x20\x79\x31\x3d\x22\x31\x32\x22\
\x20\x78\x32\x3d\x22\x32\x32\x22\x20\x79\x32\x3d\x22\x31\x32\x22\
\x2f\x3e\x3c\x6c\x69\x6e\x65\x20\x78\x31\x3d\x22\x32\x22\x20\x79\
\x31\x3d\x22\x37\x22\x20\x78\x32\x3d\x22\x37\x22\x20\x79\x32\x3d\
\x22\x37\x22\x2f\x3e\x3c\x6c\x69\x6e\x65\x20\x78\x31\x3d\x22\x32\
\x22\x20\x79\x31\x3d\x22\x31\x37\x22\x20\x78\x32\x3d\x22\x37\x22\
\x20\x79\x32\x3d\x22\x31\x37\x22\x2f\x3e\x3c\x6c\x69\x6e\x65\x20\
\x78\x31\x3d\x22\x31\x37\x22\x20\x79\x31\x3d\x22\x31\x37\x22\x20\
\x78\x32\x3d\x22\x32\x32\x22\x20\x79\x32\x3d\x22\x31\x37\x22\x2f\
\x3e\x3c\x6c\x69\x6e\x65\x20\x78\x31\x3d\x22\x31\x37\x22\x20\x79\
\x31\x3d\x22\x37\x22\x20\x78\x32\x3d\x22\x32\x32\x22\x20\x79\x32\
\x3d\x22\x37\x22\x2f\x3e\x3c\x2f\x73\x76\x67\x3e\
\x00\x00\x01\x35\
\x3c\
\x73\x76\x67\x20\x78\x6d\x6c\x6e\x73\x3d\x22\x68\x74\x74\x70\x3a\
\x2f\x2f\x77\x77\x77\x2e\x77\x33\x2e\x6f\x72\x67\x2f\x32\x30\x30\
\x30\x2f\x73\x76\x67\x22\x20\x77\x69\x64\x74\x68\x3d\x22\x32\x34\
\x22\x20\x68\x65\x69\x67\x68\x74\x3d\x22\x32\x34\x22\x20\x76\x69\
\x65\x77\x42\x6f\x78\x3d\x22\x30\x20\x30\x20\x32\x34\x20\x32\x34\
\x22\x20\x66\x69\x6c\x6c\x3d\x22\x6e\x6f\x6e\x65\x22\x20\x73\x74\
\x72\x6f\x6b\x65\x3d\x22\x63\x75\x72\x72\x65\x6e\x74\x43\x6f\x6c\
\x6f\x72\x22\x20\x73\x74\x72\x6f\x6b\x65\x2d\x77\x69\x64\x74\x68\
\x3d\x22\x32\x22\x20\x73\x74\x72\x6f\x6b\x65\x2d\x6c\x69\x6e\x65\
\x63\x61\x70\x3d\x22\x72\x6f\x75\x6e\x64\x22\x20\x73\x74\x72\x6f\
\x6b\x65\x2d\x6c\x69\x6e\x65\x6a\x6f\x69\x6e\x3d\x22\x72\x6f\x75\
\x6e\x64\x22\x3e\x3c\x63\x69\x72\x63\x6c\x65\x20\x63\x78\x3d\x22\
\x31\x32\x22\x20\x63\x79\x3d\x22\x31\x32\x22\x20\x72\x3d\x22\x31\
\x30\x22\x2f\x3e\x3c\x70\x61\x74\x68\x20\x64\x3d\x22\x4d\x39\x2e\
\x30\x39\x20\x39\x61\x33\x20\x33\x20\x30\x20\x30\x20\x31\x20\x35\
\x2e\x38\x33\x20\x31\x63\x30\x20\x32\x2d\x33\x20\x33\x2d\x33\x20\
\x33\x22\x2f\x3e\x3c\x6c\x69\x6e\x65\x20\x78\x31\x3d\x22\x31\x32\
\x22\x20\x79\x31\x3d\x22\x31\x37\x22\x20\x78\x32\x3d\x22\x31\x32\
\x2e\x30\x31\x22\x20\x79\x32\x3d\x22\x31\x37\x22\x2f\x3e\x3c\x2f\
\x73\x76\x67\x3e\
\x00\x00\x01\x23\
\x3c\
\x73\x76\x67\x20\x78\x6d\x6c\x6e\x73\x3d\x22\x68\x74\x74\x70\x3a\
\x2f\x2f\x77\x77\x77\x2e\x77\x33\x2e\x6f\x72\x67\x2f\x32\x30\x30\
\x30\x2f\x73\x76\x67\x22\x20\x77\x69\x64\x74\x68\x3d\x22\x32\x34\
\x22\x20\x68\x65\x69\x67\x68\x74\x3d\x22\x32\x34\x22\x20\x76\x69\
\x65\x77\x42\x6f\x78\x3d\x22\x30\x20\x30\x20\x32\x34\x20\x32\x34\
\x22\x20\x66\x69\x6c\x6c\x3d\x22\x6e\x6f\x6e\x65\x22\x20\x73\x74\
\x72\x6f\x6b\x65\x3d\x22\x63\x75\x72\x72\x65\x6e\x74\x43\x6f\x6c\
\x6f\x72\x22\x20\x73\x74\x72\x6f\x6b\x65\x2d\x77\x69\x64\x74\x68\
\x3d\x22\x32\x22\x20\x73\x74\x72\x6f\x6b\x65\x2d\x6c\x69\x6e\x65\
\x63\x61\x70\x3d\x22\x72\x6f\x75\x6e\x64\x22\x20\x73\x74\x72\x6f\
\x6b\x65\x2d\x6c\x69\x6e\x65\x6a\x6f\x69\x6e\x3d\x22\x72\x6f\x75\
\x6e\x64\x22\x3e\x3c\x70\x61\x74\x68\x20\x64\x3d\x22\x4d\x39\x2e\
\x35\x39\x20\x34\x2e\x35\x39\x41\x32\x20\x32\x20\x30\x20\x31\x20\
\x31\x20\x31\x31\x20\x38\x48\x32\x6d\x31\x30\x2e\x35\x39\x20\x31\
\x31\x2e\x34\x31\x41\x32\x20\x32\x20\x30\x20\x31\x20\x30\x20\x31\
\x34\x20\x31\x36\x48\x32\x6d\x31\x35\x2e\x37\x33\x2d\x38\x2e\x32\
\x37\x41\x32\x2e\x35\x20\x32\x2e\x35\x20\x30\x20\x31\x20\x31\x20\
\x31\x39\x2e\x35\x20\x31\x32\x48\x32\x22\x2f\x3e\x3c\x2f\x73\x76\
\x67\x3e\
\x00\x00\x01\x0e\
\x3c\
\x73\x76\x67\x20\x78\x6d\x6c\x6e\x73\x3d\x22\x68\x74\x74\x70\x3a\
\x2f\x2f\x77\x77\x77\x2e\x77\x33\x2e\x6f\x72\x67\x2f\x32\x30\x30\
\x30\x2f\x73\x76\x67\x22\x20\x77\x69\x64\x74\x68\x3d\x22\x32\x34\
\x22\x20\x68\x65\x69\x67\x68\x74\x3d\x22\x32\x34\x22\x20\x76\x69\
\x65\x77\x42\x6f\x78\x3d\x22\x30\x20\x30\x20\x32\x34\x20\x32\x34\
\x22\x20\x66\x69\x6c\x6c\x3d\x22\x6e\x6f\x6e\x65\x22\x20\x73\x74\
\x72\x6f\x6b\x65\x3d\x22\x63\x75\x72\x72\x65\x6e\x74\x43\x6f\x6c\
\x6f\x72\x22\x20\x73\x74\x72\x6f\x6b\x65\x2d\x77\x69\x64\x74\x68\
\x3d\x22\x32\x22\x20\x73\x74\x72\x6f\x6b\x65\x2d\x6c\x69\x6e\x65\
\x63\x61\x70\x3d\x22\x72\x6f\x75\x6e\x64\x22\x20\x73\x74\x72\x6f\
\x6b\x65\x2d\x6c\x69\x6e\x65\x6a\x6f\x69\x6e\x3d\x22\x72\x6f\x75\
\x6e\x64\x22\x3e\x3c\x70\x6f\x6c\x79\x67\x6f\x6e\x20\x70\x6f\x69\
\x6e\x74\x73\x3d\x22\x31\x31\x20\x31\x39\x20\x32\x20\x31\x32\x20\
\x31\x31\x20\x35\x20\x31\x31\x20\x31\x39\x22\x2f\x3e\x3c\x70\x6f\
\x6c\x79\x67\x6f\x6e\x20\x70\x6f\x69\x6e\x74\x73\x3d\x22\x32\x32\
\x20\x31\x39\x20\x31\x33\x20\x31\x32\x20\x32\x32\x20\x35\x20\x32\
\x32\x20\x31\x39\x22\x2f\x3e\x3c\x2f\x73\x76\x67\x3e\
\x00\x00\x01\x4a\
\x3c\
\x73\x76\x67\x20\x78\x6d\x6c\x6e\x73\x3d\x22\x68\x74\x74\x70\x3a\
\x2f\x2f\x77\x77\x77\x2e\x77\x33\x2e\x6f\x72\x67\x2f\x32\x30\x30\
\x30\x2f\x73\x76\x67\x22\x20\x77\x69\x64\x74\x68\x3d\x22\x32\x34\
\x22\x20\x68\x65\x69\x67\x68\x74\x3d\x22\x32\x34\x22\x20\x76\x69\
\x65\x77\x42\x6f\x78\x3d\x22\x30\x20\x30\x20\x32\x34\x20\x32\x34\
\x22\x20\x66\x69\x6c\x6c\x3d\x22\x6e\x6f\x6e\x65\x22\x20\x73\x74\
\x72\x6f\x6b\x65\x3d\x22\x63\x75\x72\x72\x65\x6e\x74\x43\x6f\x6c\
\x6f\x72\x22\x20\x73\x74\x72\x6f\x6b\x65\x2d\x77\x69\x64\x74\x68\
\x3d\x22\x32\x22\x20\x73\x74\x72\x6f\x6b\x65\x2d\x6c\x69\x6e\x65\
\x63\x61\x70\x3d\x22\x72\x6f\x75\x6e\x64\x22\x20\x73\x74\x72\x6f\
\x6b\x65\x2d\x6c\x69\x6e\x65\x6a\x6f\x69\x6e\x3d\x22\x72\x6f\x75\
\x6e\x64\x22\x3e\x3c\x70\x61\x74\x68\x20\x64\x3d\x22\x4d\x31\x30\
\x20\x31\x33\x61\x35\x20\x35\x20\x30\x20\x30\x20\x30\x20\x37\x2e\
\x35\x34\x2e\x35\x34\x6c\x33\x2d\x33\x61\x35\x20\x35\x20\x30\x20\
\x30\x20\x30\x2d\x37\x2e\x30\x37\x2d\x37\x2e\x30\x37\x6c\x2d\x31\
\x2e\x37\x32\x20\x31\x2e\x37\x31\x22\x2f\x3e\x3c\x70\x61\x74\x68\
\x20\x64\x3d\x22\x4d\x31\x34\x20\x31\x31\x61\x35\x20\x35\x20\x30\
\x20\x30\x20\x30\x2d\x37\x2e\x35\x34\x2d\x2e\x35\x34\x6c\x2d\x33\
\x20\x33\x61\x35\x20\x35\x20\x30\x20\x30\x20\x30\x20\x37\x2e\x30\
\x37\x20\x37\x2e\x30\x37\x6c\x31\x2e\x37\x31\x2d\x31\x2e\x37\x31\
\x22\x2f\x3e\x3c\x2f\x73\x76\x67\x3e\
\x00\x00\x01\x3f\
\x3c\
\x73\x76\x67\x20\x78\x6d\x6c\x6e\x73\x3d\x22\x68\x74\x74\x70\x3a\
\x2f\x2f\x77\x77\x77\x2e\x77\x33\x2e\x6f\x72\x67\x2f\x32\x30\x30\
\x30\x2f\x73\x76\x67\x22\x20\x77\x69\x64\x74\x68\x3d\x22\x32\x34\
\x22\x20\x68\x65\x69\x67\x68\x74\x3d\x22\x32\x34\x22\x20\x76\x69\
\x65\x77\x42\x6f\x78\x3d\x22\x30\x20\x30\x20\x32\x34\x20\x32\x34\
\x22\x20\x66\x69\x6c\x6c\x3d\x22\x6e\x6f\x6e\x65\x22\x20\x73\x74\
\x72\x6f\x6b\x65\x3d\x22\x63\x75\x72\x72\x65\x6e\x74\x43\x6f\x6c\
\x6f\x72\x22\x20\x73\x74\x72\x6f\x6b\x65\x2d\x77\x69\x64\x74\x68\
\x3d\x22\x32\x22\x20\x73\x74\x72\x6f\x6b\x65\x2d\x6c\x69\x6e\x65\
\x63\x61\x70\x3d\x22\x72\x6f\x75\x6e\x64\x22\x20\x73\x74\x72\x6f\
\x6b\x65\x2d\x6c\x69\x6e\x65\x6a\x6f\x69\x6e\x3d\x22\x72\x6f\x75\
\x6e\x64\x22\x3e\x3c\x72\x65\x63\x74\x20\x78\x3d\x22\x33\x22\x20\
\x79\x3d\x22\x33\x22\x20\x77\x69\x64\x74\x68\x3d\x22\x31\x38\x22\
\x20\x68\x65\x69\x67\x68\x74\x3d\x22\x31\x38\x22\x20\x72\x78\x3d\
\x22\x32\x22\x20\x72\x79\x3d\x22\x32\x22\x2f\x3e\x3c\x6c\x69\x6e\
\x65\x20\x78\x31\x3d\x22\x31\x32\x22\x20\x79\x31\x3d\x22\x38\x22\
\x20\x78\x32\x3d\x22\x31\x32\x22\x20\x79\x32\x3d\x22\x31\x36\x22\
\x2f\x3e\x3c\x6c\x69\x6e\x65\x20\x78\x31\x3d\x22\x38\x22\x20\x79\
\x31\x3d\x22\x31\x32\x22\x20\x78\x32\x3d\x22\x31\x36\x22\x20\x79\
\x32\x3d\x22\x31\x32\x22\x2f\x3e\x3c\x2f\x73\x76\x67\x3e\
\x00\x00\x01\x19\
\x3c\
\x73\x76\x67\x20\x78\x6d\x6c\x6e\x73\x3d\x22\x68\x74\x74\x70\x3a\
\x2f\x2f\x77\x77\x77\x2e\x77\x33\x2e\x6f\x72\x67\x2f\x32\x30\x30\
\x30\x2f\x73\x76\x67\x22\x20\x77\x69\x64\x74\x68\x3d\x22\x32\x34\
\x22\x20\x68\x65\x69\x67\x68\x74\x3d\x22\x32\x34\x22\x20\x76\x69\
\x65\x77\x42\x6f\x78\x3d\x22\x30\x20\x30\x20\x32\x34\x20\x32\x34\
\x22\x20\x66\x69\x6c\x6c\x3d\x22\x6e\x6f\x6e\x65\x22\x20\x73\x74\
\x72\x6f\x6b\x65\x3d\x22\x63\x75\x72\x72\x65\x6e\x74\x43\x6f\x6c\
\x6f\x72\x22\x20\x73\x74\x72\x6f\x6b\x65\x2d\x77\x69\x64\x74\x68\
\x3d\x22\x32\x22\x20\x73\x74\x72\x6f\x6b\x65\x2d\x6c\x69\x6e\x65\
\x63\x61\x70\x3d\x22\x72\x6f\x75\x6e\x64\x22\x20\x73\x74\x72\x6f\
\x6b\x65\x2d\x6c\x69\x6e\x65\x6a\x6f\x69\x6e\x3d\x22\x72\x6f\x75\
\x6e\x64\x22\x3e\x3c\x72\x65\x63\x74\x20\x78\x3d\x22\x33\x22\x20\
\x79\x3d\x22\x33\x22\x20\x77\x69\x64\x74\x68\x3d\x22\x31\x38\x22\
\x20\x68\x65\x69\x67\x68\x74\x3d\x22\x31\x38\x22\x20\x72\x78\x3d\
\x22\x32\x22\x20\x72\x79\x3d\x22\x32\x22\x2f\x3e\x3c\x6c\x69\x6e\
\x65\x20\x78\x31\x3d\x22\x38\x22\x20\x79\x31\x3d\x22\x31\x32\x22\
\x20\x78\x32\x3d\x22\x31\x36\x22\x20\x79\x32\x3d\x22\x31\x32\x22\
\x2f\x3e\x3c\x2f\x73\x76\x67\x3e\
\x00\x00\x01\x7f\
\x3c\
\x73\x76\x67\x20\x78\x6d\x6c\x6e\x73\x3d\x22\x68\x74\x74\x70\x3a\
\x2f\x2f\x77\x77\x77\x2e\x77\x33\x2e\x6f\x72\x67\x2f\x32\x30\x30\
\x30\x2f\x73\x76\x67\x22\x20\x77\x69\x64\x74\x68\x3d\x22\x32\x34\
\x22\x20\x68\x65\x69\x67\x68\x74\x3d\x22\x32\x34\x22\x20\x76\x69\
\x65\x77\x42\x6f\x78\x3d\x22\x30\x20\x30\x20\x32\x34\x20\x32\x34\
\x22\x20\x66\x69\x6c\x6c\x3d\x22\x6e\x6f\x6e\x65\x22\x20\x73\x74\
\x72\x6f\x6b\x65\x3d\x22\x63\x75\x72\x72\x65\x6e\x74\x43\x6f\x6c\
\x6f\x72\x22\x20\x73\x74\x72\x6f\x6b\x65\x2d\x77\x69\x64\x74\x68\
\x3d\x22\x32\x22\x20\x73\x74\x72\x6f\x6b\x65\x2d\x6c\x69\x6e\x65\
\x63\x61\x70\x3d\x22\x72\x6f\x75\x6e\x64\x22\x20\x73\x74\x72\x6f\
\x6b\x65\x2d\x6c\x69\x6e\x65\x6a\x6f\x69\x6e\x3d\x22\x72\x6f\x75\
\x6e\x64\x22\x3e\x3c\x70\x61\x74\x68\x20\x64\x3d\x22\x4d\x32\x31\
\x20\x31\x31\x2e\x35\x61\x38\x2e\x33\x38\x20\x38\x2e\x33\x38\x20\
\x30\x20\x30\x20\x31\x2d\x2e\x39\x20\x33\x2e\x38\x20\x38\x2e\x35\
\x20\x38\x2e\x35\x20\x30\x20\x30\x20\x31\x2d\x37\x2e\x36\x20\x34\
\x2e\x37\x20\x38\x2e\x33\x38\x20\x38\x2e\x33\x38\x20\x30\x20\x30\
\x20\x31\x2d\x33\x2e\x38\x2d\x2e\x39\x4c\x33\x20\x32\x31\x6c\x31\
\x2e\x39\x2d\x35\x2e\x37\x61\x38\x2e\x33\x38\x20\x38\x2e\x33\x38\
\x20\x30\x20\x30\x20\x31\x2d\x2e\x39\x2d\x33\x2e\x38\x20\x38\x2e\
\x35\x20\x38\x2e\x35\x20\x30\x20\x30\x20\x31\x20\x34\x2e\x37\x2d\
\x37\x2e\x36\x20\x38\x2e\x33\x38\x20\x38\x2e\x33\x38\x20\x30\x20\
\x30\x20\x31\x20\x33\x2e\x38\x2d\x2e\x39\x68\x2e\x35\x61\x38\x2e\
\x34\x38\x20\x38\x2e\x34\x38\x20\x30\x20\x30\x20\x31\x20\x38\x20\
\x38\x76\x2e\x35\x7a\x22\x2f\x3e\x3c\x2f\x73\x76\x67\x3e\
\x00\x00\x01\x38\
\x3c\
\x73\x76\x67\x20\x78\x6d\x6c\x6e\x73\x3d\x22\x68\x74\x74\x70\x3a\
\x2f\x2f\x77\x77\x77\x2e\x77\x33\x2e\x6f\x72\x67\x2f\x32\x30\x30\
\x30\x2f\x73\x76\x67\x22\x20\x77\x69\x64\x74\x68\x3d\x22\x32\x34\
\x22\x20\x68\x65\x69\x67\x68\x74\x3d\x22\x32\x34\x22\x20\x76\x69\
\x65\x77\x42\x6f\x78\x3d\x22\x30\x20\x30\x20\x32\x34\x20\x32\x34\
\x22\x20\x66\x69\x6c\x6c\x3d\x22\x6e\x6f\x6e\x65\x22\x20\x73\x74\
\x72\x6f\x6b\x65\x3d\x22\x63\x75\x72\x72\x65\x6e\x74\x43\x6f\x6c\
\x6f\x72\x22\x20\x73\x74\x72\x6f\x6b\x65\x2d\x77\x69\x64\x74\x68\
\x3d\x22\x32\x22\x20\x73\x74\x72\x6f\x6b\x65\x2d\x6c\x69\x6e\x65\
\x63\x61\x70\x3d\x22\x72\x6f\x75\x6e\x64\x22\x20\x73\x74\x72\x6f\
\x6b\x65\x2d\x6c\x69\x6e\x65\x6a\x6f\x69\x6e\x3d\x22\x72\x6f\x75\
\x6e\x64\x22\x3e\x3c\x70\x61\x74\x68\x20\x64\x3d\x22\x4d\x32\x32\
\x20\x31\x39\x61\x32\x20\x32\x20\x30\x20\x30\x20\x31\x2d\x32\x20\
\x32\x48\x34\x61\x32\x20\x32\x20\x30\x20\x30\x20\x31\x2d\x32\x2d\
\x32\x56\x35\x61\x32\x20\x32\x20\x30\x20\x30\x20\x31\x20\x32\x2d\
\x32\x68\x35\x6c\x32\x20\x33\x68\x39\x61\x32\x20\x32\x20\x30\x20\
\x30\x20\x31\x20\x32\x20\x32\x7a\x22\x2f\x3e\x3c\x6c\x69\x6e\x65\
\x20\x78\x31\x3d\x22\x39\x22\x20\x79\x31\x3d\x22\x31\x34\x22\x20\
\x78\x32\x3d\x22\x31\x35\x22\x20\x79\x32\x3d\x22\x31\x34\x22\x2f\
\x3e\x3c\x2f\x73\x76\x67\x3e\
\x00\x00\x01\xf9\
\x3c\
\x73\x76\x67\x20\x78\x6d\x6c\x6e\x73\x3d\x22\x68\x74\x74\x70\x3a\
\x2f\x2f\x77\x77\x77\x2e\x77\x33\x2e\x6f\x72\x67\x2f\x32\x30\x30\
\x30\x2f\x73\x76\x67\x22\x20\x77\x69\x64\x74\x68\x3d\x22\x32\x34\
\x22\x20\x68\x65\x69\x67\x68\x74\x3d\x22\x32\x34\x22\x20\x76\x69\
\x65\x77\x42\x6f\x78\x3d\x22\x30\x20\x30\x20\x32\x34\x20\x32\x34\
\x22\x20\x66\x69\x6c\x6c\x3d\x22\x6e\x6f\x6e\x65\x22\x20\x73\x74\
\x72\x6f\x6b\x65\x3d\x22\x63\x75\x72\x72\x65\x6e\x74\x43\x6f\x6c\
\x6f\x72\x22\x20\x73\x74\x72\x6f\x6b\x65\x2d\x77\x69\x64\x74\x68\
\x3d\x22\x32\x22\x20\x73\x74\x72\x6f\x6b\x65\x2d\x6c\x69\x6e\x65\
\x63\x61\x70\x3d\x22\x72\x6f\x75\x6e\x64\x22\x20\x73\x74\x72\x6f\
\x6b\x65\x2d\x6c\x69\x6e\x65\x6a\x6f\x69\x6e\x3d\x22\x72\x6f\x75\
\x6e\x64\x22\x3e\x3c\x70\x61\x74\x68\x20\x64\x3d\x22\x4d\x31\x37\
\x20\x31\x38\x61\x35\x20\x35\x20\x30\x20\x30\x20\x30\x2d\x31\x30\
\x20\x30\x22\x2f\x3e\x3c\x6c\x69\x6e\x65\x20\x78\x31\x3d\x22\x31\
\x32\x22\x20\x79\x31\x3d\x22\x32\x22\x20\x78\x32\x3d\x22\x31\x32\
\x22\x20\x79\x32\x3d\x22\x39\x22\x2f\x3e\x3c\x6c\x69\x6e\x65\x20\
\x78\x31\x3d\x22\x34\x2e\x32\x32\x22\x20\x79\x31\x3d\x22\x31\x30\
\x2e\x32\x32\x22\x20\x78\x32\x3d\x22\x35\x2e\x36\x34\x22\x20\x79\
\x32\x3d\x22\x31\x31\x2e\x36\x34\x22\x2f\x3e\x3c\x6c\x69\x6e\x65\
\x20\x78\x31\x3d\x22\x31\x22\x20\x79\x31\x3d\x22\x31\x38\x22\x20\
\x78\x32\x3d\x22\x33\x22\x20\x79\x32\x3d\x22\x31\x38\x22\x2f\x3e\
\x3c\x6c\x69\x6e\x65\x20\x78\x31\x3d\x22\x32\x31\x22\x20\x79\x31\
\x3d\x22\x31\x38\x22\x20\x78\x32\x3d\x22\x32\x33\x22\x20\x79\x32\
\x3d\x22\x31\x38\x22\x2f\x3e\x3c\x6c\x69\x6e\x65\x20\x78\x31\x3d\
\x22\x31\x38\x2e\x33\x36\x22\x20\x79\x31\x3d\x22\x31\x31\x2e\x36\
\x34\x22\x20\x78\x32\x3d\x22\x31\x39\x2e\x37\x38\x22\x20\x79\x32\
\x3d\x22\x31\x30\x2e\x32\x32\x22\x2f\x3e\x3c\x6c\x69\x6e\x65\x20\
\x78\x31\x3d\x22\x32\x33\x22\x20\x79\x31\x3d\x22\x32\x32\x22\x20\
\x78\x32\x3d\x22\x31\x22\x20\x79\x32\x3d\x22\x32\x32\x22\x2f\x3e\
\x3c\x70\x6f\x6c\x79\x6c\x69\x6e\x65\x20\x70\x6f\x69\x6e\x74\x73\
\x3d\x22\x38\x20\x36\x20\x31\x32\x20\x32\x20\x31\x36\x20\x36\x22\
\x2f\x3e\x3c\x2f\x73\x76\x67\x3e\
\x00\x00\x01\x2d\
\x3c\
\x73\x76\x67\x20\x78\x6d\x6c\x6e\x73\x3d\x22\x68\x74\x74\x70\x3a\
\x2f\x2f\x77\x77\x77\x2e\x77\x33\x2e\x6f\x72\x67\x2f\x32\x30\x30\
\x30\x2f\x73\x76\x67\x22\x20\x77\x69\x64\x74\x68\x3d\x22\x32\x34\
\x22\x20\x68\x65\x69\x67\x68\x74\x3d\x22\x32\x34\x22\x20\x76\x69\
\x65\x77\x42\x6f\x78\x3d\x22\x30\x20\x30\x20\x32\x34\x20\x32\x34\
\x22\x20\x66\x69\x6c\x6c\x3d\x22\x6e\x6f\x6e\x65\x22\x20\x73\x74\
\x72\x6f\x6b\x65\x3d\x22\x63\x75\x72\x72\x65\x6e\x74\x43\x6f\x6c\
\x6f\x72\x22\x20\x73\x74\x72\x6f\x6b\x65\x2d\x77\x69\x64\x74\x68\
\x3d\x22\x32\x22\x20\x73\x74\x72\x6f\x6b\x65\x2d\x6c\x69\x6e\x65\
\x63\x61\x70\x3d\x22\x72\x6f\x75\x6e\x64\x22\x20\x73\x74\x72\x6f\
\x6b\x65\x2d\x6c\x69\x6e\x65\x6a\x6f\x69\x6e\x3d\x22\x72\x6f\x75\
\x6e\x64\x22\x3e\x3c\x70\x6f\x6c\x79\x6c\x69\x6e\x65\x20\x70\x6f\
\x69\x6e\x74\x73\x3d\x22\x34\x20\x37\x20\x34\x20\x34\x20\x32\x30\
\x20\x34\x20\x32\x30\x20\x37\x22\x2f\x3e\x3c\x6c\x69\x6e\x65\x20\
\x78\x31\x3d\x22\x39\x22\x20\x79\x31\x3d\x22\x32\x30\x22\x20\x78\
\x32\x3d\x22\x31\x35\x22\x20\x79\x32\x3d\x22\x32\x30\x22\x2f\x3e\
\x3c\x6c\x69\x6e\x65\x20\x78\x31\x3d\x22\x31\x32\x22\x20\x79\x31\
\x3d\x22\x34\x22\x20\x78\x32\x3d\x22\x31\x32\x22\x20\x79\x32\x3d\
\x22\x32\x30\x22\x2f\x3e\x3c\x2f\x73\x76\x67\x3e\
\x00\x00\x01\x05\
\x3c\
\x73\x76\x67\x20\x78\x6d\x6c\x6e\x73\x3d\x22\x68\x74\x74\x70\x3a\
\x2f\x2f\x77\x77\x77\x2e\x77\x33\x2e\x6f\x72\x67\x2f\x32\x30\x30\
\x30\x2f\x73\x76\x67\x22\x20\x77\x69\x64\x74\x68\x3d\x22\x32\x34\
\x22\x20\x68\x65\x69\x67\x68\x74\x3d\x22\x32\x34\x22\x20\x76\x69\
\x65\x77\x42\x6f\x78\x3d\x22\x30\x20\x30\x20\x32\x34\x20\x32\x34\
\x22\x20\x66\x69\x6c\x6c\x3d\x22\x6e\x6f\x6e\x65\x22\x20\x73\x74\
\x72\x6f\x6b\x65\x3d\x22\x63\x75\x72\x72\x65\x6e\x74\x43\x6f\x6c\
\x6f\x72\x22\x20\x73\x74\x72\x6f\x6b\x65\x2d\x77\x69\x64\x74\x68\
\x3d\x22\x32\x22\x20\x73\x74\x72\x6f\x6b\x65\x2d\x6c\x69\x6e\x65\
\x63\x61\x70\x3d\x22\x72\x6f\x75\x6e\x64\x22\x20\x73\x74\x72\x6f\
\x6b\x65\x2d\x6c\x69\x6e\x65\x6a\x6f\x69\x6e\x3d\x22\x72\x6f\x75\
\x6e\x64\x22\x3e\x3c\x6c\x69\x6e\x65\x20\x78\x31\x3d\x22\x31\x38\
\x22\x20\x79\x31\x3d\x22\x36\x22\x20\x78\x32\x3d\x22\x36\x22\x20\
\x79\x32\x3d\x22\x31\x38\x22\x2f\x3e\x3c\x6c\x69\x6e\x65\x20\x78\
\x31\x3d\x22\x36\x22\x20\x79\x31\x3d\x22\x36\x22\x20\x78\x32\x3d\
\x22\x31\x38\x22\x20\x79\x32\x3d\x22\x31\x38\x22\x2f\x3e\x3c\x2f\
\x73\x76\x67\x3e\
\x00\x00\x00\xf5\
\x3c\
\x73\x76\x67\x20\x78\x6d\x6c\x6e\x73\x3d\x22\x68\x74\x74\x70\x3a\
\x2f\x2f\x77\x77\x77\x2e\x77\x33\x2e\x6f\x72\x67\x2f\x32\x30\x30\
\x30\x2f\x73\x76\x67\x22\x20\x77\x69\x64\x74\x68\x3d\x22\x32\x34\
\x22\x20\x68\x65\x69\x67\x68\x74\x3d\x22\x32\x34\x22\x20\x76\x69\
\x65\x77\x42\x6f\x78\x3d\x22\x30\x20\x30\x20\x32\x34\x20\x32\x34\
\x22\x20\x66\x69\x6c\x6c\x3d\x22\x6e\x6f\x6e\x65\x22\x20\x73\x74\
\x72\x6f\x6b\x65\x3d\x22\x63\x75\x72\x72\x65\x6e\x74\x43\x6f\x6c\
\x6f\x72\x22\x20\x73\x74\x72\x6f\x6b\x65\x2d\x77\x69\x64\x74\x68\
\x3d\x22\x32\x22\x20\x73\x74\x72\x6f\x6b\x65\x2d\x6c\x69\x6e\x65\
\x63\x61\x70\x3d\x22\x72\x6f\x75\x6e\x64\x22\x20\x73\x74\x72\x6f\
\x6b\x65\x2d\x6c\x69\x6e\x65\x6a\x6f\x69\x6e\x3d\x22\x72\x6f\x75\
\x6e\x64\x22\x3e\x3c\x70\x6f\x6c\x79\x67\x6f\x6e\x20\x70\x6f\x69\
\x6e\x74\x73\x3d\x22\x31\x33\x20\x32\x20\x33\x20\x31\x34\x20\x31\
\x32\x20\x31\x34\x20\x31\x31\x20\x32\x32\x20\x32\x31\x20\x31\x30\
\x20\x31\x32\x20\x31\x30\x20\x31\x33\x20\x32\x22\x2f\x3e\x3c\x2f\
\x73\x76\x67\x3e\
\x00\x00\x00\xfa\
\x3c\
\x73\x76\x67\x20\x78\x6d\x6c\x6e\x73\x3d\x22\x68\x74\x74\x70\x3a\
\x2f\x2f\x77\x77\x77\x2e\x77\x33\x2e\x6f\x72\x67\x2f\x32\x30\x30\
\x30\x2f\x73\x76\x67\x22\x20\x77\x69\x64\x74\x68\x3d\x22\x32\x34\
\x22\x20\x68\x65\x69\x67\x68\x74\x3d\x22\x32\x34\x22\x20\x76\x69\
\x65\x77\x42\x6f\x78\x3d\x22\x30\x20\x30\x20\x32\x34\x20\x32\x34\
\x22\x20\x66\x69\x6c\x6c\x3d\x22\x6e\x6f\x6e\x65\x22\x20\x73\x74\
\x72\x6f\x6b\x65\x3d\x22\x63\x75\x72\x72\x65\x6e\x74\x43\x6f\x6c\
\x6f\x72\x22\x20\x73\x74\x72\x6f\x6b\x65\x2d\x77\x69\x64\x74\x68\
\x3d\x22\x32\x22\x20\x73\x74\x72\x6f\x6b\x65\x2d\x6c\x69\x6e\x65\
\x63\x61\x70\x3d\x22\x72\x6f\x75\x6e\x64\x22\x20\x73\x74\x72\x6f\
\x6b\x65\x2d\x6c\x69\x6e\x65\x6a\x6f\x69\x6e\x3d\x22\x72\x6f\x75\
\x6e\x64\x22\x3e\x3c\x63\x69\x72\x63\x6c\x65\x20\x63\x78\x3d\x22\
\x31\x32\x22\x20\x63\x79\x3d\x22\x31\x32\x22\x20\x72\x3d\x22\x31\
\x30\x22\x2f\x3e\x3c\x63\x69\x72\x63\x6c\x65\x20\x63\x78\x3d\x22\
\x31\x32\x22\x20\x63\x79\x3d\x22\x31\x32\x22\x20\x72\x3d\x22\x33\
\x22\x2f\x3e\x3c\x2f\x73\x76\x67\x3e\
\x00\x00\x01\x9b\
\x3c\
\x73\x76\x67\x20\x78\x6d\x6c\x6e\x73\x3d\x22\x68\x74\x74\x70\x3a\
\x2f\x2f\x77\x77\x77\x2e\x77\x33\x2e\x6f\x72\x67\x2f\x32\x30\x30\
\x30\x2f\x73\x76\x67\x22\x20\x77\x69\x64\x74\x68\x3d\x22\x32\x34\
\x22\x20\x68\x65\x69\x67\x68\x74\x3d\x22\x32\x34\x22\x20\x76\x69\
\x65\x77\x42\x6f\x78\x3d\x22\x30\x20\x30\x20\x32\x34\x20\x32\x34\
\x22\x20\x66\x69\x6c\x6c\x3d\x22\x6e\x6f\x6e\x65\x22\x20\x73\x74\
\x72\x6f\x6b\x65\x3d\x22\x23\x39\x61\x61\x34\x61\x65\x22\x20\x73\
\x74\x72\x6f\x6b\x65\x2d\x77\x69\x64\x74\x68\x3d\x22\x32\x22\x20\
\x73\x74\x72\x6f\x6b\x65\x2d\x6c\x69\x6e\x65\x63\x61\x70\x3d\x22\
\x72\x6f\x75\x6e\x64\x22\x20\x73\x74\x72\x6f\x6b\x65\x2d\x6c\x69\
\x6e\x65\x6a\x6f\x69\x6e\x3d\x22\x72\x6f\x75\x6e\x64\x22\x3e\x3c\
\x70\x61\x74\x68\x20\x64\x3d\x22\x4d\x31\x37\x2e\x39\x34\x20\x31\
\x37\x2e\x39\x34\x41\x31\x30\x2e\x30\x37\x20\x31\x30\x2e\x30\x37\
\x20\x30\x20\x30\x20\x31\x20\x31\x32\x20\x32\x30\x63\x2d\x37\x20\
\x30\x2d\x31\x31\x2d\x38\x2d\x31\x31\x2d\x38\x61\x31\x38\x2e\x34\
\x35\x20\x31\x38\x2e\x34\x35\x20\x30\x20\x30\x20\x31\x20\x35\x2e\
\x30\x36\x2d\x35\x2e\x39\x34\x4d\x39\x2e\x39\x20\x34\x2e\x32\x34\
\x41\x39\x2e\x31\x32\x20\x39\x2e\x31\x32\x20\x30\x20\x30\x20\x31\
\x20\x31\x32\x20\x34\x63\x37\x20\x30\x20\x31\x31\x20\x38\x20\x31\
\x31\x20\x38\x61\x31\x38\x2e\x35\x20\x31\x38\x2e\x35\x20\x30\x20\
\x30\x20\x31\x2d\x32\x2e\x31\x36\x20\x33\x2e\x31\x39\x6d\x2d\x36\
\x2e\x37\x32\x2d\x31\x2e\x30\x37\x61\x33\x20\x33\x20\x30\x20\x31\
\x20\x31\x2d\x34\x2e\x32\x34\x2d\x34\x2e\x32\x34\x22\x2f\x3e\x3c\
\x6c\x69\x6e\x65\x20\x78\x31\x3d\x22\x31\x22\x20\x79\x31\x3d\x22\
\x31\x22\x20\x78\x32\x3d\x22\x32\x33\x22\x20\x79\x32\x3d\x22\x32\
\x33\x22\x2f\x3e\x3c\x2f\x73\x76\x67\x3e\
\x00\x00\x01\xa1\
\x3c\
\x73\x76\x67\x20\x78\x6d\x6c\x6e\x73\x3d\x22\x68\x74\x74\x70\x3a\
\x2f\x2f\x77\x77\x77\x2e\x77\x33\x2e\x6f\x72\x67\x2f\x32\x30\x30\
\x30\x2f\x73\x76\x67\x22\x20\x77\x69\x64\x74\x68\x3d\x22\x32\x34\
\x22\x20\x68\x65\x69\x67\x68\x74\x3d\x22\x32\x34\x22\x20\x76\x69\
\x65\x77\x42\x6f\x78\x3d\x22\x30\x20\x30\x20\x32\x34\x20\x32\x34\
\x22\x20\x66\x69\x6c\x6c\x3d\x22\x6e\x6f\x6e\x65\x22\x20\x73\x74\
\x72\x6f\x6b\x65\x3d\x22\x63\x75\x72\x72\x65\x6e\x74\x43\x6f\x6c\
\x6f\x72\x22\x20\x73\x74\x72\x6f\x6b\x65\x2d\x77\x69\x64\x74\x68\
\x3d\x22\x32\x22\x20\x73\x74\x72\x6f\x6b\x65\x2d\x6c\x69\x6e\x65\
\x63\x61\x70\x3d\x22\x72\x6f\x75\x6e\x64\x22\x20\x73\x74\x72\x6f\
\x6b\x65\x2d\x6c\x69\x6e\x65\x6a\x6f\x69\x6e\x3d\x22\x72\x6f\x75\
\x6e\x64\x22\x3e\x3c\x6c\x69\x6e\x65\x20\x78\x31\x3d\x22\x38\x22\
\x20\x79\x31\x3d\x22\x36\x22\x20\x78\x32\x3d\x22\x32\x31\x22\x20\
\x79\x32\x3d\x22\x36\x22\x2f\x3e\x3c\x6c\x69\x6e\x65\x20\x78\x31\
\x3d\x22\x38\x22\x20\x79\x31\x3d\x22\x31\x32\x22\x20\x78\x32\x3d\
\x22\x32\x31\x22\x20\x79\x32\x3d\x22\x31\x32\x22\x2f\x3e\x3c\x6c\
\x69\x6e\x65\x20\x78\x31\x3d\x22\x38\x22\x20\x79\x31\x3d\x22\x31\
\x38\x22\x20\x78\x32\x3d\x22\x32\x31\x22\x20\x79\x32\x3d\x22\x31\
\x38\x22\x2f\x3e\x3c\x6c\x69\x6e\x65\x20\x78\x31\x3d\x22\x33\x22\
\x20\x79\x31\x3d\x22\x36\x22\x20\x78\x32\x3d\x22\x33\x2e\x30\x31\
\x22\x20\x79\x32\x3d\x22\x36\x22\x2f\x3e\x3c\x6c\x69\x6e\x65\x20\
\x78\x31\x3d\x22\x33\x22\x20\x79\x31\x3d\x22\x31\x32\x22\x20\x78\
\x32\x3d\x22\x33\x2e\x30\x31\x22\x20\x79\x32\x3d\x22\x31\x32\x22\
\x2f\x3e\x3c\x6c\x69\x6e\x65\x20\x78\x31\x3d\x22\x33\x22\x20\x79\
\x31\x3d\x22\x31\x38\x22\x20\x78\x32\x3d\x22\x33\x2e\x30\x31\x22\
\x20\x79\x32\x3d\x22\x31\x38\x22\x2f\x3e\x3c\x2f\x73\x76\x67\x3e\
\
\x00\x00\x02\x2e\
\x3c\
\x73\x76\x67\x20\x78\x6d\x6c\x6e\x73\x3d\x22\x68\x74\x74\x70\x3a\
\x2f\x2f\x77\x77\x77\x2e\x77\x33\x2e\x6f\x72\x67\x2f\x32\x30\x30\
\x30\x2f\x73\x76\x67\x22\x20\x77\x69\x64\x74\x68\x3d\x22\x32\x34\
\x22\x20\x68\x65\x69\x67\x68\x74\x3d\x22\x32\x34\x22\x20\x76\x69\
\x65\x77\x42\x6f\x78\x3d\x22\x30\x20\x30\x20\x32\x34\x20\x32\x34\
\x22\x20\x66\x69\x6c\x6c\x3d\x22\x6e\x6f\x6e\x65\x22\x20\x73\x74\
\x72\x6f\x6b\x65\x3d\x22\x63\x75\x72\x72\x65\x6e\x74\x43\x6f\x6c\
\x6f\x72\x22\x20\x73\x74\x72\x6f\x6b\x65\x2d\x77\x69\x64\x74\x68\
\x3d\x22\x32\x22\x20\x73\x74\x72\x6f\x6b\x65\x2d\x6c\x69\x6e\x65\
\x63\x61\x70\x3d\x22\x72\x6f\x75\x6e\x64\x22\x20\x73\x74\x72\x6f\
\x6b\x65\x2d\x6c\x69\x6e\x65\x6a\x6f\x69\x6e\x3d\x22\x72\x6f\x75\
\x6e\x64\x22\x3e\x3c\x6c\x69\x6e\x65\x20\x78\x31\x3d\x22\x32\x33\
\x22\x20\x79\x31\x3d\x22\x31\x22\x20\x78\x32\x3d\x22\x31\x37\x22\
\x20\x79\x32\x3d\x22\x37\x22\x2f\x3e\x3c\x6c\x69\x6e\x65\x20\x78\
\x31\x3d\x22\x31\x37\x22\x20\x79\x31\x3d\x22\x31\x22\x20\x78\x32\
\x3d\x22\x32\x33\x22\x20\x79\x32\x3d\x22\x37\x22\x2f\x3e\x3c\x70\
\x61\x74\x68\x20\x64\x3d\x22\x4d\x32\x32\x20\x31\x36\x2e\x39\x32\
\x76\x33\x61\x32\x20\x32\x20\x30\x20\x30\x20\x31\x2d\x32\x2e\x31\
\x38\x20\x32\x20\x31\x39\x2e\x37\x39\x20\x31\x39\x2e\x37\x39\x20\
\x30\x20\x30\x20\x31\x2d\x38\x2e\x36\x33\x2d\x33\x2e\x30\x37\x20\
\x31\x39\x2e\x35\x20\x31\x39\x2e\x35\x20\x30\x20\x30\x20\x31\x2d\
\x36\x2d\x36\x20\x31\x39\x2e\x37\x39\x20\x31\x39\x2e\x37\x39\x20\
\x30\x20\x30\x20\x31\x2d\x33\x2e\x30\x37\x2d\x38\x2e\x36\x37\x41\
\x32\x20\x32\x20\x30\x20\x30\x20\x31\x20\x34\x2e\x31\x31\x20\x32\
\x68\x33\x61\x32\x20\x32\x20\x30\x20\x30\x20\x31\x20\x32\x20\x31\
\x2e\x37\x32\x20\x31\x32\x2e\x38\x34\x20\x31\x32\x2e\x38\x34\x20\
\x30\x20\x30\x20\x30\x20\x2e\x37\x20\x32\x2e\x38\x31\x20\x32\x20\
\x32\x20\x30\x20\x30\x20\x31\x2d\x2e\x34\x35\x20\x32\x2e\x31\x31\
\x4c\x38\x2e\x30\x39\x20\x39\x2e\x39\x31\x61\x31\x36\x20\x31\x36\
\x20\x30\x20\x30\x20\x30\x20\x36\x20\x36\x6c\x31\x2e\x32\x37\x2d\
\x31\x2e\x32\x37\x61\x32\x20\x32\x20\x30\x20\x30\x20\x31\x20\x32\
\x2e\x31\x31\x2d\x2e\x34\x35\x20\x31\x32\x2e\x38\x34\x20\x31\x32\
\x2e\x38\x34\x20\x30\x20\x30\x20\x30\x20\x32\x2e\x38\x31\x2e\x37\
\x41\x32\x20\x32\x20\x30\x20\x30\x20\x31\x20\x32\x32\x20\x31\x36\
\x2e\x39\x32\x7a\x22\x2f\x3e\x3c\x2f\x73\x76\x67\x3e\
\x00\x00\x00\xdf\
\x3c\
\x73\x76\x67\x20\x78\x6d\x6c\x6e\x73\x3d\x22\x68\x74\x74\x70\x3a\
\x2f\x2f\x77\x77\x77\x2e\x77\x33\x2e\x6f\x72\x67\x2f\x32\x30\x30\
\x30\x2f\x73\x76\x67\x22\x20\x77\x69\x64\x74\x68\x3d\x22\x32\x34\
\x22\x20\x68\x65\x69\x67\x68\x74\x3d\x22\x32\x34\x22\x20\x76\x69\
\x65\x77\x42\x6f\x78\x3d\x22\x30\x20\x30\x20\x32\x34\x20\x32\x34\
\x22\x20\x66\x69\x6c\x6c\x3d\x22\x6e\x6f\x6e\x65\x22\x20\x73\x74\
\x72\x6f\x6b\x65\x3d\x22\x63\x75\x72\x72\x65\x6e\x74\x43\x6f\x6c\
\x6f\x72\x22\x20\x73\x74\x72\x6f\x6b\x65\x2d\x77\x69\x64\x74\x68\
\x3d\x22\x32\x22\x20\x73\x74\x72\x6f\x6b\x65\x2d\x6c\x69\x6e\x65\
\x63\x61\x70\x3d\x22\x72\x6f\x75\x6e\x64\x22\x20\x73\x74\x72\x6f\
\x6b\x65\x2d\x6c\x69\x6e\x65\x6a\x6f\x69\x6e\x3d\x22\x72\x6f\x75\
\x6e\x64\x22\x3e\x3c\x70\x6f\x6c\x79\x6c\x69\x6e\x65\x20\x70\x6f\
\x69\x6e\x74\x73\x3d\x22\x31\x35\x20\x31\x38\x20\x39\x20\x31\x32\
\x20\x31\x35\x20\x36\x22\x2f\x3e\x3c\x2f\x73\x76\x67\x3e\
\x00\x00\x01\x3a\
\x3c\
\x73\x76\x67\x20\x78\x6d\x6c\x6e\x73\x3d\x22\x68\x74\x74\x70\x3a\
\x2f\x2f\x77\x77\x77\x2e\x77\x33\x2e\x6f\x72\x67\x2f\x32\x30\x30\
\x30\x2f\x73\x76\x67\x22\x20\x77\x69\x64\x74\x68\x3d\x22\x32\x34\
\x22\x20\x68\x65\x69\x67\x68\x74\x3d\x22\x32\x34\x22\x20\x76\x69\
\x65\x77\x42\x6f\x78\x3d\x22\x30\x20\x30\x20\x32\x34\x20\x32\x34\
\x22\x20\x66\x69\x6c\x6c\x3d\x22\x6e\x6f\x6e\x65\x22\x20\x73\x74\
\x72\x6f\x6b\x65\x3d\x22\x63\x75\x72\x72\x65\x6e\x74\x43\x6f\x6c\
\x6f\x72\x22\x20\x73\x74\x72\x6f\x6b\x65\x2d\x77\x69\x64\x74\x68\
\x3d\x22\x32\x22\x20\x73\x74\x72\x6f\x6b\x65\x2d\x6c\x69\x6e\x65\
\x63\x61\x70\x3d\x22\x72\x6f\x75\x6e\x64\x22\x20\x73\x74\x72\x6f\
\x6b\x65\x2d\x6c\x69\x6e\x65\x6a\x6f\x69\x6e\x3d\x22\x72\x6f\x75\
\x6e\x64\x22\x3e\x3c\x72\x65\x63\x74\x20\x78\x3d\x22\x34\x22\x20\
\x79\x3d\x22\x32\x22\x20\x77\x69\x64\x74\x68\x3d\x22\x31\x36\x22\
\x20\x68\x65\x69\x67\x68\x74\x3d\x22\x32\x30\x22\x20\x72\x78\x3d\
\x22\x32\x22\x20\x72\x79\x3d\x22\x32\x22\x2f\x3e\x3c\x63\x69\x72\
\x63\x6c\x65\x20\x63\x78\x3d\x22\x31\x32\x22\x20\x63\x79\x3d\x22\
\x31\x34\x22\x20\x72\x3d\x22\x34\x22\x2f\x3e\x3c\x6c\x69\x6e\x65\
\x20\x78\x31\x3d\x22\x31\x32\x22\x20\x79\x31\x3d\x22\x36\x22\x20\
\x78\x32\x3d\x22\x31\x32\x2e\x30\x31\x22\x20\x79\x32\x3d\x22\x36\
\x22\x2f\x3e\x3c\x2f\x73\x76\x67\x3e\
\x00\x00\x01\x17\
\x3c\
\x73\x76\x67\x20\x78\x6d\x6c\x6e\x73\x3d\x22\x68\x74\x74\x70\x3a\
\x2f\x2f\x77\x77\x77\x2e\x77\x33\x2e\x6f\x72\x67\x2f\x32\x30\x30\
\x30\x2f\x73\x76\x67\x22\x20\x77\x69\x64\x74\x68\x3d\x22\x32\x34\
\x22\x20\x68\x65\x69\x67\x68\x74\x3d\x22\x32\x34\x22\x20\x76\x69\
\x65\x77\x42\x6f\x78\x3d\x22\x30\x20\x30\x20\x32\x34\x20\x32\x34\
\x22\x20\x66\x69\x6c\x6c\x3d\x22\x6e\x6f\x6e\x65\x22\x20\x73\x74\
\x72\x6f\x6b\x65\x3d\x22\x63\x75\x72\x72\x65\x6e\x74\x43\x6f\x6c\
\x6f\x72\x22\x20\x73\x74\x72\x6f\x6b\x65\x2d\x77\x69\x64\x74\x68\
\x3d\x22\x32\x22\x20\x73\x74\x72\x6f\x6b\x65\x2d\x6c\x69\x6e\x65\
\x63\x61\x70\x3d\x22\x72\x6f\x75\x6e\x64\x22\x20\x73\x74\x72\x6f\
\x6b\x65\x2d\x6c\x69\x6e\x65\x6a\x6f\x69\x6e\x3d\x22\x72\x6f\x75\
\x6e\x64\x22\x3e\x3c\x63\x69\x72\x63\x6c\x65\x20\x63\x78\x3d\x22\
\x31\x32\x22\x20\x63\x79\x3d\x22\x31\x32\x22\x20\x72\x3d\x22\x31\
\x22\x2f\x3e\x3c\x63\x69\x72\x63\x6c\x65\x20\x63\x78\x3d\x22\x31\
\x32\x22\x20\x63\x79\x3d\x22\x35\x22\x20\x72\x3d\x22\x31\x22\x2f\
\x3e\x3c\x63\x69\x72\x63\x6c\x65\x20\x63\x78\x3d\x22\x31\x32\x22\
\x20\x63\x79\x3d\x22\x31\x39\x22\x20\x72\x3d\x22\x31\x22\x2f\x3e\
\x3c\x2f\x73\x76\x67\x3e\
\x00\x00\x01\x3a\
\x3c\
\x73\x76\x67\x20\x78\x6d\x6c\x6e\x73\x3d\x22\x68\x74\x74\x70\x3a\
\x2f\x2f\x77\x77\x77\x2e\x77\x33\x2e\x6f\x72\x67\x2f\x32\x30\x30\
\x30\x2f\x73\x76\x67\x22\x20\x77\x69\x64\x74\x68\x3d\x22\x32\x34\
\x22\x20\x68\x65\x69\x67\x68\x74\x3d\x22\x32\x34\x22\x20\x76\x69\
\x65\x77\x42\x6f\x78\x3d\x22\x30\x20\x30\x20\x32\x34\x20\x32\x34\
\x22\x20\x66\x69\x6c\x6c\x3d\x22\x6e\x6f\x6e\x65\x22\x20\x73\x74\
\x72\x6f\x6b\x65\x3d\x22\x63\x75\x72\x72\x65\x6e\x74\x43\x6f\x6c\
\x6f\x72\x22\x20\x73\x74\x72\x6f\x6b\x65\x2d\x77\x69\x64\x74\x68\
\x3d\x22\x32\x22\x20\x73\x74\x72\x6f\x6b\x65\x2d\x6c\x69\x6e\x65\
\x63\x61\x70\x3d\x22\x72\x6f\x75\x6e\x64\x22\x20\x73\x74\x72\x6f\
\x6b\x65\x2d\x6c\x69\x6e\x65\x6a\x6f\x69\x6e\x3d\x22\x72\x6f\x75\
\x6e\x64\x22\x3e\x3c\x70\x61\x74\x68\x20\x64\x3d\x22\x4d\x31\x34\
\x20\x39\x56\x35\x61\x33\x20\x33\x20\x30\x20\x30\x20\x30\x2d\x33\
\x2d\x33\x6c\x2d\x34\x20\x39\x76\x31\x31\x68\x31\x31\x2e\x32\x38\
\x61\x32\x20\x32\x20\x30\x20\x30\x20\x30\x20\x32\x2d\x31\x2e\x37\
\x6c\x31\x2e\x33\x38\x2d\x39\x61\x32\x20\x32\x20\x30\x20\x30\x20\
\x30\x2d\x32\x2d\x32\x2e\x33\x7a\x4d\x37\x20\x32\x32\x48\x34\x61\
\x32\x20\x32\x20\x30\x20\x30\x20\x31\x2d\x32\x2d\x32\x76\x2d\x37\
\x61\x32\x20\x32\x20\x30\x20\x30\x20\x31\x20\x32\x2d\x32\x68\x33\
\x22\x2f\x3e\x3c\x2f\x73\x76\x67\x3e\
\x00\x00\x01\x6a\
\x3c\
\x73\x76\x67\x20\x78\x6d\x6c\x6e\x73\x3d\x22\x68\x74\x74\x70\x3a\
\x2f\x2f\x77\x77\x77\x2e\x77\x33\x2e\x6f\x72\x67\x2f\x32\x30\x30\
\x30\x2f\x73\x76\x67\x22\x20\x77\x69\x64\x74\x68\x3d\x22\x32\x34\
\x22\x20\x68\x65\x69\x67\x68\x74\x3d\x22\x32\x34\x22\x20\x76\x69\
\x65\x77\x42\x6f\x78\x3d\x22\x30\x20\x30\x20\x32\x34\x20\x32\x34\
\x22\x20\x66\x69\x6c\x6c\x3d\x22\x6e\x6f\x6e\x65\x22\x20\x73\x74\
\x72\x6f\x6b\x65\x3d\x22\x63\x75\x72\x72\x65\x6e\x74\x43\x6f\x6c\
\x6f\x72\x22\x20\x73\x74\x72\x6f\x6b\x65\x2d\x77\x69\x64\x74\x68\
\x3d\x22\x32\x22\x20\x73\x74\x72\x6f\x6b\x65\x2d\x6c\x69\x6e\x65\
\x63\x61\x70\x3d\x22\x72\x6f\x75\x6e\x64\x22\x20\x73\x74\x72\x6f\
\x6b\x65\x2d\x6c\x69\x6e\x65\x6a\x6f\x69\x6e\x3d\x22\x72\x6f\x75\
\x6e\x64\x22\x3e\x3c\x6c\x69\x6e\x65\x20\x78\x31\x3d\x22\x31\x36\
\x22\x20\x79\x31\x3d\x22\x31\x33\x22\x20\x78\x32\x3d\x22\x31\x36\
\x22\x20\x79\x32\x3d\x22\x32\x31\x22\x2f\x3e\x3c\x6c\x69\x6e\x65\
\x20\x78\x31\x3d\x22\x38\x22\x20\x79\x31\x3d\x22\x31\x33\x22\x20\
\x78\x32\x3d\x22\x38\x22\x20\x79\x32\x3d\x22\x32\x31\x22\x2f\x3e\
\x3c\x6c\x69\x6e\x65\x20\x78\x31\x3d\x22\x31\x32\x22\x20\x79\x31\
\x3d\x22\x31\x35\x22\x20\x78\x32\x3d\x22\x31\x32\x22\x20\x79\x32\
\x3d\x22\x32\x33\x22\x2f\x3e\x3c\x70\x61\x74\x68\x20\x64\x3d\x22\
\x4d\x32\x30\x20\x31\x36\x2e\x35\x38\x41\x35\x20\x35\x20\x30\x20\
\x30\x20\x30\x20\x31\x38\x20\x37\x68\x2d\x31\x2e\x32\x36\x41\x38\
\x20\x38\x20\x30\x20\x31\x20\x30\x20\x34\x20\x31\x35\x2e\x32\x35\
\x22\x2f\x3e\x3c\x2f\x73\x76\x67\x3e\
\x00\x00\x01\x6f\
\x3c\
\x73\x76\x67\x20\x78\x6d\x6c\x6e\x73\x3d\x22\x68\x74\x74\x70\x3a\
\x2f\x2f\x77\x77\x77\x2e\x77\x33\x2e\x6f\x72\x67\x2f\x32\x30\x30\
\x30\x2f\x73\x76\x67\x22\x20\x77\x69\x64\x74\x68\x3d\x22\x32\x34\
\x22\x20\x68\x65\x69\x67\x68\x74\x3d\x22\x32\x34\x22\x20\x76\x69\
\x65\x77\x42\x6f\x78\x3d\x22\x30\x20\x30\x20\x32\x34\x20\x32\x34\
\x22\x20\x66\x69\x6c\x6c\x3d\x22\x6e\x6f\x6e\x65\x22\x20\x73\x74\
\x72\x6f\x6b\x65\x3d\x22\x63\x75\x72\x72\x65\x6e\x74\x43\x6f\x6c\
\x6f\x72\x22\x20\x73\x74\x72\x6f\x6b\x65\x2d\x77\x69\x64\x74\x68\
\x3d\x22\x32\x22\x20\x73\x74\x72\x6f\x6b\x65\x2d\x6c\x69\x6e\x65\
\x63\x61\x70\x3d\x22\x72\x6f\x75\x6e\x64\x22\x20\x73\x74\x72\x6f\
\x6b\x65\x2d\x6c\x69\x6e\x65\x6a\x6f\x69\x6e\x3d\x22\x72\x6f\x75\
\x6e\x64\x22\x3e\x3c\x70\x61\x74\x68\x20\x64\x3d\x22\x4d\x31\x30\
\x2e\x32\x39\x20\x33\x2e\x38\x36\x4c\x31\x2e\x38\x32\x20\x31\x38\
\x61\x32\x20\x32\x20\x30\x20\x30\x20\x30\x20\x31\x2e\x37\x31\x20\
\x33\x68\x31\x36\x2e\x39\x34\x61\x32\x20\x32\x20\x30\x20\x30\x20\
\x30\x20\x31\x2e\x37\x31\x2d\x33\x4c\x31\x33\x2e\x37\x31\x20\x33\
\x2e\x38\x36\x61\x32\x20\x32\x20\x30\x20\x30\x20\x30\x2d\x33\x2e\
\x34\x32\x20\x30\x7a\x22\x2f\x3e\x3c\x6c\x69\x6e\x65\x20\x78\x31\
\x3d\x22\x31\x32\x22\x20\x79\x31\x3d\x22\x39\x22\x20\x78\x32\x3d\
\x22\x31\x32\x22\x20\x79\x32\x3d\x22\x31\x33\x22\x2f\x3e\x3c\x6c\
\x69\x6e\x65\x20\x78\x31\x3d\x22\x31\x32\x22\x20\x79\x31\x3d\x22\
\x31\x37\x22\x20\x78\x32\x3d\x22\x31\x32\x2e\x30\x31\x22\x20\x79\
\x32\x3d\x22\x31\x37\x22\x2f\x3e\x3c\x2f\x73\x76\x67\x3e\
\x00\x00\x01\x0f\
\x3c\
\x73\x76\x67\x20\x78\x6d\x6c\x6e\x73\x3d\x22\x68\x74\x74\x70\x3a\
\x2f\x2f\x77\x77\x77\x2e\x77\x33\x2e\x6f\x72\x67\x2f\x32\x30\x30\
\x30\x2f\x73\x76\x67\x22\x20\x77\x69\x64\x74\x68\x3d\x22\x32\x34\
\x22\x20\x68\x65\x69\x67\x68\x74\x3d\x22\x32\x34\x22\x20\x76\x69\
\x65\x77\x42\x6f\x78\x3d\x22\x30\x20\x30\x20\x32\x34\x20\x32\x34\
\x22\x20\x66\x69\x6c\x6c\x3d\x22\x6e\x6f\x6e\x65\x22\x20\x73\x74\
\x72\x6f\x6b\x65\x3d\x22\x63\x75\x72\x72\x65\x6e\x74\x43\x6f\x6c\
\x6f\x72\x22\x20\x73\x74\x72\x6f\x6b\x65\x2d\x77\x69\x64\x74\x68\
\x3d\x22\x32\x22\x20\x73\x74\x72\x6f\x6b\x65\x2d\x6c\x69\x6e\x65\
\x63\x61\x70\x3d\x22\x72\x6f\x75\x6e\x64\x22\x20\x73\x74\x72\x6f\
\x6b\x65\x2d\x6c\x69\x6e\x65\x6a\x6f\x69\x6e\x3d\x22\x72\x6f\x75\
\x6e\x64\x22\x3e\x3c\x70\x6f\x6c\x79\x6c\x69\x6e\x65\x20\x70\x6f\
\x69\x6e\x74\x73\x3d\x22\x32\x33\x20\x34\x20\x32\x33\x20\x31\x30\
\x20\x31\x37\x20\x31\x30\x22\x2f\x3e\x3c\x70\x61\x74\x68\x20\x64\
\x3d\x22\x4d\x32\x30\x2e\x34\x39\x20\x31\x35\x61\x39\x20\x39\x20\
\x30\x20\x31\x20\x31\x2d\x32\x2e\x31\x32\x2d\x39\x2e\x33\x36\x4c\
\x32\x33\x20\x31\x30\x22\x2f\x3e\x3c\x2f\x73\x76\x67\x3e\
\x00\x00\x01\xeb\
\x3c\
\x73\x76\x67\x20\x78\x6d\x6c\x6e\x73\x3d\x22\x68\x74\x74\x70\x3a\
\x2f\x2f\x77\x77\x77\x2e\x77\x33\x2e\x6f\x72\x67\x2f\x32\x30\x30\
\x30\x2f\x73\x76\x67\x22\x20\x77\x69\x64\x74\x68\x3d\x22\x32\x34\
\x22\x20\x68\x65\x69\x67\x68\x74\x3d\x22\x32\x34\x22\x20\x76\x69\
\x65\x77\x42\x6f\x78\x3d\x22\x30\x20\x30\x20\x32\x34\x20\x32\x34\
\x22\x20\x66\x69\x6c\x6c\x3d\x22\x6e\x6f\x6e\x65\x22\x20\x73\x74\
\x72\x6f\x6b\x65\x3d\x22\x63\x75\x72\x72\x65\x6e\x74\x43\x6f\x6c\
\x6f\x72\x22\x20\x73\x74\x72\x6f\x6b\x65\x2d\x77\x69\x64\x74\x68\
\x3d\x22\x32\x22\x20\x73\x74\x72\x6f\x6b\x65\x2d\x6c\x69\x6e\x65\
\x63\x61\x70\x3d\x22\x72\x6f\x75\x6e\x64\x22\x20\x73\x74\x72\x6f\
\x6b\x65\x2d\x6c\x69\x6e\x65\x6a\x6f\x69\x6e\x3d\x22\x72\x6f\x75\
\x6e\x64\x22\x3e\x3c\x63\x69\x72\x63\x6c\x65\x20\x63\x78\x3d\x22\
\x31\x32\x22\x20\x63\x79\x3d\x22\x31\x32\x22\x20\x72\x3d\x22\x31\
\x30\x22\x2f\x3e\x3c\x6c\x69\x6e\x65\x20\x78\x31\x3d\x22\x31\x34\
\x2e\x33\x31\x22\x20\x79\x31\x3d\x22\x38\x22\x20\x78\x32\x3d\x22\
\x32\x30\x2e\x30\x35\x22\x20\x79\x32\x3d\x22\x31\x37\x2e\x39\x34\
\x22\x2f\x3e\x3c\x6c\x69\x6e\x65\x20\x78\x31\x3d\x22\x39\x2e\x36\
\x39\x22\x20\x79\x31\x3d\x22\x38\x22\x20\x78\x32\x3d\x22\x32\x31\
\x2e\x31\x37\x22\x20\x79\x32\x3d\x22\x38\x22\x2f\x3e\x3c\x6c\x69\
\x6e\x65\x20\x78\x31\x3d\x22\x37\x2e\x33\x38\x22\x20\x79\x31\x3d\
\x22\x31\x32\x22\x20\x78\x32\x3d\x22\x31\x33\x2e\x31\x32\x22\x20\
\x79\x32\x3d\x22\x32\x2e\x30\x36\x22\x2f\x3e\x3c\x6c\x69\x6e\x65\
\x20\x78\x31\x3d\x22\x39\x2e\x36\x39\x22\x20\x79\x31\x3d\x22\x31\
\x36\x22\x20\x78\x32\x3d\x22\x33\x2e\x39\x35\x22\x20\x79\x32\x3d\
\x22\x36\x2e\x30\x36\x22\x2f\x3e\x3c\x6c\x69\x6e\x65\x20\x78\x31\
\x3d\x22\x31\x34\x2e\x33\x31\x22\x20\x79\x31\x3d\x22\x31\x36\x22\
\x20\x78\x32\x3d\x22\x32\x2e\x38\x33\x22\x20\x79\x32\x3d\x22\x31\
\x36\x22\x2f\x3e\x3c\x6c\x69\x6e\x65\x20\x78\x31\x3d\x22\x31\x36\
\x2e\x36\x32\x22\x20\x79\x31\x3d\x22\x31\x32\x22\x20\x78\x32\x3d\
\x22\x31\x30\x2e\x38\x38\x22\x20\x79\x32\x3d\x22\x32\x31\x2e\x39\
\x34\x22\x2f\x3e\x3c\x2f\x73\x76\x67\x3e\
\x00\x00\x01\xef\
\x3c\
\x73\x76\x67\x20\x78\x6d\x6c\x6e\x73\x3d\x22\x68\x74\x74\x70\x3a\
\x2f\x2f\x77\x77\x77\x2e\x77\x33\x2e\x6f\x72\x67\x2f\x32\x30\x30\
\x30\x2f\x73\x76\x67\x22\x20\x77\x69\x64\x74\x68\x3d\x22\x32\x34\
\x22\x20\x68\x65\x69\x67\x68\x74\x3d\x22\x32\x34\x22\x20\x76\x69\
\x65\x77\x42\x6f\x78\x3d\x22\x30\x20\x30\x20\x32\x34\x20\x32\x34\
\x22\x20\x66\x69\x6c\x6c\x3d\x22\x6e\x6f\x6e\x65\x22\x20\x73\x74\
\x72\x6f\x6b\x65\x3d\x22\x63\x75\x72\x72\x65\x6e\x74\x43\x6f\x6c\
\x6f\x72\x22\x20\x73\x74\x72\x6f\x6b\x65\x2d\x77\x69\x64\x74\x68\
\x3d\x22\x32\x22\x20\x73\x74\x72\x6f\x6b\x65\x2d\x6c\x69\x6e\x65\
\x63\x61\x70\x3d\x22\x72\x6f\x75\x6e\x64\x22\x20\x73\x74\x72\x6f\
\x6b\x65\x2d\x6c\x69\x6e\x65\x6a\x6f\x69\x6e\x3d\x22\x72\x6f\x75\
\x6e\x64\x22\x3e\x3c\x63\x69\x72\x63\x6c\x65\x20\x63\x78\x3d\x22\
\x31\x32\x22\x20\x63\x79\x3d\x22\x31\x32\x22\x20\x72\x3d\x22\x31\
\x30\x22\x2f\x3e\x3c\x63\x69\x72\x63\x6c\x65\x20\x63\x78\x3d\x22\
\x31\x32\x22\x20\x63\x79\x3d\x22\x31\x32\x22\x20\x72\x3d\x22\x34\
\x22\x2f\x3e\x3c\x6c\x69\x6e\x65\x20\x78\x31\x3d\x22\x34\x2e\x39\
\x33\x22\x20\x79\x31\x3d\x22\x34\x2e\x39\x33\x22\x20\x78\x32\x3d\
\x22\x39\x2e\x31\x37\x22\x20\x79\x32\x3d\x22\x39\x2e\x31\x37\x22\
\x2f\x3e\x3c\x6c\x69\x6e\x65\x20\x78\x31\x3d\x22\x31\x34\x2e\x38\
\x33\x22\x20\x79\x31\x3d\x22\x31\x34\x2e\x38\x33\x22\x20\x78\x32\
\x3d\x22\x31\x39\x2e\x30\x37\x22\x20\x79\x32\x3d\x22\x31\x39\x2e\
\x30\x37\x22\x2f\x3e\x3c\x6c\x69\x6e\x65\x20\x78\x31\x3d\x22\x31\
\x34\x2e\x38\x33\x22\x20\x79\x31\x3d\x22\x39\x2e\x31\x37\x22\x20\
\x78\x32\x3d\x22\x31\x39\x2e\x30\x37\x22\x20\x79\x32\x3d\x22\x34\
\x2e\x39\x33\x22\x2f\x3e\x3c\x6c\x69\x6e\x65\x20\x78\x31\x3d\x22\
\x31\x34\x2e\x38\x33\x22\x20\x79\x31\x3d\x22\x39\x2e\x31\x37\x22\
\x20\x78\x32\x3d\x22\x31\x38\x2e\x33\x36\x22\x20\x79\x32\x3d\x22\
\x35\x2e\x36\x34\x22\x2f\x3e\x3c\x6c\x69\x6e\x65\x20\x78\x31\x3d\
\x22\x34\x2e\x39\x33\x22\x20\x79\x31\x3d\x22\x31\x39\x2e\x30\x37\
\x22\x20\x78\x32\x3d\x22\x39\x2e\x31\x37\x22\x20\x79\x32\x3d\x22\
\x31\x34\x2e\x38\x33\x22\x2f\x3e\x3c\x2f\x73\x76\x67\x3e\
\x00\x00\x01\x12\
\x3c\
\x73\x76\x67\x20\x78\x6d\x6c\x6e\x73\x3d\x22\x68\x74\x74\x70\x3a\
\x2f\x2f\x77\x77\x77\x2e\x77\x33\x2e\x6f\x72\x67\x2f\x32\x30\x30\
\x30\x2f\x73\x76\x67\x22\x20\x77\x69\x64\x74\x68\x3d\x22\x32\x34\
\x22\x20\x68\x65\x69\x67\x68\x74\x3d\x22\x32\x34\x22\x20\x76\x69\
\x65\x77\x42\x6f\x78\x3d\x22\x30\x20\x30\x20\x32\x34\x20\x32\x34\
\x22\x20\x66\x69\x6c\x6c\x3d\x22\x6e\x6f\x6e\x65\x22\x20\x73\x74\
\x72\x6f\x6b\x65\x3d\x22\x63\x75\x72\x72\x65\x6e\x74\x43\x6f\x6c\
\x6f\x72\x22\x20\x73\x74\x72\x6f\x6b\x65\x2d\x77\x69\x64\x74\x68\
\x3d\x22\x32\x22\x20\x73\x74\x72\x6f\x6b\x65\x2d\x6c\x69\x6e\x65\
\x63\x61\x70\x3d\x22\x72\x6f\x75\x6e\x64\x22\x20\x73\x74\x72\x6f\
\x6b\x65\x2d\x6c\x69\x6e\x65\x6a\x6f\x69\x6e\x3d\x22\x72\x6f\x75\
\x6e\x64\x22\x3e\x3c\x72\x65\x63\x74\x20\x78\x3d\x22\x31\x22\x20\
\x79\x3d\x22\x35\x22\x20\x77\x69\x64\x74\x68\x3d\x22\x32\x32\x22\
\x20\x68\x65\x69\x67\x68\x74\x3d\x22\x31\x34\x22\x20\x72\x78\x3d\
\x22\x37\x22\x20\x72\x79\x3d\x22\x37\x22\x2f\x3e\x3c\x63\x69\x72\
\x63\x6c\x65\x20\x63\x78\x3d\x22\x31\x36\x22\x20\x63\x79\x3d\x22\
\x31\x32\x22\x20\x72\x3d\x22\x33\x22\x2f\x3e\x3c\x2f\x73\x76\x67\
\x3e\
\x00\x00\x01\x45\
\x3c\
\x73\x76\x67\x20\x78\x6d\x6c\x6e\x73\x3d\x22\x68\x74\x74\x70\x3a\
\x2f\x2f\x77\x77\x77\x2e\x77\x33\x2e\x6f\x72\x67\x2f\x32\x30\x30\
\x30\x2f\x73\x76\x67\x22\x20\x77\x69\x64\x74\x68\x3d\x22\x32\x34\
\x22\x20\x68\x65\x69\x67\x68\x74\x3d\x22\x32\x34\x22\x20\x76\x69\
\x65\x77\x42\x6f\x78\x3d\x22\x30\x20\x30\x20\x32\x34\x20\x32\x34\
\x22\x20\x66\x69\x6c\x6c\x3d\x22\x6e\x6f\x6e\x65\x22\x20\x73\x74\
\x72\x6f\x6b\x65\x3d\x22\x63\x75\x72\x72\x65\x6e\x74\x43\x6f\x6c\
\x6f\x72\x22\x20\x73\x74\x72\x6f\x6b\x65\x2d\x77\x69\x64\x74\x68\
\x3d\x22\x32\x22\x20\x73\x74\x72\x6f\x6b\x65\x2d\x6c\x69\x6e\x65\
\x63\x61\x70\x3d\x22\x72\x6f\x75\x6e\x64\x22\x20\x73\x74\x72\x6f\
\x6b\x65\x2d\x6c\x69\x6e\x65\x6a\x6f\x69\x6e\x3d\x22\x72\x6f\x75\
\x6e\x64\x22\x3e\x3c\x70\x61\x74\x68\x20\x64\x3d\x22\x4d\x32\x32\
\x2e\x36\x31\x20\x31\x36\x2e\x39\x35\x41\x35\x20\x35\x20\x30\x20\
\x30\x20\x30\x20\x31\x38\x20\x31\x30\x68\x2d\x31\x2e\x32\x36\x61\
\x38\x20\x38\x20\x30\x20\x30\x20\x30\x2d\x37\x2e\x30\x35\x2d\x36\
\x4d\x35\x20\x35\x61\x38\x20\x38\x20\x30\x20\x30\x20\x30\x20\x34\
\x20\x31\x35\x68\x39\x61\x35\x20\x35\x20\x30\x20\x30\x20\x30\x20\
\x31\x2e\x37\x2d\x2e\x33\x22\x2f\x3e\x3c\x6c\x69\x6e\x65\x20\x78\
\x31\x3d\x22\x31\x22\x20\x79\x31\x3d\x22\x31\x22\x20\x78\x32\x3d\
\x22\x32\x33\x22\x20\x79\x32\x3d\x22\x32\x33\x22\x2f\x3e\x3c\x2f\
\x73\x76\x67\x3e\
\x00\x00\x01\x37\
\x3c\
\x73\x76\x67\x20\x78\x6d\x6c\x6e\x73\x3d\x22\x68\x74\x74\x70\x3a\
\x2f\x2f\x77\x77\x77\x2e\x77\x33\x2e\x6f\x72\x67\x2f\x32\x30\x30\
\x30\x2f\x73\x76\x67\x22\x20\x77\x69\x64\x74\x68\x3d\x22\x32\x34\
\x22\x20\x68\x65\x69\x67\x68\x74\x3d\x22\x32\x34\x22\x20\x76\x69\
\x65\x77\x42\x6f\x78\x3d\x22\x30\x20\x30\x20\x32\x34\x20\x32\x34\
\x22\x20\x66\x69\x6c\x6c\x3d\x22\x6e\x6f\x6e\x65\x22\x20\x73\x74\
\x72\x6f\x6b\x65\x3d\x22\x63\x75\x72\x72\x65\x6e\x74\x43\x6f\x6c\
\x6f\x72\x22\x20\x73\x74\x72\x6f\x6b\x65\x2d\x77\x69\x64\x74\x68\
\x3d\x22\x32\x22\x20\x73\x74\x72\x6f\x6b\x65\x2d\x6c\x69\x6e\x65\
\x63\x61\x70\x3d\x22\x72\x6f\x75\x6e\x64\x22\x20\x73\x74\x72\x6f\
\x6b\x65\x2d\x6c\x69\x6e\x65\x6a\x6f\x69\x6e\x3d\x22\x72\x6f\x75\
\x6e\x64\x22\x3e\x3c\x70\x61\x74\x68\x20\x64\x3d\x22\x4d\x34\x20\
\x33\x68\x31\x36\x61\x32\x20\x32\x20\x30\x20\x30\x20\x31\x20\x32\
\x20\x32\x76\x36\x61\x31\x30\x20\x31\x30\x20\x30\x20\x30\x20\x31\
\x2d\x31\x30\x20\x31\x30\x41\x31\x30\x20\x31\x30\x20\x30\x20\x30\
\x20\x31\x20\x32\x20\x31\x31\x56\x35\x61\x32\x20\x32\x20\x30\x20\
\x30\x20\x31\x20\x32\x2d\x32\x7a\x22\x2f\x3e\x3c\x70\x6f\x6c\x79\
\x6c\x69\x6e\x65\x20\x70\x6f\x69\x6e\x74\x73\x3d\x22\x38\x20\x31\
\x30\x20\x31\x32\x20\x31\x34\x20\x31\x36\x20\x31\x30\x22\x2f\x3e\
\x3c\x2f\x73\x76\x67\x3e\
\x00\x00\x01\xa9\
\x3c\
\x73\x76\x67\x20\x78\x6d\x6c\x6e\x73\x3d\x22\x68\x74\x74\x70\x3a\
\x2f\x2f\x77\x77\x77\x2e\x77\x33\x2e\x6f\x72\x67\x2f\x32\x30\x30\
\x30\x2f\x73\x76\x67\x22\x20\x77\x69\x64\x74\x68\x3d\x22\x32\x34\
\x22\x20\x68\x65\x69\x67\x68\x74\x3d\x22\x32\x34\x22\x20\x76\x69\
\x65\x77\x42\x6f\x78\x3d\x22\x30\x20\x30\x20\x32\x34\x20\x32\x34\
\x22\x20\x66\x69\x6c\x6c\x3d\x22\x6e\x6f\x6e\x65\x22\x20\x73\x74\
\x72\x6f\x6b\x65\x3d\x22\x63\x75\x72\x72\x65\x6e\x74\x43\x6f\x6c\
\x6f\x72\x22\x20\x73\x74\x72\x6f\x6b\x65\x2d\x77\x69\x64\x74\x68\
\x3d\x22\x32\x22\x20\x73\x74\x72\x6f\x6b\x65\x2d\x6c\x69\x6e\x65\
\x63\x61\x70\x3d\x22\x72\x6f\x75\x6e\x64\x22\x20\x73\x74\x72\x6f\
\x6b\x65\x2d\x6c\x69\x6e\x65\x6a\x6f\x69\x6e\x3d\x22\x72\x6f\x75\
\x6e\x64\x22\x3e\x3c\x6c\x69\x6e\x65\x20\x78\x31\x3d\x22\x32\x32\
\x22\x20\x79\x31\x3d\x22\x31\x32\x22\x20\x78\x32\x3d\x22\x32\x22\
\x20\x79\x32\x3d\x22\x31\x32\x22\x2f\x3e\x3c\x70\x61\x74\x68\x20\
\x64\x3d\x22\x4d\x35\x2e\x34\x35\x20\x35\x2e\x31\x31\x4c\x32\x20\
\x31\x32\x76\x36\x61\x32\x20\x32\x20\x30\x20\x30\x20\x30\x20\x32\
\x20\x32\x68\x31\x36\x61\x32\x20\x32\x20\x30\x20\x30\x20\x30\x20\
\x32\x2d\x32\x76\x2d\x36\x6c\x2d\x33\x2e\x34\x35\x2d\x36\x2e\x38\
\x39\x41\x32\x20\x32\x20\x30\x20\x30\x20\x30\x20\x31\x36\x2e\x37\
\x36\x20\x34\x48\x37\x2e\x32\x34\x61\x32\x20\x32\x20\x30\x20\x30\
\x20\x30\x2d\x31\x2e\x37\x39\x20\x31\x2e\x31\x31\x7a\x22\x2f\x3e\
\x3c\x6c\x69\x6e\x65\x20\x78\x31\x3d\x22\x36\x22\x20\x79\x31\x3d\
\x22\x31\x36\x22\x20\x78\x32\x3d\x22\x36\x2e\x30\x31\x22\x20\x79\
\x32\x3d\x22\x31\x36\x22\x2f\x3e\x3c\x6c\x69\x6e\x65\x20\x78\x31\
\x3d\x22\x31\x30\x22\x20\x79\x31\x3d\x22\x31\x36\x22\x20\x78\x32\
\x3d\x22\x31\x30\x2e\x30\x31\x22\x20\x79\x32\x3d\x22\x31\x36\x22\
\x2f\x3e\x3c\x2f\x73\x76\x67\x3e\
\x00\x00\x01\x3e\
\x3c\
\x73\x76\x67\x20\x77\x69\x64\x74\x68\x3d\x22\x32\x34\x22\x20\x68\
\x65\x69\x67\x68\x74\x3d\x22\x32\x34\x22\x20\x76\x69\x65\x77\x42\
\x6f\x78\x3d\x22\x30\x20\x30\x20\x32\x34\x20\x32\x34\x22\x20\x78\
\x6d\x6c\x6e\x73\x3d\x22\x68\x74\x74\x70\x3a\x2f\x2f\x77\x77\x77\
\x2e\x77\x33\x2e\x6f\x72\x67\x2f\x32\x30\x30\x30\x2f\x73\x76\x67\
\x22\x20\x66\x69\x6c\x6c\x3d\x22\x6e\x6f\x6e\x65\x22\x20\x73\x74\
\x72\x6f\x6b\x65\x3d\x22\x63\x75\x72\x72\x65\x6e\x74\x43\x6f\x6c\
\x6f\x72\x22\x20\x73\x74\x72\x6f\x6b\x65\x2d\x77\x69\x64\x74\x68\
\x3d\x22\x32\x22\x20\x73\x74\x72\x6f\x6b\x65\x2d\x6c\x69\x6e\x65\
\x63\x61\x70\x3d\x22\x72\x6f\x75\x6e\x64\x22\x20\x73\x74\x72\x6f\
\x6b\x65\x2d\x6c\x69\x6e\x65\x6a\x6f\x69\x6e\x3d\x22\x72\x6f\x75\
\x6e\x64\x22\x3e\x3c\x70\x61\x74\x68\x20\x64\x3d\x22\x4d\x32\x31\
\x20\x32\x6c\x2d\x32\x20\x32\x6d\x2d\x37\x2e\x36\x31\x20\x37\x2e\
\x36\x31\x61\x35\x2e\x35\x20\x35\x2e\x35\x20\x30\x20\x31\x20\x31\
\x2d\x37\x2e\x37\x37\x38\x20\x37\x2e\x37\x37\x38\x20\x35\x2e\x35\
\x20\x35\x2e\x35\x20\x30\x20\x30\x20\x31\x20\x37\x2e\x37\x37\x37\
\x2d\x37\x2e\x37\x37\x37\x7a\x6d\x30\x20\x30\x4c\x31\x35\x2e\x35\
\x20\x37\x2e\x35\x6d\x30\x20\x30\x6c\x33\x20\x33\x4c\x32\x32\x20\
\x37\x6c\x2d\x33\x2d\x33\x6d\x2d\x33\x2e\x35\x20\x33\x2e\x35\x4c\
\x31\x39\x20\x34\x22\x2f\x3e\x3c\x2f\x73\x76\x67\x3e\
\x00\x00\x01\x04\
\x3c\
\x73\x76\x67\x20\x78\x6d\x6c\x6e\x73\x3d\x22\x68\x74\x74\x70\x3a\
\x2f\x2f\x77\x77\x77\x2e\x77\x33\x2e\x6f\x72\x67\x2f\x32\x30\x30\
\x30\x2f\x73\x76\x67\x22\x20\x77\x69\x64\x74\x68\x3d\x22\x32\x34\
\x22\x20\x68\x65\x69\x67\x68\x74\x3d\x22\x32\x34\x22\x20\x76\x69\
\x65\x77\x42\x6f\x78\x3d\x22\x30\x20\x30\x20\x32\x34\x20\x32\x34\
\x22\x20\x66\x69\x6c\x6c\x3d\x22\x6e\x6f\x6e\x65\x22\x20\x73\x74\
\x72\x6f\x6b\x65\x3d\x22\x63\x75\x72\x72\x65\x6e\x74\x43\x6f\x6c\
\x6f\x72\x22\x20\x73\x74\x72\x6f\x6b\x65\x2d\x77\x69\x64\x74\x68\
\x3d\x22\x32\x22\x20\x73\x74\x72\x6f\x6b\x65\x2d\x6c\x69\x6e\x65\
\x63\x61\x70\x3d\x22\x72\x6f\x75\x6e\x64\x22\x20\x73\x74\x72\x6f\
\x6b\x65\x2d\x6c\x69\x6e\x65\x6a\x6f\x69\x6e\x3d\x22\x72\x6f\x75\
\x6e\x64\x22\x3e\x3c\x6c\x69\x6e\x65\x20\x78\x31\x3d\x22\x37\x22\
\x20\x79\x31\x3d\x22\x37\x22\x20\x78\x32\x3d\x22\x31\x37\x22\x20\
\x79\x32\x3d\x22\x31\x37\x22\x2f\x3e\x3c\x70\x6f\x6c\x79\x6c\x69\
\x6e\x65\x20\x70\x6f\x69\x6e\x74\x73\x3d\x22\x31\x37\x20\x37\x20\
\x31\x37\x20\x31\x37\x20\x37\x20\x31\x37\x22\x2f\x3e\x3c\x2f\x73\
\x76\x67\x3e\
\x00\x00\x00\xe9\
\x3c\
\x73\x76\x67\x20\x78\x6d\x6c\x6e\x73\x3d\x22\x68\x74\x74\x70\x3a\
\x2f\x2f\x77\x77\x77\x2e\x77\x33\x2e\x6f\x72\x67\x2f\x32\x30\x30\
\x30\x2f\x73\x76\x67\x22\x20\x77\x69\x64\x74\x68\x3d\x22\x32\x34\
\x22\x20\x68\x65\x69\x67\x68\x74\x3d\x22\x32\x34\x22\x20\x76\x69\
\x65\x77\x42\x6f\x78\x3d\x22\x30\x20\x30\x20\x32\x34\x20\x32\x34\
\x22\x20\x66\x69\x6c\x6c\x3d\x22\x6e\x6f\x6e\x65\x22\x20\x73\x74\
\x72\x6f\x6b\x65\x3d\x22\x63\x75\x72\x72\x65\x6e\x74\x43\x6f\x6c\
\x6f\x72\x22\x20\x73\x74\x72\x6f\x6b\x65\x2d\x77\x69\x64\x74\x68\
\x3d\x22\x32\x22\x20\x73\x74\x72\x6f\x6b\x65\x2d\x6c\x69\x6e\x65\
\x63\x61\x70\x3d\x22\x72\x6f\x75\x6e\x64\x22\x20\x73\x74\x72\x6f\
\x6b\x65\x2d\x6c\x69\x6e\x65\x6a\x6f\x69\x6e\x3d\x22\x72\x6f\x75\
\x6e\x64\x22\x3e\x3c\x70\x6f\x6c\x79\x67\x6f\x6e\x20\x70\x6f\x69\
\x6e\x74\x73\x3d\x22\x33\x20\x31\x31\x20\x32\x32\x20\x32\x20\x31\
\x33\x20\x32\x31\x20\x31\x31\x20\x31\x33\x20\x33\x20\x31\x31\x22\
\x2f\x3e\x3c\x2f\x73\x76\x67\x3e\
\x00\x00\x00\xec\
\x3c\
\x73\x76\x67\x20\x78\x6d\x6c\x6e\x73\x3d\x22\x68\x74\x74\x70\x3a\
\x2f\x2f\x77\x77\x77\x2e\x77\x33\x2e\x6f\x72\x67\x2f\x32\x30\x30\
\x30\x2f\x73\x76\x67\x22\x20\x77\x69\x64\x74\x68\x3d\x22\x32\x34\
\x22\x20\x68\x65\x69\x67\x68\x74\x3d\x22\x32\x34\x22\x20\x76\x69\
\x65\x77\x42\x6f\x78\x3d\x22\x30\x20\x30\x20\x32\x34\x20\x32\x34\
\x22\x20\x66\x69\x6c\x6c\x3d\x22\x6e\x6f\x6e\x65\x22\x20\x73\x74\
\x72\x6f\x6b\x65\x3d\x22\x63\x75\x72\x72\x65\x6e\x74\x43\x6f\x6c\
\x6f\x72\x22\x20\x73\x74\x72\x6f\x6b\x65\x2d\x77\x69\x64\x74\x68\
\x3d\x22\x32\x22\x20\x73\x74\x72\x6f\x6b\x65\x2d\x6c\x69\x6e\x65\
\x63\x61\x70\x3d\x22\x72\x6f\x75\x6e\x64\x22\x20\x73\x74\x72\x6f\
\x6b\x65\x2d\x6c\x69\x6e\x65\x6a\x6f\x69\x6e\x3d\x22\x72\x6f\x75\
\x6e\x64\x22\x3e\x3c\x70\x61\x74\x68\x20\x64\x3d\x22\x4d\x31\x32\
\x20\x32\x2e\x36\x39\x6c\x35\x2e\x36\x36\x20\x35\x2e\x36\x36\x61\
\x38\x20\x38\x20\x30\x20\x31\x20\x31\x2d\x31\x31\x2e\x33\x31\x20\
\x30\x7a\x22\x2f\x3e\x3c\x2f\x73\x76\x67\x3e\
\x00\x00\x01\x51\
\x3c\
\x73\x76\x67\x20\x78\x6d\x6c\x6e\x73\x3d\x22\x68\x74\x74\x70\x3a\
\x2f\x2f\x77\x77\x77\x2e\x77\x33\x2e\x6f\x72\x67\x2f\x32\x30\x30\
\x30\x2f\x73\x76\x67\x22\x20\x77\x69\x64\x74\x68\x3d\x22\x32\x34\
\x22\x20\x68\x65\x69\x67\x68\x74\x3d\x22\x32\x34\x22\x20\x76\x69\
\x65\x77\x42\x6f\x78\x3d\x22\x30\x20\x30\x20\x32\x34\x20\x32\x34\
\x22\x20\x66\x69\x6c\x6c\x3d\x22\x6e\x6f\x6e\x65\x22\x20\x73\x74\
\x72\x6f\x6b\x65\x3d\x22\x63\x75\x72\x72\x65\x6e\x74\x43\x6f\x6c\
\x6f\x72\x22\x20\x73\x74\x72\x6f\x6b\x65\x2d\x77\x69\x64\x74\x68\
\x3d\x22\x32\x22\x20\x73\x74\x72\x6f\x6b\x65\x2d\x6c\x69\x6e\x65\
\x63\x61\x70\x3d\x22\x72\x6f\x75\x6e\x64\x22\x20\x73\x74\x72\x6f\
\x6b\x65\x2d\x6c\x69\x6e\x65\x6a\x6f\x69\x6e\x3d\x22\x72\x6f\x75\
\x6e\x64\x22\x3e\x3c\x6c\x69\x6e\x65\x20\x78\x31\x3d\x22\x32\x31\
\x22\x20\x79\x31\x3d\x22\x31\x30\x22\x20\x78\x32\x3d\x22\x37\x22\
\x20\x79\x32\x3d\x22\x31\x30\x22\x2f\x3e\x3c\x6c\x69\x6e\x65\x20\
\x78\x31\x3d\x22\x32\x31\x22\x20\x79\x31\x3d\x22\x36\x22\x20\x78\
\x32\x3d\x22\x33\x22\x20\x79\x32\x3d\x22\x36\x22\x2f\x3e\x3c\x6c\
\x69\x6e\x65\x20\x78\x31\x3d\x22\x32\x31\x22\x20\x79\x31\x3d\x22\
\x31\x34\x22\x20\x78\x32\x3d\x22\x33\x22\x20\x79\x32\x3d\x22\x31\
\x34\x22\x2f\x3e\x3c\x6c\x69\x6e\x65\x20\x78\x31\x3d\x22\x32\x31\
\x22\x20\x79\x31\x3d\x22\x31\x38\x22\x20\x78\x32\x3d\x22\x37\x22\
\x20\x79\x32\x3d\x22\x31\x38\x22\x2f\x3e\x3c\x2f\x73\x76\x67\x3e\
\
\x00\x00\x01\x5c\
\x3c\
\x73\x76\x67\x20\x78\x6d\x6c\x6e\x73\x3d\x22\x68\x74\x74\x70\x3a\
\x2f\x2f\x77\x77\x77\x2e\x77\x33\x2e\x6f\x72\x67\x2f\x32\x30\x30\
\x30\x2f\x73\x76\x67\x22\x20\x77\x69\x64\x74\x68\x3d\x22\x32\x34\
\x22\x20\x68\x65\x69\x67\x68\x74\x3d\x22\x32\x34\x22\x20\x76\x69\
\x65\x77\x42\x6f\x78\x3d\x22\x30\x20\x30\x20\x32\x34\x20\x32\x34\
\x22\x20\x66\x69\x6c\x6c\x3d\x22\x6e\x6f\x6e\x65\x22\x20\x73\x74\
\x72\x6f\x6b\x65\x3d\x22\x63\x75\x72\x72\x65\x6e\x74\x43\x6f\x6c\
\x6f\x72\x22\x20\x73\x74\x72\x6f\x6b\x65\x2d\x77\x69\x64\x74\x68\
\x3d\x22\x32\x22\x20\x73\x74\x72\x6f\x6b\x65\x2d\x6c\x69\x6e\x65\
\x63\x61\x70\x3d\x22\x72\x6f\x75\x6e\x64\x22\x20\x73\x74\x72\x6f\
\x6b\x65\x2d\x6c\x69\x6e\x65\x6a\x6f\x69\x6e\x3d\x22\x72\x6f\x75\
\x6e\x64\x22\x3e\x3c\x70\x61\x74\x68\x20\x64\x3d\x22\x4d\x33\x20\
\x31\x38\x76\x2d\x36\x61\x39\x20\x39\x20\x30\x20\x30\x20\x31\x20\
\x31\x38\x20\x30\x76\x36\x22\x2f\x3e\x3c\x70\x61\x74\x68\x20\x64\
\x3d\x22\x4d\x32\x31\x20\x31\x39\x61\x32\x20\x32\x20\x30\x20\x30\
\x20\x31\x2d\x32\x20\x32\x68\x2d\x31\x61\x32\x20\x32\x20\x30\x20\
\x30\x20\x31\x2d\x32\x2d\x32\x76\x2d\x33\x61\x32\x20\x32\x20\x30\
\x20\x30\x20\x31\x20\x32\x2d\x32\x68\x33\x7a\x4d\x33\x20\x31\x39\
\x61\x32\x20\x32\x20\x30\x20\x30\x20\x30\x20\x32\x20\x32\x68\x31\
\x61\x32\x20\x32\x20\x30\x20\x30\x20\x30\x20\x32\x2d\x32\x76\x2d\
\x33\x61\x32\x20\x32\x20\x30\x20\x30\x20\x30\x2d\x32\x2d\x32\x48\
\x33\x7a\x22\x2f\x3e\x3c\x2f\x73\x76\x67\x3e\
\x00\x00\x01\x3b\
\x3c\
\x73\x76\x67\x20\x78\x6d\x6c\x6e\x73\x3d\x22\x68\x74\x74\x70\x3a\
\x2f\x2f\x77\x77\x77\x2e\x77\x33\x2e\x6f\x72\x67\x2f\x32\x30\x30\
\x30\x2f\x73\x76\x67\x22\x20\x77\x69\x64\x74\x68\x3d\x22\x32\x34\
\x22\x20\x68\x65\x69\x67\x68\x74\x3d\x22\x32\x34\x22\x20\x76\x69\
\x65\x77\x42\x6f\x78\x3d\x22\x30\x20\x30\x20\x32\x34\x20\x32\x34\
\x22\x20\x66\x69\x6c\x6c\x3d\x22\x6e\x6f\x6e\x65\x22\x20\x73\x74\
\x72\x6f\x6b\x65\x3d\x22\x63\x75\x72\x72\x65\x6e\x74\x43\x6f\x6c\
\x6f\x72\x22\x20\x73\x74\x72\x6f\x6b\x65\x2d\x77\x69\x64\x74\x68\
\x3d\x22\x32\x22\x20\x73\x74\x72\x6f\x6b\x65\x2d\x6c\x69\x6e\x65\
\x63\x61\x70\x3d\x22\x72\x6f\x75\x6e\x64\x22\x20\x73\x74\x72\x6f\
\x6b\x65\x2d\x6c\x69\x6e\x65\x6a\x6f\x69\x6e\x3d\x22\x72\x6f\x75\
\x6e\x64\x22\x3e\x3c\x70\x61\x74\x68\x20\x64\x3d\x22\x4d\x35\x20\
\x31\x37\x48\x34\x61\x32\x20\x32\x20\x30\x20\x30\x20\x31\x2d\x32\
\x2d\x32\x56\x35\x61\x32\x20\x32\x20\x30\x20\x30\x20\x31\x20\x32\
\x2d\x32\x68\x31\x36\x61\x32\x20\x32\x20\x30\x20\x30\x20\x31\x20\
\x32\x20\x32\x76\x31\x30\x61\x32\x20\x32\x20\x30\x20\x30\x20\x31\
\x2d\x32\x20\x32\x68\x2d\x31\x22\x2f\x3e\x3c\x70\x6f\x6c\x79\x67\
\x6f\x6e\x20\x70\x6f\x69\x6e\x74\x73\x3d\x22\x31\x32\x20\x31\x35\
\x20\x31\x37\x20\x32\x31\x20\x37\x20\x32\x31\x20\x31\x32\x20\x31\
\x35\x22\x2f\x3e\x3c\x2f\x73\x76\x67\x3e\
\x00\x00\x01\xc5\
\x3c\
\x73\x76\x67\x20\x78\x6d\x6c\x6e\x73\x3d\x22\x68\x74\x74\x70\x3a\
\x2f\x2f\x77\x77\x77\x2e\x77\x33\x2e\x6f\x72\x67\x2f\x32\x30\x30\
\x30\x2f\x73\x76\x67\x22\x20\x77\x69\x64\x74\x68\x3d\x22\x32\x34\
\x22\x20\x68\x65\x69\x67\x68\x74\x3d\x22\x32\x34\x22\x20\x76\x69\
\x65\x77\x42\x6f\x78\x3d\x22\x30\x20\x30\x20\x32\x34\x20\x32\x34\
\x22\x20\x66\x69\x6c\x6c\x3d\x22\x6e\x6f\x6e\x65\x22\x20\x73\x74\
\x72\x6f\x6b\x65\x3d\x22\x63\x75\x72\x72\x65\x6e\x74\x43\x6f\x6c\
\x6f\x72\x22\x20\x73\x74\x72\x6f\x6b\x65\x2d\x77\x69\x64\x74\x68\
\x3d\x22\x32\x22\x20\x73\x74\x72\x6f\x6b\x65\x2d\x6c\x69\x6e\x65\
\x63\x61\x70\x3d\x22\x72\x6f\x75\x6e\x64\x22\x20\x73\x74\x72\x6f\
\x6b\x65\x2d\x6c\x69\x6e\x65\x6a\x6f\x69\x6e\x3d\x22\x72\x6f\x75\
\x6e\x64\x22\x3e\x3c\x70\x61\x74\x68\x20\x64\x3d\x22\x4d\x32\x32\
\x2e\x36\x35\x20\x31\x34\x2e\x33\x39\x4c\x31\x32\x20\x32\x32\x2e\
\x31\x33\x20\x31\x2e\x33\x35\x20\x31\x34\x2e\x33\x39\x61\x2e\x38\
\x34\x2e\x38\x34\x20\x30\x20\x30\x20\x31\x2d\x2e\x33\x2d\x2e\x39\
\x34\x6c\x31\x2e\x32\x32\x2d\x33\x2e\x37\x38\x20\x32\x2e\x34\x34\
\x2d\x37\x2e\x35\x31\x41\x2e\x34\x32\x2e\x34\x32\x20\x30\x20\x30\
\x20\x31\x20\x34\x2e\x38\x32\x20\x32\x61\x2e\x34\x33\x2e\x34\x33\
\x20\x30\x20\x30\x20\x31\x20\x2e\x35\x38\x20\x30\x20\x2e\x34\x32\
\x2e\x34\x32\x20\x30\x20\x30\x20\x31\x20\x2e\x31\x31\x2e\x31\x38\
\x6c\x32\x2e\x34\x34\x20\x37\x2e\x34\x39\x68\x38\x2e\x31\x6c\x32\
\x2e\x34\x34\x2d\x37\x2e\x35\x31\x41\x2e\x34\x32\x2e\x34\x32\x20\
\x30\x20\x30\x20\x31\x20\x31\x38\x2e\x36\x20\x32\x61\x2e\x34\x33\
\x2e\x34\x33\x20\x30\x20\x30\x20\x31\x20\x2e\x35\x38\x20\x30\x20\
\x2e\x34\x32\x2e\x34\x32\x20\x30\x20\x30\x20\x31\x20\x2e\x31\x31\
\x2e\x31\x38\x6c\x32\x2e\x34\x34\x20\x37\x2e\x35\x31\x4c\x32\x33\
\x20\x31\x33\x2e\x34\x35\x61\x2e\x38\x34\x2e\x38\x34\x20\x30\x20\
\x30\x20\x31\x2d\x2e\x33\x35\x2e\x39\x34\x7a\x22\x2f\x3e\x3c\x2f\
\x73\x76\x67\x3e\
\x00\x00\x01\x25\
\x3c\
\x73\x76\x67\x20\x78\x6d\x6c\x6e\x73\x3d\x22\x68\x74\x74\x70\x3a\
\x2f\x2f\x77\x77\x77\x2e\x77\x33\x2e\x6f\x72\x67\x2f\x32\x30\x30\
\x30\x2f\x73\x76\x67\x22\x20\x77\x69\x64\x74\x68\x3d\x22\x32\x34\
\x22\x20\x68\x65\x69\x67\x68\x74\x3d\x22\x32\x34\x22\x20\x76\x69\
\x65\x77\x42\x6f\x78\x3d\x22\x30\x20\x30\x20\x32\x34\x20\x32\x34\
\x22\x20\x66\x69\x6c\x6c\x3d\x22\x6e\x6f\x6e\x65\x22\x20\x73\x74\
\x72\x6f\x6b\x65\x3d\x22\x63\x75\x72\x72\x65\x6e\x74\x43\x6f\x6c\
\x6f\x72\x22\x20\x73\x74\x72\x6f\x6b\x65\x2d\x77\x69\x64\x74\x68\
\x3d\x22\x32\x22\x20\x73\x74\x72\x6f\x6b\x65\x2d\x6c\x69\x6e\x65\
\x63\x61\x70\x3d\x22\x72\x6f\x75\x6e\x64\x22\x20\x73\x74\x72\x6f\
\x6b\x65\x2d\x6c\x69\x6e\x65\x6a\x6f\x69\x6e\x3d\x22\x72\x6f\x75\
\x6e\x64\x22\x3e\x3c\x70\x61\x74\x68\x20\x64\x3d\x22\x4d\x34\x20\
\x31\x35\x73\x31\x2d\x31\x20\x34\x2d\x31\x20\x35\x20\x32\x20\x38\
\x20\x32\x20\x34\x2d\x31\x20\x34\x2d\x31\x56\x33\x73\x2d\x31\x20\
\x31\x2d\x34\x20\x31\x2d\x35\x2d\x32\x2d\x38\x2d\x32\x2d\x34\x20\
\x31\x2d\x34\x20\x31\x7a\x22\x2f\x3e\x3c\x6c\x69\x6e\x65\x20\x78\
\x31\x3d\x22\x34\x22\x20\x79\x31\x3d\x22\x32\x32\x22\x20\x78\x32\
\x3d\x22\x34\x22\x20\x79\x32\x3d\x22\x31\x35\x22\x2f\x3e\x3c\x2f\
\x73\x76\x67\x3e\
\x00\x00\x00\xe1\
\x3c\
\x73\x76\x67\x20\x78\x6d\x6c\x6e\x73\x3d\x22\x68\x74\x74\x70\x3a\
\x2f\x2f\x77\x77\x77\x2e\x77\x33\x2e\x6f\x72\x67\x2f\x32\x30\x30\
\x30\x2f\x73\x76\x67\x22\x20\x77\x69\x64\x74\x68\x3d\x22\x32\x34\
\x22\x20\x68\x65\x69\x67\x68\x74\x3d\x22\x32\x34\x22\x20\x76\x69\
\x65\x77\x42\x6f\x78\x3d\x22\x30\x20\x30\x20\x32\x34\x20\x32\x34\
\x22\x20\x66\x69\x6c\x6c\x3d\x22\x6e\x6f\x6e\x65\x22\x20\x73\x74\
\x72\x6f\x6b\x65\x3d\x22\x63\x75\x72\x72\x65\x6e\x74\x43\x6f\x6c\
\x6f\x72\x22\x20\x73\x74\x72\x6f\x6b\x65\x2d\x77\x69\x64\x74\x68\
\x3d\x22\x32\x22\x20\x73\x74\x72\x6f\x6b\x65\x2d\x6c\x69\x6e\x65\
\x63\x61\x70\x3d\x22\x72\x6f\x75\x6e\x64\x22\x20\x73\x74\x72\x6f\
\x6b\x65\x2d\x6c\x69\x6e\x65\x6a\x6f\x69\x6e\x3d\x22\x72\x6f\x75\
\x6e\x64\x22\x3e\x3c\x70\x6f\x6c\x79\x67\x6f\x6e\x20\x70\x6f\x69\
\x6e\x74\x73\x3d\x22\x35\x20\x33\x20\x31\x39\x20\x31\x32\x20\x35\
\x20\x32\x31\x20\x35\x20\x33\x22\x2f\x3e\x3c\x2f\x73\x76\x67\x3e\
\
\x00\x00\x01\x52\
\x3c\
\x73\x76\x67\x20\x78\x6d\x6c\x6e\x73\x3d\x22\x68\x74\x74\x70\x3a\
\x2f\x2f\x77\x77\x77\x2e\x77\x33\x2e\x6f\x72\x67\x2f\x32\x30\x30\
\x30\x2f\x73\x76\x67\x22\x20\x77\x69\x64\x74\x68\x3d\x22\x32\x34\
\x22\x20\x68\x65\x69\x67\x68\x74\x3d\x22\x32\x34\x22\x20\x76\x69\
\x65\x77\x42\x6f\x78\x3d\x22\x30\x20\x30\x20\x32\x34\x20\x32\x34\
\x22\x20\x66\x69\x6c\x6c\x3d\x22\x6e\x6f\x6e\x65\x22\x20\x73\x74\
\x72\x6f\x6b\x65\x3d\x22\x63\x75\x72\x72\x65\x6e\x74\x43\x6f\x6c\
\x6f\x72\x22\x20\x73\x74\x72\x6f\x6b\x65\x2d\x77\x69\x64\x74\x68\
\x3d\x22\x32\x22\x20\x73\x74\x72\x6f\x6b\x65\x2d\x6c\x69\x6e\x65\
\x63\x61\x70\x3d\x22\x72\x6f\x75\x6e\x64\x22\x20\x73\x74\x72\x6f\
\x6b\x65\x2d\x6c\x69\x6e\x65\x6a\x6f\x69\x6e\x3d\x22\x72\x6f\x75\
\x6e\x64\x22\x3e\x3c\x70\x6f\x6c\x79\x6c\x69\x6e\x65\x20\x70\x6f\
\x69\x6e\x74\x73\x3d\x22\x31\x20\x34\x20\x31\x20\x31\x30\x20\x37\
\x20\x31\x30\x22\x2f\x3e\x3c\x70\x6f\x6c\x79\x6c\x69\x6e\x65\x20\
\x70\x6f\x69\x6e\x74\x73\x3d\x22\x32\x33\x20\x32\x30\x20\x32\x33\
\x20\x31\x34\x20\x31\x37\x20\x31\x34\x22\x2f\x3e\x3c\x70\x61\x74\
\x68\x20\x64\x3d\x22\x4d\x32\x30\x2e\x34\x39\x20\x39\x41\x39\x20\
\x39\x20\x30\x20\x30\x20\x30\x20\x35\x2e\x36\x34\x20\x35\x2e\x36\
\x34\x4c\x31\x20\x31\x30\x6d\x32\x32\x20\x34\x6c\x2d\x34\x2e\x36\
\x34\x20\x34\x2e\x33\x36\x41\x39\x20\x39\x20\x30\x20\x30\x20\x31\
\x20\x33\x2e\x35\x31\x20\x31\x35\x22\x2f\x3e\x3c\x2f\x73\x76\x67\
\x3e\
\x00\x00\x01\x11\
\x3c\
\x73\x76\x67\x20\x78\x6d\x6c\x6e\x73\x3d\x22\x68\x74\x74\x70\x3a\
\x2f\x2f\x77\x77\x77\x2e\x77\x33\x2e\x6f\x72\x67\x2f\x32\x30\x30\
\x30\x2f\x73\x76\x67\x22\x20\x77\x69\x64\x74\x68\x3d\x22\x32\x34\
\x22\x20\x68\x65\x69\x67\x68\x74\x3d\x22\x32\x34\x22\x20\x76\x69\
\x65\x77\x42\x6f\x78\x3d\x22\x30\x20\x30\x20\x32\x34\x20\x32\x34\
\x22\x20\x66\x69\x6c\x6c\x3d\x22\x6e\x6f\x6e\x65\x22\x20\x73\x74\
\x72\x6f\x6b\x65\x3d\x22\x63\x75\x72\x72\x65\x6e\x74\x43\x6f\x6c\
\x6f\x72\x22\x20\x73\x74\x72\x6f\x6b\x65\x2d\x77\x69\x64\x74\x68\
\x3d\x22\x32\x22\x20\x73\x74\x72\x6f\x6b\x65\x2d\x6c\x69\x6e\x65\
\x63\x61\x70\x3d\x22\x72\x6f\x75\x6e\x64\x22\x20\x73\x74\x72\x6f\
\x6b\x65\x2d\x6c\x69\x6e\x65\x6a\x6f\x69\x6e\x3d\x22\x72\x6f\x75\
\x6e\x64\x22\x3e\x3c\x70\x6f\x6c\x79\x6c\x69\x6e\x65\x20\x70\x6f\
\x69\x6e\x74\x73\x3d\x22\x32\x33\x20\x31\x38\x20\x31\x33\x2e\x35\
\x20\x38\x2e\x35\x20\x38\x2e\x35\x20\x31\x33\x2e\x35\x20\x31\x20\
\x36\x22\x2f\x3e\x3c\x70\x6f\x6c\x79\x6c\x69\x6e\x65\x20\x70\x6f\
\x69\x6e\x74\x73\x3d\x22\x31\x37\x20\x31\x38\x20\x32\x33\x20\x31\
\x38\x20\x32\x33\x20\x31\x32\x22\x2f\x3e\x3c\x2f\x73\x76\x67\x3e\
\
\x00\x00\x01\x1d\
\x3c\
\x73\x76\x67\x20\x78\x6d\x6c\x6e\x73\x3d\x22\x68\x74\x74\x70\x3a\
\x2f\x2f\x77\x77\x77\x2e\x77\x33\x2e\x6f\x72\x67\x2f\x32\x30\x30\
\x30\x2f\x73\x76\x67\x22\x20\x77\x69\x64\x74\x68\x3d\x22\x32\x34\
\x22\x20\x68\x65\x69\x67\x68\x74\x3d\x22\x32\x34\x22\x20\x76\x69\
\x65\x77\x42\x6f\x78\x3d\x22\x30\x20\x30\x20\x32\x34\x20\x32\x34\
\x22\x20\x66\x69\x6c\x6c\x3d\x22\x6e\x6f\x6e\x65\x22\x20\x73\x74\
\x72\x6f\x6b\x65\x3d\x22\x63\x75\x72\x72\x65\x6e\x74\x43\x6f\x6c\
\x6f\x72\x22\x20\x73\x74\x72\x6f\x6b\x65\x2d\x77\x69\x64\x74\x68\
\x3d\x22\x32\x22\x20\x73\x74\x72\x6f\x6b\x65\x2d\x6c\x69\x6e\x65\
\x63\x61\x70\x3d\x22\x72\x6f\x75\x6e\x64\x22\x20\x73\x74\x72\x6f\
\x6b\x65\x2d\x6c\x69\x6e\x65\x6a\x6f\x69\x6e\x3d\x22\x72\x6f\x75\
\x6e\x64\x22\x3e\x3c\x72\x65\x63\x74\x20\x78\x3d\x22\x34\x22\x20\
\x79\x3d\x22\x32\x22\x20\x77\x69\x64\x74\x68\x3d\x22\x31\x36\x22\
\x20\x68\x65\x69\x67\x68\x74\x3d\x22\x32\x30\x22\x20\x72\x78\x3d\
\x22\x32\x22\x20\x72\x79\x3d\x22\x32\x22\x2f\x3e\x3c\x6c\x69\x6e\
\x65\x20\x78\x31\x3d\x22\x31\x32\x22\x20\x79\x31\x3d\x22\x31\x38\
\x22\x20\x78\x32\x3d\x22\x31\x32\x2e\x30\x31\x22\x20\x79\x32\x3d\
\x22\x31\x38\x22\x2f\x3e\x3c\x2f\x73\x76\x67\x3e\
\x00\x00\x01\x27\
\x3c\
\x73\x76\x67\x20\x78\x6d\x6c\x6e\x73\x3d\x22\x68\x74\x74\x70\x3a\
\x2f\x2f\x77\x77\x77\x2e\x77\x33\x2e\x6f\x72\x67\x2f\x32\x30\x30\
\x30\x2f\x73\x76\x67\x22\x20\x77\x69\x64\x74\x68\x3d\x22\x32\x34\
\x22\x20\x68\x65\x69\x67\x68\x74\x3d\x22\x32\x34\x22\x20\x76\x69\
\x65\x77\x42\x6f\x78\x3d\x22\x30\x20\x30\x20\x32\x34\x20\x32\x34\
\x22\x20\x66\x69\x6c\x6c\x3d\x22\x6e\x6f\x6e\x65\x22\x20\x73\x74\
\x72\x6f\x6b\x65\x3d\x22\x63\x75\x72\x72\x65\x6e\x74\x43\x6f\x6c\
\x6f\x72\x22\x20\x73\x74\x72\x6f\x6b\x65\x2d\x77\x69\x64\x74\x68\
\x3d\x22\x32\x22\x20\x73\x74\x72\x6f\x6b\x65\x2d\x6c\x69\x6e\x65\
\x63\x61\x70\x3d\x22\x72\x6f\x75\x6e\x64\x22\x20\x73\x74\x72\x6f\
\x6b\x65\x2d\x6c\x69\x6e\x65\x6a\x6f\x69\x6e\x3d\x22\x72\x6f\x75\
\x6e\x64\x22\x3e\x3c\x63\x69\x72\x63\x6c\x65\x20\x63\x78\x3d\x22\
\x31\x32\x22\x20\x63\x79\x3d\x22\x31\x32\x22\x20\x72\x3d\x22\x31\
\x30\x22\x2f\x3e\x3c\x6c\x69\x6e\x65\x20\x78\x31\x3d\x22\x31\x32\
\x22\x20\x79\x31\x3d\x22\x38\x22\x20\x78\x32\x3d\x22\x31\x32\x22\
\x20\x79\x32\x3d\x22\x31\x36\x22\x2f\x3e\x3c\x6c\x69\x6e\x65\x20\
\x78\x31\x3d\x22\x38\x22\x20\x79\x31\x3d\x22\x31\x32\x22\x20\x78\
\x32\x3d\x22\x31\x36\x22\x20\x79\x32\x3d\x22\x31\x32\x22\x2f\x3e\
\x3c\x2f\x73\x76\x67\x3e\
\x00\x00\x01\x2b\
\x3c\
\x73\x76\x67\x20\x78\x6d\x6c\x6e\x73\x3d\x22\x68\x74\x74\x70\x3a\
\x2f\x2f\x77\x77\x77\x2e\x77\x33\x2e\x6f\x72\x67\x2f\x32\x30\x30\
\x30\x2f\x73\x76\x67\x22\x20\x77\x69\x64\x74\x68\x3d\x22\x32\x34\
\x22\x20\x68\x65\x69\x67\x68\x74\x3d\x22\x32\x34\x22\x20\x76\x69\
\x65\x77\x42\x6f\x78\x3d\x22\x30\x20\x30\x20\x32\x34\x20\x32\x34\
\x22\x20\x66\x69\x6c\x6c\x3d\x22\x6e\x6f\x6e\x65\x22\x20\x73\x74\
\x72\x6f\x6b\x65\x3d\x22\x63\x75\x72\x72\x65\x6e\x74\x43\x6f\x6c\
\x6f\x72\x22\x20\x73\x74\x72\x6f\x6b\x65\x2d\x77\x69\x64\x74\x68\
\x3d\x22\x32\x22\x20\x73\x74\x72\x6f\x6b\x65\x2d\x6c\x69\x6e\x65\
\x63\x61\x70\x3d\x22\x72\x6f\x75\x6e\x64\x22\x20\x73\x74\x72\x6f\
\x6b\x65\x2d\x6c\x69\x6e\x65\x6a\x6f\x69\x6e\x3d\x22\x72\x6f\x75\
\x6e\x64\x22\x3e\x3c\x6c\x69\x6e\x65\x20\x78\x31\x3d\x22\x31\x39\
\x22\x20\x79\x31\x3d\x22\x34\x22\x20\x78\x32\x3d\x22\x31\x30\x22\
\x20\x79\x32\x3d\x22\x34\x22\x2f\x3e\x3c\x6c\x69\x6e\x65\x20\x78\
\x31\x3d\x22\x31\x34\x22\x20\x79\x31\x3d\x22\x32\x30\x22\x20\x78\
\x32\x3d\x22\x35\x22\x20\x79\x32\x3d\x22\x32\x30\x22\x2f\x3e\x3c\
\x6c\x69\x6e\x65\x20\x78\x31\x3d\x22\x31\x35\x22\x20\x79\x31\x3d\
\x22\x34\x22\x20\x78\x32\x3d\x22\x39\x22\x20\x79\x32\x3d\x22\x32\
\x30\x22\x2f\x3e\x3c\x2f\x73\x76\x67\x3e\
\x00\x00\x01\x01\
\x3c\
\x73\x76\x67\x20\x78\x6d\x6c\x6e\x73\x3d\x22\x68\x74\x74\x70\x3a\
\x2f\x2f\x77\x77\x77\x2e\x77\x33\x2e\x6f\x72\x67\x2f\x32\x30\x30\
\x30\x2f\x73\x76\x67\x22\x20\x77\x69\x64\x74\x68\x3d\x22\x32\x34\
\x22\x20\x68\x65\x69\x67\x68\x74\x3d\x22\x32\x34\x22\x20\x76\x69\
\x65\x77\x42\x6f\x78\x3d\x22\x30\x20\x30\x20\x32\x34\x20\x32\x34\
\x22\x20\x66\x69\x6c\x6c\x3d\x22\x6e\x6f\x6e\x65\x22\x20\x73\x74\
\x72\x6f\x6b\x65\x3d\x22\x63\x75\x72\x72\x65\x6e\x74\x43\x6f\x6c\
\x6f\x72\x22\x20\x73\x74\x72\x6f\x6b\x65\x2d\x77\x69\x64\x74\x68\
\x3d\x22\x32\x22\x20\x73\x74\x72\x6f\x6b\x65\x2d\x6c\x69\x6e\x65\
\x63\x61\x70\x3d\x22\x72\x6f\x75\x6e\x64\x22\x20\x73\x74\x72\x6f\
\x6b\x65\x2d\x6c\x69\x6e\x65\x6a\x6f\x69\x6e\x3d\x22\x72\x6f\x75\
\x6e\x64\x22\x3e\x3c\x63\x69\x72\x63\x6c\x65\x20\x63\x78\x3d\x22\
\x31\x32\x22\x20\x63\x79\x3d\x22\x31\x32\x22\x20\x72\x3d\x22\x31\
\x30\x22\x2f\x3e\x3c\x6c\x69\x6e\x65\x20\x78\x31\x3d\x22\x38\x22\
\x20\x79\x31\x3d\x22\x31\x32\x22\x20\x78\x32\x3d\x22\x31\x36\x22\
\x20\x79\x32\x3d\x22\x31\x32\x22\x2f\x3e\x3c\x2f\x73\x76\x67\x3e\
\
\x00\x00\x01\x53\
\x3c\
\x73\x76\x67\x20\x78\x6d\x6c\x6e\x73\x3d\x22\x68\x74\x74\x70\x3a\
\x2f\x2f\x77\x77\x77\x2e\x77\x33\x2e\x6f\x72\x67\x2f\x32\x30\x30\
\x30\x2f\x73\x76\x67\x22\x20\x77\x69\x64\x74\x68\x3d\x22\x32\x34\
\x22\x20\x68\x65\x69\x67\x68\x74\x3d\x22\x32\x34\x22\x20\x76\x69\
\x65\x77\x42\x6f\x78\x3d\x22\x30\x20\x30\x20\x32\x34\x20\x32\x34\
\x22\x20\x66\x69\x6c\x6c\x3d\x22\x6e\x6f\x6e\x65\x22\x20\x73\x74\
\x72\x6f\x6b\x65\x3d\x22\x63\x75\x72\x72\x65\x6e\x74\x43\x6f\x6c\
\x6f\x72\x22\x20\x73\x74\x72\x6f\x6b\x65\x2d\x77\x69\x64\x74\x68\
\x3d\x22\x32\x22\x20\x73\x74\x72\x6f\x6b\x65\x2d\x6c\x69\x6e\x65\
\x63\x61\x70\x3d\x22\x72\x6f\x75\x6e\x64\x22\x20\x73\x74\x72\x6f\
\x6b\x65\x2d\x6c\x69\x6e\x65\x6a\x6f\x69\x6e\x3d\x22\x72\x6f\x75\
\x6e\x64\x22\x3e\x3c\x63\x69\x72\x63\x6c\x65\x20\x63\x78\x3d\x22\
\x31\x31\x22\x20\x63\x79\x3d\x22\x31\x31\x22\x20\x72\x3d\x22\x38\
\x22\x2f\x3e\x3c\x6c\x69\x6e\x65\x20\x78\x31\x3d\x22\x32\x31\x22\
\x20\x79\x31\x3d\x22\x32\x31\x22\x20\x78\x32\x3d\x22\x31\x36\x2e\
\x36\x35\x22\x20\x79\x32\x3d\x22\x31\x36\x2e\x36\x35\x22\x2f\x3e\
\x3c\x6c\x69\x6e\x65\x20\x78\x31\x3d\x22\x31\x31\x22\x20\x79\x31\
\x3d\x22\x38\x22\x20\x78\x32\x3d\x22\x31\x31\x22\x20\x79\x32\x3d\
\x22\x31\x34\x22\x2f\x3e\x3c\x6c\x69\x6e\x65\x20\x78\x31\x3d\x22\
\x38\x22\x20\x79\x31\x3d\x22\x31\x31\x22\x20\x78\x32\x3d\x22\x31\
\x34\x22\x20\x79\x32\x3d\x22\x31\x31\x22\x2f\x3e\x3c\x2f\x73\x76\
\x67\x3e\
\x00\x00\x01\x44\
\x3c\
\x73\x76\x67\x20\x76\x69\x65\x77\x42\x6f\x78\x3d\x22\x30\x20\x30\
\x20\x32\x34\x20\x32\x34\x22\x20\x77\x69\x64\x74\x68\x3d\x22\x32\
\x34\x22\x20\x68\x65\x69\x67\x68\x74\x3d\x22\x32\x34\x22\x20\x78\
\x6d\x6c\x6e\x73\x3d\x22\x68\x74\x74\x70\x3a\x2f\x2f\x77\x77\x77\
\x2e\x77\x33\x2e\x6f\x72\x67\x2f\x32\x30\x30\x30\x2f\x73\x76\x67\
\x22\x20\x66\x69\x6c\x6c\x3d\x22\x6e\x6f\x6e\x65\x22\x20\x73\x74\
\x72\x6f\x6b\x65\x3d\x22\x63\x75\x72\x72\x65\x6e\x74\x43\x6f\x6c\
\x6f\x72\x22\x20\x73\x74\x72\x6f\x6b\x65\x2d\x77\x69\x64\x74\x68\
\x3d\x22\x32\x22\x20\x73\x74\x72\x6f\x6b\x65\x2d\x6c\x69\x6e\x65\
\x63\x61\x70\x3d\x22\x72\x6f\x75\x6e\x64\x22\x20\x73\x74\x72\x6f\
\x6b\x65\x2d\x6c\x69\x6e\x65\x6a\x6f\x69\x6e\x3d\x22\x72\x6f\x75\
\x6e\x64\x22\x3e\x3c\x72\x65\x63\x74\x20\x78\x3d\x22\x33\x22\x20\
\x79\x3d\x22\x33\x22\x20\x77\x69\x64\x74\x68\x3d\x22\x31\x38\x22\
\x20\x68\x65\x69\x67\x68\x74\x3d\x22\x31\x38\x22\x20\x72\x78\x3d\
\x22\x32\x22\x20\x72\x79\x3d\x22\x32\x22\x2f\x3e\x3c\x72\x65\x63\
\x74\x20\x78\x3d\x22\x37\x22\x20\x79\x3d\x22\x37\x22\x20\x77\x69\
\x64\x74\x68\x3d\x22\x33\x22\x20\x68\x65\x69\x67\x68\x74\x3d\x22\
\x39\x22\x2f\x3e\x3c\x72\x65\x63\x74\x20\x78\x3d\x22\x31\x34\x22\
\x20\x79\x3d\x22\x37\x22\x20\x77\x69\x64\x74\x68\x3d\x22\x33\x22\
\x20\x68\x65\x69\x67\x68\x74\x3d\x22\x35\x22\x2f\x3e\x3c\x2f\x73\
\x76\x67\x3e\
\x00\x00\x01\x44\
\x3c\
\x73\x76\x67\x20\x78\x6d\x6c\x6e\x73\x3d\x22\x68\x74\x74\x70\x3a\
\x2f\x2f\x77\x77\x77\x2e\x77\x33\x2e\x6f\x72\x67\x2f\x32\x30\x30\
\x30\x2f\x73\x76\x67\x22\x20\x77\x69\x64\x74\x68\x3d\x22\x32\x34\
\x22\x20\x68\x65\x69\x67\x68\x74\x3d\x22\x32\x34\x22\x20\x76\x69\
\x65\x77\x42\x6f\x78\x3d\x22\x30\x20\x30\x20\x32\x34\x20\x32\x34\
\x22\x20\x66\x69\x6c\x6c\x3d\x22\x6e\x6f\x6e\x65\x22\x20\x73\x74\
\x72\x6f\x6b\x65\x3d\x22\x63\x75\x72\x72\x65\x6e\x74\x43\x6f\x6c\
\x6f\x72\x22\x20\x73\x74\x72\x6f\x6b\x65\x2d\x77\x69\x64\x74\x68\
\x3d\x22\x32\x22\x20\x73\x74\x72\x6f\x6b\x65\x2d\x6c\x69\x6e\x65\
\x63\x61\x70\x3d\x22\x72\x6f\x75\x6e\x64\x22\x20\x73\x74\x72\x6f\
\x6b\x65\x2d\x6c\x69\x6e\x65\x6a\x6f\x69\x6e\x3d\x22\x72\x6f\x75\
\x6e\x64\x22\x3e\x3c\x70\x6f\x6c\x79\x67\x6f\x6e\x20\x70\x6f\x69\
\x6e\x74\x73\x3d\x22\x31\x20\x36\x20\x31\x20\x32\x32\x20\x38\x20\
\x31\x38\x20\x31\x36\x20\x32\x32\x20\x32\x33\x20\x31\x38\x20\x32\
\x33\x20\x32\x20\x31\x36\x20\x36\x20\x38\x20\x32\x20\x31\x20\x36\
\x22\x2f\x3e\x3c\x6c\x69\x6e\x65\x20\x78\x31\x3d\x22\x38\x22\x20\
\x79\x31\x3d\x22\x32\x22\x20\x78\x32\x3d\x22\x38\x22\x20\x79\x32\
\x3d\x22\x31\x38\x22\x2f\x3e\x3c\x6c\x69\x6e\x65\x20\x78\x31\x3d\
\x22\x31\x36\x22\x20\x79\x31\x3d\x22\x36\x22\x20\x78\x32\x3d\x22\
\x31\x36\x22\x20\x79\x32\x3d\x22\x32\x32\x22\x2f\x3e\x3c\x2f\x73\
\x76\x67\x3e\
\x00\x00\x01\x4f\
\x3c\
\x73\x76\x67\x20\x76\x69\x65\x77\x42\x6f\x78\x3d\x22\x30\x20\x30\
\x20\x32\x34\x20\x32\x34\x22\x20\x77\x69\x64\x74\x68\x3d\x22\x32\
\x34\x22\x20\x68\x65\x69\x67\x68\x74\x3d\x22\x32\x34\x22\x20\x78\
\x6d\x6c\x6e\x73\x3d\x22\x68\x74\x74\x70\x3a\x2f\x2f\x77\x77\x77\
\x2e\x77\x33\x2e\x6f\x72\x67\x2f\x32\x30\x30\x30\x2f\x73\x76\x67\
\x22\x20\x66\x69\x6c\x6c\x3d\x22\x6e\x6f\x6e\x65\x22\x20\x73\x74\
\x72\x6f\x6b\x65\x3d\x22\x63\x75\x72\x72\x65\x6e\x74\x43\x6f\x6c\
\x6f\x72\x22\x20\x73\x74\x72\x6f\x6b\x65\x2d\x77\x69\x64\x74\x68\
\x3d\x22\x32\x22\x20\x73\x74\x72\x6f\x6b\x65\x2d\x6c\x69\x6e\x65\
\x63\x61\x70\x3d\x22\x72\x6f\x75\x6e\x64\x22\x20\x73\x74\x72\x6f\
\x6b\x65\x2d\x6c\x69\x6e\x65\x6a\x6f\x69\x6e\x3d\x22\x72\x6f\x75\
\x6e\x64\x22\x3e\x3c\x63\x69\x72\x63\x6c\x65\x20\x63\x78\x3d\x22\
\x31\x32\x22\x20\x63\x79\x3d\x22\x31\x32\x22\x20\x72\x3d\x22\x31\
\x30\x22\x2f\x3e\x3c\x6c\x69\x6e\x65\x20\x78\x31\x3d\x22\x38\x22\
\x20\x79\x31\x3d\x22\x31\x35\x22\x20\x78\x32\x3d\x22\x31\x36\x22\
\x20\x79\x32\x3d\x22\x31\x35\x22\x2f\x3e\x3c\x6c\x69\x6e\x65\x20\
\x78\x31\x3d\x22\x39\x22\x20\x79\x31\x3d\x22\x39\x22\x20\x78\x32\
\x3d\x22\x39\x2e\x30\x31\x22\x20\x79\x32\x3d\x22\x39\x22\x2f\x3e\
\x3c\x6c\x69\x6e\x65\x20\x78\x31\x3d\x22\x31\x35\x22\x20\x79\x31\
\x3d\x22\x39\x22\x20\x78\x32\x3d\x22\x31\x35\x2e\x30\x31\x22\x20\
\x79\x32\x3d\x22\x39\x22\x2f\x3e\x3c\x2f\x73\x76\x67\x3e\
\x00\x00\x01\xef\
\x3c\
\x73\x76\x67\x20\x78\x6d\x6c\x6e\x73\x3d\x22\x68\x74\x74\x70\x3a\
\x2f\x2f\x77\x77\x77\x2e\x77\x33\x2e\x6f\x72\x67\x2f\x32\x30\x30\
\x30\x2f\x73\x76\x67\x22\x20\x77\x69\x64\x74\x68\x3d\x22\x32\x34\
\x22\x20\x68\x65\x69\x67\x68\x74\x3d\x22\x32\x34\x22\x20\x76\x69\
\x65\x77\x42\x6f\x78\x3d\x22\x30\x20\x30\x20\x32\x34\x20\x32\x34\
\x22\x20\x66\x69\x6c\x6c\x3d\x22\x6e\x6f\x6e\x65\x22\x20\x73\x74\
\x72\x6f\x6b\x65\x3d\x22\x63\x75\x72\x72\x65\x6e\x74\x43\x6f\x6c\
\x6f\x72\x22\x20\x73\x74\x72\x6f\x6b\x65\x2d\x77\x69\x64\x74\x68\
\x3d\x22\x32\x22\x20\x73\x74\x72\x6f\x6b\x65\x2d\x6c\x69\x6e\x65\
\x63\x61\x70\x3d\x22\x72\x6f\x75\x6e\x64\x22\x20\x73\x74\x72\x6f\
\x6b\x65\x2d\x6c\x69\x6e\x65\x6a\x6f\x69\x6e\x3d\x22\x72\x6f\x75\
\x6e\x64\x22\x3e\x3c\x70\x61\x74\x68\x20\x64\x3d\x22\x4d\x32\x30\
\x20\x31\x37\x2e\x35\x38\x41\x35\x20\x35\x20\x30\x20\x30\x20\x30\
\x20\x31\x38\x20\x38\x68\x2d\x31\x2e\x32\x36\x41\x38\x20\x38\x20\
\x30\x20\x31\x20\x30\x20\x34\x20\x31\x36\x2e\x32\x35\x22\x2f\x3e\
\x3c\x6c\x69\x6e\x65\x20\x78\x31\x3d\x22\x38\x22\x20\x79\x31\x3d\
\x22\x31\x36\x22\x20\x78\x32\x3d\x22\x38\x2e\x30\x31\x22\x20\x79\
\x32\x3d\x22\x31\x36\x22\x2f\x3e\x3c\x6c\x69\x6e\x65\x20\x78\x31\
\x3d\x22\x38\x22\x20\x79\x31\x3d\x22\x32\x30\x22\x20\x78\x32\x3d\
\x22\x38\x2e\x30\x31\x22\x20\x79\x32\x3d\x22\x32\x30\x22\x2f\x3e\
\x3c\x6c\x69\x6e\x65\x20\x78\x31\x3d\x22\x31\x32\x22\x20\x79\x31\
\x3d\x22\x31\x38\x22\x20\x78\x32\x3d\x22\x31\x32\x2e\x30\x31\x22\
\x20\x79\x32\x3d\x22\x31\x38\x22\x2f\x3e\x3c\x6c\x69\x6e\x65\x20\
\x78\x31\x3d\x22\x31\x32\x22\x20\x79\x31\x3d\x22\x32\x32\x22\x20\
\x78\x32\x3d\x22\x31\x32\x2e\x30\x31\x22\x20\x79\x32\x3d\x22\x32\
\x32\x22\x2f\x3e\x3c\x6c\x69\x6e\x65\x20\x78\x31\x3d\x22\x31\x36\
\x22\x20\x79\x31\x3d\x22\x31\x36\x22\x20\x78\x32\x3d\x22\x31\x36\
\x2e\x30\x31\x22\x20\x79\x32\x3d\x22\x31\x36\x22\x2f\x3e\x3c\x6c\
\x69\x6e\x65\x20\x78\x31\x3d\x22\x31\x36\x22\x20\x79\x31\x3d\x22\
\x32\x30\x22\x20\x78\x32\x3d\x22\x31\x36\x2e\x30\x31\x22\x20\x79\
\x32\x3d\x22\x32\x30\x22\x2f\x3e\x3c\x2f\x73\x76\x67\x3e\
\x00\x00\x01\x07\
\x3c\
\x73\x76\x67\x20\x78\x6d\x6c\x6e\x73\x3d\x22\x68\x74\x74\x70\x3a\
\x2f\x2f\x77\x77\x77\x2e\x77\x33\x2e\x6f\x72\x67\x2f\x32\x30\x30\
\x30\x2f\x73\x76\x67\x22\x20\x77\x69\x64\x74\x68\x3d\x22\x32\x34\
\x22\x20\x68\x65\x69\x67\x68\x74\x3d\x22\x32\x34\x22\x20\x76\x69\
\x65\x77\x42\x6f\x78\x3d\x22\x30\x20\x30\x20\x32\x34\x20\x32\x34\
\x22\x20\x66\x69\x6c\x6c\x3d\x22\x6e\x6f\x6e\x65\x22\x20\x73\x74\
\x72\x6f\x6b\x65\x3d\x22\x63\x75\x72\x72\x65\x6e\x74\x43\x6f\x6c\
\x6f\x72\x22\x20\x73\x74\x72\x6f\x6b\x65\x2d\x77\x69\x64\x74\x68\
\x3d\x22\x32\x22\x20\x73\x74\x72\x6f\x6b\x65\x2d\x6c\x69\x6e\x65\
\x63\x61\x70\x3d\x22\x72\x6f\x75\x6e\x64\x22\x20\x73\x74\x72\x6f\
\x6b\x65\x2d\x6c\x69\x6e\x65\x6a\x6f\x69\x6e\x3d\x22\x72\x6f\x75\
\x6e\x64\x22\x3e\x3c\x6c\x69\x6e\x65\x20\x78\x31\x3d\x22\x31\x32\
\x22\x20\x79\x31\x3d\x22\x35\x22\x20\x78\x32\x3d\x22\x31\x32\x22\
\x20\x79\x32\x3d\x22\x31\x39\x22\x2f\x3e\x3c\x6c\x69\x6e\x65\x20\
\x78\x31\x3d\x22\x35\x22\x20\x79\x31\x3d\x22\x31\x32\x22\x20\x78\
\x32\x3d\x22\x31\x39\x22\x20\x79\x32\x3d\x22\x31\x32\x22\x2f\x3e\
\x3c\x2f\x73\x76\x67\x3e\
\x00\x00\x00\xf1\
\x3c\
\x73\x76\x67\x20\x77\x69\x64\x74\x68\x3d\x22\x32\x34\x22\x20\x68\
\x65\x69\x67\x68\x74\x3d\x22\x32\x34\x22\x20\x76\x69\x65\x77\x42\
\x6f\x78\x3d\x22\x30\x20\x30\x20\x32\x34\x20\x32\x34\x22\x20\x78\
\x6d\x6c\x6e\x73\x3d\x22\x68\x74\x74\x70\x3a\x2f\x2f\x77\x77\x77\
\x2e\x77\x33\x2e\x6f\x72\x67\x2f\x32\x30\x30\x30\x2f\x73\x76\x67\
\x22\x20\x66\x69\x6c\x6c\x3d\x22\x6e\x6f\x6e\x65\x22\x20\x73\x74\
\x72\x6f\x6b\x65\x3d\x22\x63\x75\x72\x72\x65\x6e\x74\x43\x6f\x6c\
\x6f\x72\x22\x20\x73\x74\x72\x6f\x6b\x65\x2d\x77\x69\x64\x74\x68\
\x3d\x22\x32\x22\x20\x73\x74\x72\x6f\x6b\x65\x2d\x6c\x69\x6e\x65\
\x63\x61\x70\x3d\x22\x72\x6f\x75\x6e\x64\x22\x20\x73\x74\x72\x6f\
\x6b\x65\x2d\x6c\x69\x6e\x65\x6a\x6f\x69\x6e\x3d\x22\x72\x6f\x75\
\x6e\x64\x22\x3e\x3c\x70\x61\x74\x68\x20\x64\x3d\x22\x4d\x35\x20\
\x31\x36\x56\x39\x68\x31\x34\x56\x32\x48\x35\x6c\x31\x34\x20\x31\
\x34\x68\x2d\x37\x6d\x2d\x37\x20\x30\x6c\x37\x20\x37\x76\x2d\x37\
\x6d\x2d\x37\x20\x30\x68\x37\x22\x2f\x3e\x3c\x2f\x73\x76\x67\x3e\
\
\x00\x00\x01\x08\
\x3c\
\x73\x76\x67\x20\x78\x6d\x6c\x6e\x73\x3d\x22\x68\x74\x74\x70\x3a\
\x2f\x2f\x77\x77\x77\x2e\x77\x33\x2e\x6f\x72\x67\x2f\x32\x30\x30\
\x30\x2f\x73\x76\x67\x22\x20\x77\x69\x64\x74\x68\x3d\x22\x32\x34\
\x22\x20\x68\x65\x69\x67\x68\x74\x3d\x22\x32\x34\x22\x20\x76\x69\
\x65\x77\x42\x6f\x78\x3d\x22\x30\x20\x30\x20\x32\x34\x20\x32\x34\
\x22\x20\x66\x69\x6c\x6c\x3d\x22\x6e\x6f\x6e\x65\x22\x20\x73\x74\
\x72\x6f\x6b\x65\x3d\x22\x63\x75\x72\x72\x65\x6e\x74\x43\x6f\x6c\
\x6f\x72\x22\x20\x73\x74\x72\x6f\x6b\x65\x2d\x77\x69\x64\x74\x68\
\x3d\x22\x32\x22\x20\x73\x74\x72\x6f\x6b\x65\x2d\x6c\x69\x6e\x65\
\x63\x61\x70\x3d\x22\x72\x6f\x75\x6e\x64\x22\x20\x73\x74\x72\x6f\
\x6b\x65\x2d\x6c\x69\x6e\x65\x6a\x6f\x69\x6e\x3d\x22\x72\x6f\x75\
\x6e\x64\x22\x3e\x3c\x70\x6f\x6c\x79\x67\x6f\x6e\x20\x70\x6f\x69\
\x6e\x74\x73\x3d\x22\x31\x39\x20\x32\x30\x20\x39\x20\x31\x32\x20\
\x31\x39\x20\x34\x20\x31\x39\x20\x32\x30\x22\x2f\x3e\x3c\x6c\x69\
\x6e\x65\x20\x78\x31\x3d\x22\x35\x22\x20\x79\x31\x3d\x22\x31\x39\
\x22\x20\x78\x32\x3d\x22\x35\x22\x20\x79\x32\x3d\x22\x35\x22\x2f\
\x3e\x3c\x2f\x73\x76\x67\x3e\
\x00\x00\x01\x3e\
\x3c\
\x73\x76\x67\x20\x78\x6d\x6c\x6e\x73\x3d\x22\x68\x74\x74\x70\x3a\
\x2f\x2f\x77\x77\x77\x2e\x77\x33\x2e\x6f\x72\x67\x2f\x32\x30\x30\
\x30\x2f\x73\x76\x67\x22\x20\x77\x69\x64\x74\x68\x3d\x22\x32\x34\
\x22\x20\x68\x65\x69\x67\x68\x74\x3d\x22\x32\x34\x22\x20\x76\x69\
\x65\x77\x42\x6f\x78\x3d\x22\x30\x20\x30\x20\x32\x34\x20\x32\x34\
\x22\x20\x66\x69\x6c\x6c\x3d\x22\x6e\x6f\x6e\x65\x22\x20\x73\x74\
\x72\x6f\x6b\x65\x3d\x22\x63\x75\x72\x72\x65\x6e\x74\x43\x6f\x6c\
\x6f\x72\x22\x20\x73\x74\x72\x6f\x6b\x65\x2d\x77\x69\x64\x74\x68\
\x3d\x22\x32\x22\x20\x73\x74\x72\x6f\x6b\x65\x2d\x6c\x69\x6e\x65\
\x63\x61\x70\x3d\x22\x72\x6f\x75\x6e\x64\x22\x20\x73\x74\x72\x6f\
\x6b\x65\x2d\x6c\x69\x6e\x65\x6a\x6f\x69\x6e\x3d\x22\x72\x6f\x75\
\x6e\x64\x22\x3e\x3c\x63\x69\x72\x63\x6c\x65\x20\x63\x78\x3d\x22\
\x31\x38\x22\x20\x63\x79\x3d\x22\x31\x38\x22\x20\x72\x3d\x22\x33\
\x22\x2f\x3e\x3c\x63\x69\x72\x63\x6c\x65\x20\x63\x78\x3d\x22\x36\
\x22\x20\x63\x79\x3d\x22\x36\x22\x20\x72\x3d\x22\x33\x22\x2f\x3e\
\x3c\x70\x61\x74\x68\x20\x64\x3d\x22\x4d\x31\x33\x20\x36\x68\x33\
\x61\x32\x20\x32\x20\x30\x20\x30\x20\x31\x20\x32\x20\x32\x76\x37\
\x22\x2f\x3e\x3c\x6c\x69\x6e\x65\x20\x78\x31\x3d\x22\x36\x22\x20\
\x79\x31\x3d\x22\x39\x22\x20\x78\x32\x3d\x22\x36\x22\x20\x79\x32\
\x3d\x22\x32\x31\x22\x2f\x3e\x3c\x2f\x73\x76\x67\x3e\
\x00\x00\x00\xff\
\x3c\
\x73\x76\x67\x20\x78\x6d\x6c\x6e\x73\x3d\x22\x68\x74\x74\x70\x3a\
\x2f\x2f\x77\x77\x77\x2e\x77\x33\x2e\x6f\x72\x67\x2f\x32\x30\x30\
\x30\x2f\x73\x76\x67\x22\x20\x77\x69\x64\x74\x68\x3d\x22\x32\x34\
\x22\x20\x68\x65\x69\x67\x68\x74\x3d\x22\x32\x34\x22\x20\x76\x69\
\x65\x77\x42\x6f\x78\x3d\x22\x30\x20\x30\x20\x32\x34\x20\x32\x34\
\x22\x20\x66\x69\x6c\x6c\x3d\x22\x6e\x6f\x6e\x65\x22\x20\x73\x74\
\x72\x6f\x6b\x65\x3d\x22\x63\x75\x72\x72\x65\x6e\x74\x43\x6f\x6c\
\x6f\x72\x22\x20\x73\x74\x72\x6f\x6b\x65\x2d\x77\x69\x64\x74\x68\
\x3d\x22\x32\x22\x20\x73\x74\x72\x6f\x6b\x65\x2d\x6c\x69\x6e\x65\
\x63\x61\x70\x3d\x22\x72\x6f\x75\x6e\x64\x22\x20\x73\x74\x72\x6f\
\x6b\x65\x2d\x6c\x69\x6e\x65\x6a\x6f\x69\x6e\x3d\x22\x72\x6f\x75\
\x6e\x64\x22\x3e\x3c\x70\x61\x74\x68\x20\x64\x3d\x22\x4d\x31\x34\
\x20\x31\x34\x2e\x37\x36\x56\x33\x2e\x35\x61\x32\x2e\x35\x20\x32\
\x2e\x35\x20\x30\x20\x30\x20\x30\x2d\x35\x20\x30\x76\x31\x31\x2e\
\x32\x36\x61\x34\x2e\x35\x20\x34\x2e\x35\x20\x30\x20\x31\x20\x30\
\x20\x35\x20\x30\x7a\x22\x2f\x3e\x3c\x2f\x73\x76\x67\x3e\
\x00\x00\x01\x6e\
\x3c\
\x73\x76\x67\x20\x78\x6d\x6c\x6e\x73\x3d\x22\x68\x74\x74\x70\x3a\
\x2f\x2f\x77\x77\x77\x2e\x77\x33\x2e\x6f\x72\x67\x2f\x32\x30\x30\
\x30\x2f\x73\x76\x67\x22\x20\x77\x69\x64\x74\x68\x3d\x22\x32\x34\
\x22\x20\x68\x65\x69\x67\x68\x74\x3d\x22\x32\x34\x22\x20\x76\x69\
\x65\x77\x42\x6f\x78\x3d\x22\x30\x20\x30\x20\x32\x34\x20\x32\x34\
\x22\x20\x66\x69\x6c\x6c\x3d\x22\x6e\x6f\x6e\x65\x22\x20\x73\x74\
\x72\x6f\x6b\x65\x3d\x22\x63\x75\x72\x72\x65\x6e\x74\x43\x6f\x6c\
\x6f\x72\x22\x20\x73\x74\x72\x6f\x6b\x65\x2d\x77\x69\x64\x74\x68\
\x3d\x22\x32\x22\x20\x73\x74\x72\x6f\x6b\x65\x2d\x6c\x69\x6e\x65\
\x63\x61\x70\x3d\x22\x72\x6f\x75\x6e\x64\x22\x20\x73\x74\x72\x6f\
\x6b\x65\x2d\x6c\x69\x6e\x65\x6a\x6f\x69\x6e\x3d\x22\x72\x6f\x75\
\x6e\x64\x22\x3e\x3c\x70\x61\x74\x68\x20\x64\x3d\x22\x4d\x31\x32\
\x20\x31\x61\x33\x20\x33\x20\x30\x20\x30\x20\x30\x2d\x33\x20\x33\
\x76\x38\x61\x33\x20\x33\x20\x30\x20\x30\x20\x30\x20\x36\x20\x30\
\x56\x34\x61\x33\x20\x33\x20\x30\x20\x30\x20\x30\x2d\x33\x2d\x33\
\x7a\x22\x2f\x3e\x3c\x70\x61\x74\x68\x20\x64\x3d\x22\x4d\x31\x39\
\x20\x31\x30\x76\x32\x61\x37\x20\x37\x20\x30\x20\x30\x20\x31\x2d\
\x31\x34\x20\x30\x76\x2d\x32\x22\x2f\x3e\x3c\x6c\x69\x6e\x65\x20\
\x78\x31\x3d\x22\x31\x32\x22\x20\x79\x31\x3d\x22\x31\x39\x22\x20\
\x78\x32\x3d\x22\x31\x32\x22\x20\x79\x32\x3d\x22\x32\x33\x22\x2f\
\x3e\x3c\x6c\x69\x6e\x65\x20\x78\x31\x3d\x22\x38\x22\x20\x79\x31\
\x3d\x22\x32\x33\x22\x20\x78\x32\x3d\x22\x31\x36\x22\x20\x79\x32\
\x3d\x22\x32\x33\x22\x2f\x3e\x3c\x2f\x73\x76\x67\x3e\
\x00\x00\x01\x3b\
\x3c\
\x73\x76\x67\x20\x78\x6d\x6c\x6e\x73\x3d\x22\x68\x74\x74\x70\x3a\
\x2f\x2f\x77\x77\x77\x2e\x77\x33\x2e\x6f\x72\x67\x2f\x32\x30\x30\
\x30\x2f\x73\x76\x67\x22\x20\x77\x69\x64\x74\x68\x3d\x22\x32\x34\
\x22\x20\x68\x65\x69\x67\x68\x74\x3d\x22\x32\x34\x22\x20\x76\x69\
\x65\x77\x42\x6f\x78\x3d\x22\x30\x20\x30\x20\x32\x34\x20\x32\x34\
\x22\x20\x66\x69\x6c\x6c\x3d\x22\x6e\x6f\x6e\x65\x22\x20\x73\x74\
\x72\x6f\x6b\x65\x3d\x22\x63\x75\x72\x72\x65\x6e\x74\x43\x6f\x6c\
\x6f\x72\x22\x20\x73\x74\x72\x6f\x6b\x65\x2d\x77\x69\x64\x74\x68\
\x3d\x22\x32\x22\x20\x73\x74\x72\x6f\x6b\x65\x2d\x6c\x69\x6e\x65\
\x63\x61\x70\x3d\x22\x72\x6f\x75\x6e\x64\x22\x20\x73\x74\x72\x6f\
\x6b\x65\x2d\x6c\x69\x6e\x65\x6a\x6f\x69\x6e\x3d\x22\x72\x6f\x75\
\x6e\x64\x22\x3e\x3c\x70\x61\x74\x68\x20\x64\x3d\x22\x4d\x31\x35\
\x20\x33\x68\x34\x61\x32\x20\x32\x20\x30\x20\x30\x20\x31\x20\x32\
\x20\x32\x76\x31\x34\x61\x32\x20\x32\x20\x30\x20\x30\x20\x31\x2d\
\x32\x20\x32\x68\x2d\x34\x22\x2f\x3e\x3c\x70\x6f\x6c\x79\x6c\x69\
\x6e\x65\x20\x70\x6f\x69\x6e\x74\x73\x3d\x22\x31\x30\x20\x31\x37\
\x20\x31\x35\x20\x31\x32\x20\x31\x30\x20\x37\x22\x2f\x3e\x3c\x6c\
\x69\x6e\x65\x20\x78\x31\x3d\x22\x31\x35\x22\x20\x79\x31\x3d\x22\
\x31\x32\x22\x20\x78\x32\x3d\x22\x33\x22\x20\x79\x32\x3d\x22\x31\
\x32\x22\x2f\x3e\x3c\x2f\x73\x76\x67\x3e\
\x00\x00\x01\x53\
\x3c\
\x73\x76\x67\x20\x78\x6d\x6c\x6e\x73\x3d\x22\x68\x74\x74\x70\x3a\
\x2f\x2f\x77\x77\x77\x2e\x77\x33\x2e\x6f\x72\x67\x2f\x32\x30\x30\
\x30\x2f\x73\x76\x67\x22\x20\x77\x69\x64\x74\x68\x3d\x22\x32\x34\
\x22\x20\x68\x65\x69\x67\x68\x74\x3d\x22\x32\x34\x22\x20\x76\x69\
\x65\x77\x42\x6f\x78\x3d\x22\x30\x20\x30\x20\x32\x34\x20\x32\x34\
\x22\x20\x66\x69\x6c\x6c\x3d\x22\x6e\x6f\x6e\x65\x22\x20\x73\x74\
\x72\x6f\x6b\x65\x3d\x22\x63\x75\x72\x72\x65\x6e\x74\x43\x6f\x6c\
\x6f\x72\x22\x20\x73\x74\x72\x6f\x6b\x65\x2d\x77\x69\x64\x74\x68\
\x3d\x22\x32\x22\x20\x73\x74\x72\x6f\x6b\x65\x2d\x6c\x69\x6e\x65\
\x63\x61\x70\x3d\x22\x72\x6f\x75\x6e\x64\x22\x20\x73\x74\x72\x6f\
\x6b\x65\x2d\x6c\x69\x6e\x65\x6a\x6f\x69\x6e\x3d\x22\x72\x6f\x75\
\x6e\x64\x22\x3e\x3c\x70\x6f\x6c\x79\x6c\x69\x6e\x65\x20\x70\x6f\
\x69\x6e\x74\x73\x3d\x22\x32\x33\x20\x34\x20\x32\x33\x20\x31\x30\
\x20\x31\x37\x20\x31\x30\x22\x2f\x3e\x3c\x70\x6f\x6c\x79\x6c\x69\
\x6e\x65\x20\x70\x6f\x69\x6e\x74\x73\x3d\x22\x31\x20\x32\x30\x20\
\x31\x20\x31\x34\x20\x37\x20\x31\x34\x22\x2f\x3e\x3c\x70\x61\x74\
\x68\x20\x64\x3d\x22\x4d\x33\x2e\x35\x31\x20\x39\x61\x39\x20\x39\
\x20\x30\x20\x30\x20\x31\x20\x31\x34\x2e\x38\x35\x2d\x33\x2e\x33\
\x36\x4c\x32\x33\x20\x31\x30\x4d\x31\x20\x31\x34\x6c\x34\x2e\x36\
\x34\x20\x34\x2e\x33\x36\x41\x39\x20\x39\x20\x30\x20\x30\x20\x30\
\x20\x32\x30\x2e\x34\x39\x20\x31\x35\x22\x2f\x3e\x3c\x2f\x73\x76\
\x67\x3e\
\x00\x00\x01\x25\
\x3c\
\x73\x76\x67\x20\x78\x6d\x6c\x6e\x73\x3d\x22\x68\x74\x74\x70\x3a\
\x2f\x2f\x77\x77\x77\x2e\x77\x33\x2e\x6f\x72\x67\x2f\x32\x30\x30\
\x30\x2f\x73\x76\x67\x22\x20\x77\x69\x64\x74\x68\x3d\x22\x32\x34\
\x22\x20\x68\x65\x69\x67\x68\x74\x3d\x22\x32\x34\x22\x20\x76\x69\
\x65\x77\x42\x6f\x78\x3d\x22\x30\x20\x30\x20\x32\x34\x20\x32\x34\
\x22\x20\x66\x69\x6c\x6c\x3d\x22\x6e\x6f\x6e\x65\x22\x20\x73\x74\
\x72\x6f\x6b\x65\x3d\x22\x63\x75\x72\x72\x65\x6e\x74\x43\x6f\x6c\
\x6f\x72\x22\x20\x73\x74\x72\x6f\x6b\x65\x2d\x77\x69\x64\x74\x68\
\x3d\x22\x32\x22\x20\x73\x74\x72\x6f\x6b\x65\x2d\x6c\x69\x6e\x65\
\x63\x61\x70\x3d\x22\x72\x6f\x75\x6e\x64\x22\x20\x73\x74\x72\x6f\
\x6b\x65\x2d\x6c\x69\x6e\x65\x6a\x6f\x69\x6e\x3d\x22\x72\x6f\x75\
\x6e\x64\x22\x3e\x3c\x63\x69\x72\x63\x6c\x65\x20\x63\x78\x3d\x22\
\x31\x32\x22\x20\x63\x79\x3d\x22\x31\x32\x22\x20\x72\x3d\x22\x31\
\x30\x22\x2f\x3e\x3c\x70\x6f\x6c\x79\x6c\x69\x6e\x65\x20\x70\x6f\
\x69\x6e\x74\x73\x3d\x22\x31\x36\x20\x31\x32\x20\x31\x32\x20\x38\
\x20\x38\x20\x31\x32\x22\x2f\x3e\x3c\x6c\x69\x6e\x65\x20\x78\x31\
\x3d\x22\x31\x32\x22\x20\x79\x31\x3d\x22\x31\x36\x22\x20\x78\x32\
\x3d\x22\x31\x32\x22\x20\x79\x32\x3d\x22\x38\x22\x2f\x3e\x3c\x2f\
\x73\x76\x67\x3e\
\x00\x00\x01\x79\
\x3c\
\x73\x76\x67\x20\x78\x6d\x6c\x6e\x73\x3d\x22\x68\x74\x74\x70\x3a\
\x2f\x2f\x77\x77\x77\x2e\x77\x33\x2e\x6f\x72\x67\x2f\x32\x30\x30\
\x30\x2f\x73\x76\x67\x22\x20\x77\x69\x64\x74\x68\x3d\x22\x32\x34\
\x22\x20\x68\x65\x69\x67\x68\x74\x3d\x22\x32\x34\x22\x20\x76\x69\
\x65\x77\x42\x6f\x78\x3d\x22\x30\x20\x30\x20\x32\x34\x20\x32\x34\
\x22\x20\x66\x69\x6c\x6c\x3d\x22\x6e\x6f\x6e\x65\x22\x20\x73\x74\
\x72\x6f\x6b\x65\x3d\x22\x63\x75\x72\x72\x65\x6e\x74\x43\x6f\x6c\
\x6f\x72\x22\x20\x73\x74\x72\x6f\x6b\x65\x2d\x77\x69\x64\x74\x68\
\x3d\x22\x32\x22\x20\x73\x74\x72\x6f\x6b\x65\x2d\x6c\x69\x6e\x65\
\x63\x61\x70\x3d\x22\x72\x6f\x75\x6e\x64\x22\x20\x73\x74\x72\x6f\
\x6b\x65\x2d\x6c\x69\x6e\x65\x6a\x6f\x69\x6e\x3d\x22\x72\x6f\x75\
\x6e\x64\x22\x3e\x3c\x63\x69\x72\x63\x6c\x65\x20\x63\x78\x3d\x22\
\x31\x32\x22\x20\x63\x79\x3d\x22\x31\x32\x22\x20\x72\x3d\x22\x31\
\x30\x22\x2f\x3e\x3c\x70\x61\x74\x68\x20\x64\x3d\x22\x4d\x38\x2e\
\x35\x36\x20\x32\x2e\x37\x35\x63\x34\x2e\x33\x37\x20\x36\x2e\x30\
\x33\x20\x36\x2e\x30\x32\x20\x39\x2e\x34\x32\x20\x38\x2e\x30\x33\
\x20\x31\x37\x2e\x37\x32\x6d\x32\x2e\x35\x34\x2d\x31\x35\x2e\x33\
\x38\x63\x2d\x33\x2e\x37\x32\x20\x34\x2e\x33\x35\x2d\x38\x2e\x39\
\x34\x20\x35\x2e\x36\x36\x2d\x31\x36\x2e\x38\x38\x20\x35\x2e\x38\
\x35\x6d\x31\x39\x2e\x35\x20\x31\x2e\x39\x63\x2d\x33\x2e\x35\x2d\
\x2e\x39\x33\x2d\x36\x2e\x36\x33\x2d\x2e\x38\x32\x2d\x38\x2e\x39\
\x34\x20\x30\x2d\x32\x2e\x35\x38\x2e\x39\x32\x2d\x35\x2e\x30\x31\
\x20\x32\x2e\x38\x36\x2d\x37\x2e\x34\x34\x20\x36\x2e\x33\x32\x22\
\x2f\x3e\x3c\x2f\x73\x76\x67\x3e\
\x00\x00\x01\x01\
\x3c\
\x73\x76\x67\x20\x78\x6d\x6c\x6e\x73\x3d\x22\x68\x74\x74\x70\x3a\
\x2f\x2f\x77\x77\x77\x2e\x77\x33\x2e\x6f\x72\x67\x2f\x32\x30\x30\
\x30\x2f\x73\x76\x67\x22\x20\x77\x69\x64\x74\x68\x3d\x22\x32\x34\
\x22\x20\x68\x65\x69\x67\x68\x74\x3d\x22\x32\x34\x22\x20\x76\x69\
\x65\x77\x42\x6f\x78\x3d\x22\x30\x20\x30\x20\x32\x34\x20\x32\x34\
\x22\x20\x66\x69\x6c\x6c\x3d\x22\x6e\x6f\x6e\x65\x22\x20\x73\x74\
\x72\x6f\x6b\x65\x3d\x22\x63\x75\x72\x72\x65\x6e\x74\x43\x6f\x6c\
\x6f\x72\x22\x20\x73\x74\x72\x6f\x6b\x65\x2d\x77\x69\x64\x74\x68\
\x3d\x22\x32\x22\x20\x73\x74\x72\x6f\x6b\x65\x2d\x6c\x69\x6e\x65\
\x63\x61\x70\x3d\x22\x72\x6f\x75\x6e\x64\x22\x20\x73\x74\x72\x6f\
\x6b\x65\x2d\x6c\x69\x6e\x65\x6a\x6f\x69\x6e\x3d\x22\x72\x6f\x75\
\x6e\x64\x22\x3e\x3c\x70\x6f\x6c\x79\x6c\x69\x6e\x65\x20\x70\x6f\
\x69\x6e\x74\x73\x3d\x22\x31\x30\x20\x39\x20\x31\x35\x20\x34\x20\
\x32\x30\x20\x39\x22\x2f\x3e\x3c\x70\x61\x74\x68\x20\x64\x3d\x22\
\x4d\x34\x20\x32\x30\x68\x37\x61\x34\x20\x34\x20\x30\x20\x30\x20\
\x30\x20\x34\x2d\x34\x56\x34\x22\x2f\x3e\x3c\x2f\x73\x76\x67\x3e\
\
\x00\x00\x01\x3a\
\x3c\
\x73\x76\x67\x20\x78\x6d\x6c\x6e\x73\x3d\x22\x68\x74\x74\x70\x3a\
\x2f\x2f\x77\x77\x77\x2e\x77\x33\x2e\x6f\x72\x67\x2f\x32\x30\x30\
\x30\x2f\x73\x76\x67\x22\x20\x77\x69\x64\x74\x68\x3d\x22\x32\x34\
\x22\x20\x68\x65\x69\x67\x68\x74\x3d\x22\x32\x34\x22\x20\x76\x69\
\x65\x77\x42\x6f\x78\x3d\x22\x30\x20\x30\x20\x32\x34\x20\x32\x34\
\x22\x20\x66\x69\x6c\x6c\x3d\x22\x6e\x6f\x6e\x65\x22\x20\x73\x74\
\x72\x6f\x6b\x65\x3d\x22\x63\x75\x72\x72\x65\x6e\x74\x43\x6f\x6c\
\x6f\x72\x22\x20\x73\x74\x72\x6f\x6b\x65\x2d\x77\x69\x64\x74\x68\
\x3d\x22\x32\x22\x20\x73\x74\x72\x6f\x6b\x65\x2d\x6c\x69\x6e\x65\
\x63\x61\x70\x3d\x22\x72\x6f\x75\x6e\x64\x22\x20\x73\x74\x72\x6f\
\x6b\x65\x2d\x6c\x69\x6e\x65\x6a\x6f\x69\x6e\x3d\x22\x72\x6f\x75\
\x6e\x64\x22\x3e\x3c\x6c\x69\x6e\x65\x20\x78\x31\x3d\x22\x36\x22\
\x20\x79\x31\x3d\x22\x33\x22\x20\x78\x32\x3d\x22\x36\x22\x20\x79\
\x32\x3d\x22\x31\x35\x22\x2f\x3e\x3c\x63\x69\x72\x63\x6c\x65\x20\
\x63\x78\x3d\x22\x31\x38\x22\x20\x63\x79\x3d\x22\x36\x22\x20\x72\
\x3d\x22\x33\x22\x2f\x3e\x3c\x63\x69\x72\x63\x6c\x65\x20\x63\x78\
\x3d\x22\x36\x22\x20\x63\x79\x3d\x22\x31\x38\x22\x20\x72\x3d\x22\
\x33\x22\x2f\x3e\x3c\x70\x61\x74\x68\x20\x64\x3d\x22\x4d\x31\x38\
\x20\x39\x61\x39\x20\x39\x20\x30\x20\x30\x20\x31\x2d\x39\x20\x39\
\x22\x2f\x3e\x3c\x2f\x73\x76\x67\x3e\
\x00\x00\x01\x20\
\x3c\
\x73\x76\x67\x20\x77\x69\x64\x74\x68\x3d\x22\x32\x34\x22\x20\x68\
\x65\x69\x67\x68\x74\x3d\x22\x32\x34\x22\x20\x76\x69\x65\x77\x42\
\x6f\x78\x3d\x22\x30\x20\x30\x20\x32\x34\x20\x32\x34\x22\x20\x78\
\x6d\x6c\x6e\x73\x3d\x22\x68\x74\x74\x70\x3a\x2f\x2f\x77\x77\x77\
\x2e\x77\x33\x2e\x6f\x72\x67\x2f\x32\x30\x30\x30\x2f\x73\x76\x67\
\x22\x20\x66\x69\x6c\x6c\x3d\x22\x6e\x6f\x6e\x65\x22\x20\x73\x74\
\x72\x6f\x6b\x65\x3d\x22\x63\x75\x72\x72\x65\x6e\x74\x43\x6f\x6c\
\x6f\x72\x22\x20\x73\x74\x72\x6f\x6b\x65\x2d\x77\x69\x64\x74\x68\
\x3d\x22\x32\x22\x20\x73\x74\x72\x6f\x6b\x65\x2d\x6c\x69\x6e\x65\
\x63\x61\x70\x3d\x22\x72\x6f\x75\x6e\x64\x22\x20\x73\x74\x72\x6f\
\x6b\x65\x2d\x6c\x69\x6e\x65\x6a\x6f\x69\x6e\x3d\x22\x72\x6f\x75\
\x6e\x64\x22\x3e\x3c\x70\x61\x74\x68\x20\x64\x3d\x22\x4d\x31\x32\
\x20\x33\x68\x37\x61\x32\x20\x32\x20\x30\x20\x30\x20\x31\x20\x32\
\x20\x32\x76\x31\x34\x61\x32\x20\x32\x20\x30\x20\x30\x20\x31\x2d\
\x32\x20\x32\x68\x2d\x37\x6d\x30\x2d\x31\x38\x48\x35\x61\x32\x20\
\x32\x20\x30\x20\x30\x20\x30\x2d\x32\x20\x32\x76\x31\x34\x61\x32\
\x20\x32\x20\x30\x20\x30\x20\x30\x20\x32\x20\x32\x68\x37\x6d\x30\
\x2d\x31\x38\x76\x31\x38\x22\x2f\x3e\x3c\x2f\x73\x76\x67\x3e\
\x00\x00\x01\x25\
\x3c\
\x73\x76\x67\x20\x78\x6d\x6c\x6e\x73\x3d\x22\x68\x74\x74\x70\x3a\
\x2f\x2f\x77\x77\x77\x2e\x77\x33\x2e\x6f\x72\x67\x2f\x32\x30\x30\
\x30\x2f\x73\x76\x67\x22\x20\x77\x69\x64\x74\x68\x3d\x22\x32\x34\
\x22\x20\x68\x65\x69\x67\x68\x74\x3d\x22\x32\x34\x22\x20\x76\x69\
\x65\x77\x42\x6f\x78\x3d\x22\x30\x20\x30\x20\x32\x34\x20\x32\x34\
\x22\x20\x66\x69\x6c\x6c\x3d\x22\x6e\x6f\x6e\x65\x22\x20\x73\x74\
\x72\x6f\x6b\x65\x3d\x22\x63\x75\x72\x72\x65\x6e\x74\x43\x6f\x6c\
\x6f\x72\x22\x20\x73\x74\x72\x6f\x6b\x65\x2d\x77\x69\x64\x74\x68\
\x3d\x22\x32\x22\x20\x73\x74\x72\x6f\x6b\x65\x2d\x6c\x69\x6e\x65\
\x63\x61\x70\x3d\x22\x72\x6f\x75\x6e\x64\x22\x20\x73\x74\x72\x6f\
\x6b\x65\x2d\x6c\x69\x6e\x65\x6a\x6f\x69\x6e\x3d\x22\x72\x6f\x75\
\x6e\x64\x22\x3e\x3c\x70\x61\x74\x68\x20\x64\x3d\x22\x4d\x32\x20\
\x33\x68\x36\x61\x34\x20\x34\x20\x30\x20\x30\x20\x31\x20\x34\x20\
\x34\x76\x31\x34\x61\x33\x20\x33\x20\x30\x20\x30\x20\x30\x2d\x33\
\x2d\x33\x48\x32\x7a\x22\x2f\x3e\x3c\x70\x61\x74\x68\x20\x64\x3d\
\x22\x4d\x32\x32\x20\x33\x68\x2d\x36\x61\x34\x20\x34\x20\x30\x20\
\x30\x20\x30\x2d\x34\x20\x34\x76\x31\x34\x61\x33\x20\x33\x20\x30\
\x20\x30\x20\x31\x20\x33\x2d\x33\x68\x37\x7a\x22\x2f\x3e\x3c\x2f\
\x73\x76\x67\x3e\
\x00\x00\x01\x5b\
\x3c\
\x73\x76\x67\x20\x78\x6d\x6c\x6e\x73\x3d\x22\x68\x74\x74\x70\x3a\
\x2f\x2f\x77\x77\x77\x2e\x77\x33\x2e\x6f\x72\x67\x2f\x32\x30\x30\
\x30\x2f\x73\x76\x67\x22\x20\x77\x69\x64\x74\x68\x3d\x22\x32\x34\
\x22\x20\x68\x65\x69\x67\x68\x74\x3d\x22\x32\x34\x22\x20\x76\x69\
\x65\x77\x42\x6f\x78\x3d\x22\x30\x20\x30\x20\x32\x34\x20\x32\x34\
\x22\x20\x66\x69\x6c\x6c\x3d\x22\x6e\x6f\x6e\x65\x22\x20\x73\x74\
\x72\x6f\x6b\x65\x3d\x22\x63\x75\x72\x72\x65\x6e\x74\x43\x6f\x6c\
\x6f\x72\x22\x20\x73\x74\x72\x6f\x6b\x65\x2d\x77\x69\x64\x74\x68\
\x3d\x22\x32\x22\x20\x73\x74\x72\x6f\x6b\x65\x2d\x6c\x69\x6e\x65\
\x63\x61\x70\x3d\x22\x72\x6f\x75\x6e\x64\x22\x20\x73\x74\x72\x6f\
\x6b\x65\x2d\x6c\x69\x6e\x65\x6a\x6f\x69\x6e\x3d\x22\x72\x6f\x75\
\x6e\x64\x22\x3e\x3c\x70\x61\x74\x68\x20\x64\x3d\x22\x4d\x31\x36\
\x20\x38\x61\x36\x20\x36\x20\x30\x20\x30\x20\x31\x20\x36\x20\x36\
\x76\x37\x68\x2d\x34\x76\x2d\x37\x61\x32\x20\x32\x20\x30\x20\x30\
\x20\x30\x2d\x32\x2d\x32\x20\x32\x20\x32\x20\x30\x20\x30\x20\x30\
\x2d\x32\x20\x32\x76\x37\x68\x2d\x34\x76\x2d\x37\x61\x36\x20\x36\
\x20\x30\x20\x30\x20\x31\x20\x36\x2d\x36\x7a\x22\x2f\x3e\x3c\x72\
\x65\x63\x74\x20\x78\x3d\x22\x32\x22\x20\x79\x3d\x22\x39\x22\x20\
\x77\x69\x64\x74\x68\x3d\x22\x34\x22\x20\x68\x65\x69\x67\x68\x74\
\x3d\x22\x31\x32\x22\x2f\x3e\x3c\x63\x69\x72\x63\x6c\x65\x20\x63\
\x78\x3d\x22\x34\x22\x20\x63\x79\x3d\x22\x34\x22\x20\x72\x3d\x22\
\x32\x22\x2f\x3e\x3c\x2f\x73\x76\x67\x3e\
\x00\x00\x01\x6d\
\x3c\
\x73\x76\x67\x20\x78\x6d\x6c\x6e\x73\x3d\x22\x68\x74\x74\x70\x3a\
\x2f\x2f\x77\x77\x77\x2e\x77\x33\x2e\x6f\x72\x67\x2f\x32\x30\x30\
\x30\x2f\x73\x76\x67\x22\x20\x77\x69\x64\x74\x68\x3d\x22\x32\x34\
\x22\x20\x68\x65\x69\x67\x68\x74\x3d\x22\x32\x34\x22\x20\x76\x69\
\x65\x77\x42\x6f\x78\x3d\x22\x30\x20\x30\x20\x32\x34\x20\x32\x34\
\x22\x20\x66\x69\x6c\x6c\x3d\x22\x6e\x6f\x6e\x65\x22\x20\x73\x74\
\x72\x6f\x6b\x65\x3d\x22\x63\x75\x72\x72\x65\x6e\x74\x43\x6f\x6c\
\x6f\x72\x22\x20\x73\x74\x72\x6f\x6b\x65\x2d\x77\x69\x64\x74\x68\
\x3d\x22\x32\x22\x20\x73\x74\x72\x6f\x6b\x65\x2d\x6c\x69\x6e\x65\
\x63\x61\x70\x3d\x22\x72\x6f\x75\x6e\x64\x22\x20\x73\x74\x72\x6f\
\x6b\x65\x2d\x6c\x69\x6e\x65\x6a\x6f\x69\x6e\x3d\x22\x72\x6f\x75\
\x6e\x64\x22\x3e\x3c\x70\x6f\x6c\x79\x6c\x69\x6e\x65\x20\x70\x6f\
\x69\x6e\x74\x73\x3d\x22\x31\x32\x2e\x34\x31\x20\x36\x2e\x37\x35\
\x20\x31\x33\x20\x32\x20\x31\x30\x2e\x35\x37\x20\x34\x2e\x39\x32\
\x22\x2f\x3e\x3c\x70\x6f\x6c\x79\x6c\x69\x6e\x65\x20\x70\x6f\x69\
\x6e\x74\x73\x3d\x22\x31\x38\x2e\x35\x37\x20\x31\x32\x2e\x39\x31\
\x20\x32\x31\x20\x31\x30\x20\x31\x35\x2e\x36\x36\x20\x31\x30\x22\
\x2f\x3e\x3c\x70\x6f\x6c\x79\x6c\x69\x6e\x65\x20\x70\x6f\x69\x6e\
\x74\x73\x3d\x22\x38\x20\x38\x20\x33\x20\x31\x34\x20\x31\x32\x20\
\x31\x34\x20\x31\x31\x20\x32\x32\x20\x31\x36\x20\x31\x36\x22\x2f\
\x3e\x3c\x6c\x69\x6e\x65\x20\x78\x31\x3d\x22\x31\x22\x20\x79\x31\
\x3d\x22\x31\x22\x20\x78\x32\x3d\x22\x32\x33\x22\x20\x79\x32\x3d\
\x22\x32\x33\x22\x2f\x3e\x3c\x2f\x73\x76\x67\x3e\
\x00\x00\x01\x2a\
\x3c\
\x73\x76\x67\x20\x78\x6d\x6c\x6e\x73\x3d\x22\x68\x74\x74\x70\x3a\
\x2f\x2f\x77\x77\x77\x2e\x77\x33\x2e\x6f\x72\x67\x2f\x32\x30\x30\
\x30\x2f\x73\x76\x67\x22\x20\x77\x69\x64\x74\x68\x3d\x22\x32\x34\
\x22\x20\x68\x65\x69\x67\x68\x74\x3d\x22\x32\x34\x22\x20\x76\x69\
\x65\x77\x42\x6f\x78\x3d\x22\x30\x20\x30\x20\x32\x34\x20\x32\x34\
\x22\x20\x66\x69\x6c\x6c\x3d\x22\x6e\x6f\x6e\x65\x22\x20\x73\x74\
\x72\x6f\x6b\x65\x3d\x22\x63\x75\x72\x72\x65\x6e\x74\x43\x6f\x6c\
\x6f\x72\x22\x20\x73\x74\x72\x6f\x6b\x65\x2d\x77\x69\x64\x74\x68\
\x3d\x22\x32\x22\x20\x73\x74\x72\x6f\x6b\x65\x2d\x6c\x69\x6e\x65\
\x63\x61\x70\x3d\x22\x72\x6f\x75\x6e\x64\x22\x20\x73\x74\x72\x6f\
\x6b\x65\x2d\x6c\x69\x6e\x65\x6a\x6f\x69\x6e\x3d\x22\x72\x6f\x75\
\x6e\x64\x22\x3e\x3c\x63\x69\x72\x63\x6c\x65\x20\x63\x78\x3d\x22\
\x31\x32\x22\x20\x63\x79\x3d\x22\x31\x32\x22\x20\x72\x3d\x22\x31\
\x30\x22\x2f\x3e\x3c\x6c\x69\x6e\x65\x20\x78\x31\x3d\x22\x31\x32\
\x22\x20\x79\x31\x3d\x22\x31\x36\x22\x20\x78\x32\x3d\x22\x31\x32\
\x22\x20\x79\x32\x3d\x22\x31\x32\x22\x2f\x3e\x3c\x6c\x69\x6e\x65\
\x20\x78\x31\x3d\x22\x31\x32\x22\x20\x79\x31\x3d\x22\x38\x22\x20\
\x78\x32\x3d\x22\x31\x32\x2e\x30\x31\x22\x20\x79\x32\x3d\x22\x38\
\x22\x2f\x3e\x3c\x2f\x73\x76\x67\x3e\
\x00\x00\x01\x18\
\x3c\
\x73\x76\x67\x20\x78\x6d\x6c\x6e\x73\x3d\x22\x68\x74\x74\x70\x3a\
\x2f\x2f\x77\x77\x77\x2e\x77\x33\x2e\x6f\x72\x67\x2f\x32\x30\x30\
\x30\x2f\x73\x76\x67\x22\x20\x77\x69\x64\x74\x68\x3d\x22\x32\x34\
\x22\x20\x68\x65\x69\x67\x68\x74\x3d\x22\x32\x34\x22\x20\x76\x69\
\x65\x77\x42\x6f\x78\x3d\x22\x30\x20\x30\x20\x32\x34\x20\x32\x34\
\x22\x20\x66\x69\x6c\x6c\x3d\x22\x6e\x6f\x6e\x65\x22\x20\x73\x74\
\x72\x6f\x6b\x65\x3d\x22\x63\x75\x72\x72\x65\x6e\x74\x43\x6f\x6c\
\x6f\x72\x22\x20\x73\x74\x72\x6f\x6b\x65\x2d\x77\x69\x64\x74\x68\
\x3d\x22\x32\x22\x20\x73\x74\x72\x6f\x6b\x65\x2d\x6c\x69\x6e\x65\
\x63\x61\x70\x3d\x22\x72\x6f\x75\x6e\x64\x22\x20\x73\x74\x72\x6f\
\x6b\x65\x2d\x6c\x69\x6e\x65\x6a\x6f\x69\x6e\x3d\x22\x72\x6f\x75\
\x6e\x64\x22\x3e\x3c\x63\x69\x72\x63\x6c\x65\x20\x63\x78\x3d\x22\
\x31\x38\x22\x20\x63\x79\x3d\x22\x31\x38\x22\x20\x72\x3d\x22\x33\
\x22\x2f\x3e\x3c\x63\x69\x72\x63\x6c\x65\x20\x63\x78\x3d\x22\x36\
\x22\x20\x63\x79\x3d\x22\x36\x22\x20\x72\x3d\x22\x33\x22\x2f\x3e\
\x3c\x70\x61\x74\x68\x20\x64\x3d\x22\x4d\x36\x20\x32\x31\x56\x39\
\x61\x39\x20\x39\x20\x30\x20\x30\x20\x30\x20\x39\x20\x39\x22\x2f\
\x3e\x3c\x2f\x73\x76\x67\x3e\
\x00\x00\x00\xfe\
\x3c\
\x73\x76\x67\x20\x78\x6d\x6c\x6e\x73\x3d\x22\x68\x74\x74\x70\x3a\
\x2f\x2f\x77\x77\x77\x2e\x77\x33\x2e\x6f\x72\x67\x2f\x32\x30\x30\
\x30\x2f\x73\x76\x67\x22\x20\x77\x69\x64\x74\x68\x3d\x22\x32\x34\
\x22\x20\x68\x65\x69\x67\x68\x74\x3d\x22\x32\x34\x22\x20\x76\x69\
\x65\x77\x42\x6f\x78\x3d\x22\x30\x20\x30\x20\x32\x34\x20\x32\x34\
\x22\x20\x66\x69\x6c\x6c\x3d\x22\x6e\x6f\x6e\x65\x22\x20\x73\x74\
\x72\x6f\x6b\x65\x3d\x22\x63\x75\x72\x72\x65\x6e\x74\x43\x6f\x6c\
\x6f\x72\x22\x20\x73\x74\x72\x6f\x6b\x65\x2d\x77\x69\x64\x74\x68\
\x3d\x22\x32\x22\x20\x73\x74\x72\x6f\x6b\x65\x2d\x6c\x69\x6e\x65\
\x63\x61\x70\x3d\x22\x72\x6f\x75\x6e\x64\x22\x20\x73\x74\x72\x6f\
\x6b\x65\x2d\x6c\x69\x6e\x65\x6a\x6f\x69\x6e\x3d\x22\x72\x6f\x75\
\x6e\x64\x22\x3e\x3c\x70\x6f\x6c\x79\x6c\x69\x6e\x65\x20\x70\x6f\
\x69\x6e\x74\x73\x3d\x22\x36\x2e\x35\x20\x36\x2e\x35\x20\x31\x37\
\x2e\x35\x20\x31\x37\x2e\x35\x20\x31\x32\x20\x32\x33\x20\x31\x32\
\x20\x31\x20\x31\x37\x2e\x35\x20\x36\x2e\x35\x20\x36\x2e\x35\x20\
\x31\x37\x2e\x35\x22\x2f\x3e\x3c\x2f\x73\x76\x67\x3e\
\x00\x00\x01\x2f\
\x3c\
\x73\x76\x67\x20\x78\x6d\x6c\x6e\x73\x3d\x22\x68\x74\x74\x70\x3a\
\x2f\x2f\x77\x77\x77\x2e\x77\x33\x2e\x6f\x72\x67\x2f\x32\x30\x30\
\x30\x2f\x73\x76\x67\x22\x20\x77\x69\x64\x74\x68\x3d\x22\x32\x34\
\x22\x20\x68\x65\x69\x67\x68\x74\x3d\x22\x32\x34\x22\x20\x76\x69\
\x65\x77\x42\x6f\x78\x3d\x22\x30\x20\x30\x20\x32\x34\x20\x32\x34\
\x22\x20\x66\x69\x6c\x6c\x3d\x22\x6e\x6f\x6e\x65\x22\x20\x73\x74\
\x72\x6f\x6b\x65\x3d\x22\x63\x75\x72\x72\x65\x6e\x74\x43\x6f\x6c\
\x6f\x72\x22\x20\x73\x74\x72\x6f\x6b\x65\x2d\x77\x69\x64\x74\x68\
\x3d\x22\x32\x22\x20\x73\x74\x72\x6f\x6b\x65\x2d\x6c\x69\x6e\x65\
\x63\x61\x70\x3d\x22\x72\x6f\x75\x6e\x64\x22\x20\x73\x74\x72\x6f\
\x6b\x65\x2d\x6c\x69\x6e\x65\x6a\x6f\x69\x6e\x3d\x22\x72\x6f\x75\
\x6e\x64\x22\x3e\x3c\x63\x69\x72\x63\x6c\x65\x20\x63\x78\x3d\x22\
\x31\x32\x22\x20\x63\x79\x3d\x22\x31\x32\x22\x20\x72\x3d\x22\x34\
\x22\x2f\x3e\x3c\x6c\x69\x6e\x65\x20\x78\x31\x3d\x22\x31\x2e\x30\
\x35\x22\x20\x79\x31\x3d\x22\x31\x32\x22\x20\x78\x32\x3d\x22\x37\
\x22\x20\x79\x32\x3d\x22\x31\x32\x22\x2f\x3e\x3c\x6c\x69\x6e\x65\
\x20\x78\x31\x3d\x22\x31\x37\x2e\x30\x31\x22\x20\x79\x31\x3d\x22\
\x31\x32\x22\x20\x78\x32\x3d\x22\x32\x32\x2e\x39\x36\x22\x20\x79\
\x32\x3d\x22\x31\x32\x22\x2f\x3e\x3c\x2f\x73\x76\x67\x3e\
\x00\x00\x01\x43\
\x3c\
\x73\x76\x67\x20\x78\x6d\x6c\x6e\x73\x3d\x22\x68\x74\x74\x70\x3a\
\x2f\x2f\x77\x77\x77\x2e\x77\x33\x2e\x6f\x72\x67\x2f\x32\x30\x30\
\x30\x2f\x73\x76\x67\x22\x20\x77\x69\x64\x74\x68\x3d\x22\x32\x34\
\x22\x20\x68\x65\x69\x67\x68\x74\x3d\x22\x32\x34\x22\x20\x76\x69\
\x65\x77\x42\x6f\x78\x3d\x22\x30\x20\x30\x20\x32\x34\x20\x32\x34\
\x22\x20\x66\x69\x6c\x6c\x3d\x22\x6e\x6f\x6e\x65\x22\x20\x73\x74\
\x72\x6f\x6b\x65\x3d\x22\x63\x75\x72\x72\x65\x6e\x74\x43\x6f\x6c\
\x6f\x72\x22\x20\x73\x74\x72\x6f\x6b\x65\x2d\x77\x69\x64\x74\x68\
\x3d\x22\x32\x22\x20\x73\x74\x72\x6f\x6b\x65\x2d\x6c\x69\x6e\x65\
\x63\x61\x70\x3d\x22\x72\x6f\x75\x6e\x64\x22\x20\x73\x74\x72\x6f\
\x6b\x65\x2d\x6c\x69\x6e\x65\x6a\x6f\x69\x6e\x3d\x22\x72\x6f\x75\
\x6e\x64\x22\x3e\x3c\x63\x69\x72\x63\x6c\x65\x20\x63\x78\x3d\x22\
\x39\x22\x20\x63\x79\x3d\x22\x32\x31\x22\x20\x72\x3d\x22\x31\x22\
\x2f\x3e\x3c\x63\x69\x72\x63\x6c\x65\x20\x63\x78\x3d\x22\x32\x30\
\x22\x20\x63\x79\x3d\x22\x32\x31\x22\x20\x72\x3d\x22\x31\x22\x2f\
\x3e\x3c\x70\x61\x74\x68\x20\x64\x3d\x22\x4d\x31\x20\x31\x68\x34\
\x6c\x32\x2e\x36\x38\x20\x31\x33\x2e\x33\x39\x61\x32\x20\x32\x20\
\x30\x20\x30\x20\x30\x20\x32\x20\x31\x2e\x36\x31\x68\x39\x2e\x37\
\x32\x61\x32\x20\x32\x20\x30\x20\x30\x20\x30\x20\x32\x2d\x31\x2e\
\x36\x31\x4c\x32\x33\x20\x36\x48\x36\x22\x2f\x3e\x3c\x2f\x73\x76\
\x67\x3e\
\x00\x00\x01\x0a\
\x3c\
\x73\x76\x67\x20\x78\x6d\x6c\x6e\x73\x3d\x22\x68\x74\x74\x70\x3a\
\x2f\x2f\x77\x77\x77\x2e\x77\x33\x2e\x6f\x72\x67\x2f\x32\x30\x30\
\x30\x2f\x73\x76\x67\x22\x20\x77\x69\x64\x74\x68\x3d\x22\x32\x34\
\x22\x20\x68\x65\x69\x67\x68\x74\x3d\x22\x32\x34\x22\x20\x76\x69\
\x65\x77\x42\x6f\x78\x3d\x22\x30\x20\x30\x20\x32\x34\x20\x32\x34\
\x22\x20\x66\x69\x6c\x6c\x3d\x22\x6e\x6f\x6e\x65\x22\x20\x73\x74\
\x72\x6f\x6b\x65\x3d\x22\x63\x75\x72\x72\x65\x6e\x74\x43\x6f\x6c\
\x6f\x72\x22\x20\x73\x74\x72\x6f\x6b\x65\x2d\x77\x69\x64\x74\x68\
\x3d\x22\x32\x22\x20\x73\x74\x72\x6f\x6b\x65\x2d\x6c\x69\x6e\x65\
\x63\x61\x70\x3d\x22\x72\x6f\x75\x6e\x64\x22\x20\x73\x74\x72\x6f\
\x6b\x65\x2d\x6c\x69\x6e\x65\x6a\x6f\x69\x6e\x3d\x22\x72\x6f\x75\
\x6e\x64\x22\x3e\x3c\x70\x6f\x6c\x79\x6c\x69\x6e\x65\x20\x70\x6f\
\x69\x6e\x74\x73\x3d\x22\x31\x20\x34\x20\x31\x20\x31\x30\x20\x37\
\x20\x31\x30\x22\x2f\x3e\x3c\x70\x61\x74\x68\x20\x64\x3d\x22\x4d\
\x33\x2e\x35\x31\x20\x31\x35\x61\x39\x20\x39\x20\x30\x20\x31\x20\
\x30\x20\x32\x2e\x31\x33\x2d\x39\x2e\x33\x36\x4c\x31\x20\x31\x30\
\x22\x2f\x3e\x3c\x2f\x73\x76\x67\x3e\
\x00\x00\x01\x04\
\x3c\
\x73\x76\x67\x20\x78\x6d\x6c\x6e\x73\x3d\x22\x68\x74\x74\x70\x3a\
\x2f\x2f\x77\x77\x77\x2e\x77\x33\x2e\x6f\x72\x67\x2f\x32\x30\x30\
\x30\x2f\x73\x76\x67\x22\x20\x77\x69\x64\x74\x68\x3d\x22\x32\x34\
\x22\x20\x68\x65\x69\x67\x68\x74\x3d\x22\x32\x34\x22\x20\x76\x69\
\x65\x77\x42\x6f\x78\x3d\x22\x30\x20\x30\x20\x32\x34\x20\x32\x34\
\x22\x20\x66\x69\x6c\x6c\x3d\x22\x6e\x6f\x6e\x65\x22\x20\x73\x74\
\x72\x6f\x6b\x65\x3d\x22\x63\x75\x72\x72\x65\x6e\x74\x43\x6f\x6c\
\x6f\x72\x22\x20\x73\x74\x72\x6f\x6b\x65\x2d\x77\x69\x64\x74\x68\
\x3d\x22\x32\x22\x20\x73\x74\x72\x6f\x6b\x65\x2d\x6c\x69\x6e\x65\
\x63\x61\x70\x3d\x22\x72\x6f\x75\x6e\x64\x22\x20\x73\x74\x72\x6f\
\x6b\x65\x2d\x6c\x69\x6e\x65\x6a\x6f\x69\x6e\x3d\x22\x72\x6f\x75\
\x6e\x64\x22\x3e\x3c\x70\x6f\x6c\x79\x6c\x69\x6e\x65\x20\x70\x6f\
\x69\x6e\x74\x73\x3d\x22\x31\x35\x20\x31\x30\x20\x32\x30\x20\x31\
\x35\x20\x31\x35\x20\x32\x30\x22\x2f\x3e\x3c\x70\x61\x74\x68\x20\
\x64\x3d\x22\x4d\x34\x20\x34\x76\x37\x61\x34\x20\x34\x20\x30\x20\
\x30\x20\x30\x20\x34\x20\x34\x68\x31\x32\x22\x2f\x3e\x3c\x2f\x73\
\x76\x67\x3e\
\x00\x00\x01\xa0\
\x3c\
\x73\x76\x67\x20\x78\x6d\x6c\x6e\x73\x3d\x22\x68\x74\x74\x70\x3a\
\x2f\x2f\x77\x77\x77\x2e\x77\x33\x2e\x6f\x72\x67\x2f\x32\x30\x30\
\x30\x2f\x73\x76\x67\x22\x20\x77\x69\x64\x74\x68\x3d\x22\x32\x34\
\x22\x20\x68\x65\x69\x67\x68\x74\x3d\x22\x32\x34\x22\x20\x76\x69\
\x65\x77\x42\x6f\x78\x3d\x22\x30\x20\x30\x20\x32\x34\x20\x32\x34\
\x22\x20\x66\x69\x6c\x6c\x3d\x22\x6e\x6f\x6e\x65\x22\x20\x73\x74\
\x72\x6f\x6b\x65\x3d\x22\x63\x75\x72\x72\x65\x6e\x74\x43\x6f\x6c\
\x6f\x72\x22\x20\x73\x74\x72\x6f\x6b\x65\x2d\x77\x69\x64\x74\x68\
\x3d\x22\x32\x22\x20\x73\x74\x72\x6f\x6b\x65\x2d\x6c\x69\x6e\x65\
\x63\x61\x70\x3d\x22\x72\x6f\x75\x6e\x64\x22\x20\x73\x74\x72\x6f\
\x6b\x65\x2d\x6c\x69\x6e\x65\x6a\x6f\x69\x6e\x3d\x22\x72\x6f\x75\
\x6e\x64\x22\x3e\x3c\x70\x61\x74\x68\x20\x64\x3d\x22\x4d\x31\x37\
\x2e\x39\x34\x20\x31\x37\x2e\x39\x34\x41\x31\x30\x2e\x30\x37\x20\
\x31\x30\x2e\x30\x37\x20\x30\x20\x30\x20\x31\x20\x31\x32\x20\x32\
\x30\x63\x2d\x37\x20\x30\x2d\x31\x31\x2d\x38\x2d\x31\x31\x2d\x38\
\x61\x31\x38\x2e\x34\x35\x20\x31\x38\x2e\x34\x35\x20\x30\x20\x30\
\x20\x31\x20\x35\x2e\x30\x36\x2d\x35\x2e\x39\x34\x4d\x39\x2e\x39\
\x20\x34\x2e\x32\x34\x41\x39\x2e\x31\x32\x20\x39\x2e\x31\x32\x20\
\x30\x20\x30\x20\x31\x20\x31\x32\x20\x34\x63\x37\x20\x30\x20\x31\
\x31\x20\x38\x20\x31\x31\x20\x38\x61\x31\x38\x2e\x35\x20\x31\x38\
\x2e\x35\x20\x30\x20\x30\x20\x31\x2d\x32\x2e\x31\x36\x20\x33\x2e\
\x31\x39\x6d\x2d\x36\x2e\x37\x32\x2d\x31\x2e\x30\x37\x61\x33\x20\
\x33\x20\x30\x20\x31\x20\x31\x2d\x34\x2e\x32\x34\x2d\x34\x2e\x32\
\x34\x22\x2f\x3e\x3c\x6c\x69\x6e\x65\x20\x78\x31\x3d\x22\x31\x22\
\x20\x79\x31\x3d\x22\x31\x22\x20\x78\x32\x3d\x22\x32\x33\x22\x20\
\x79\x32\x3d\x22\x32\x33\x22\x2f\x3e\x3c\x2f\x73\x76\x67\x3e\
\x00\x00\x01\x73\
\x3c\
\x73\x76\x67\x20\x78\x6d\x6c\x6e\x73\x3d\x22\x68\x74\x74\x70\x3a\
\x2f\x2f\x77\x77\x77\x2e\x77\x33\x2e\x6f\x72\x67\x2f\x32\x30\x30\
\x30\x2f\x73\x76\x67\x22\x20\x77\x69\x64\x74\x68\x3d\x22\x32\x34\
\x22\x20\x68\x65\x69\x67\x68\x74\x3d\x22\x32\x34\x22\x20\x76\x69\
\x65\x77\x42\x6f\x78\x3d\x22\x30\x20\x30\x20\x32\x34\x20\x32\x34\
\x22\x20\x66\x69\x6c\x6c\x3d\x22\x6e\x6f\x6e\x65\x22\x20\x73\x74\
\x72\x6f\x6b\x65\x3d\x22\x63\x75\x72\x72\x65\x6e\x74\x43\x6f\x6c\
\x6f\x72\x22\x20\x73\x74\x72\x6f\x6b\x65\x2d\x77\x69\x64\x74\x68\
\x3d\x22\x32\x22\x20\x73\x74\x72\x6f\x6b\x65\x2d\x6c\x69\x6e\x65\
\x63\x61\x70\x3d\x22\x72\x6f\x75\x6e\x64\x22\x20\x73\x74\x72\x6f\
\x6b\x65\x2d\x6c\x69\x6e\x65\x6a\x6f\x69\x6e\x3d\x22\x72\x6f\x75\
\x6e\x64\x22\x3e\x3c\x63\x69\x72\x63\x6c\x65\x20\x63\x78\x3d\x22\
\x31\x32\x22\x20\x63\x79\x3d\x22\x31\x32\x22\x20\x72\x3d\x22\x31\
\x30\x22\x2f\x3e\x3c\x6c\x69\x6e\x65\x20\x78\x31\x3d\x22\x32\x32\
\x22\x20\x79\x31\x3d\x22\x31\x32\x22\x20\x78\x32\x3d\x22\x31\x38\
\x22\x20\x79\x32\x3d\x22\x31\x32\x22\x2f\x3e\x3c\x6c\x69\x6e\x65\
\x20\x78\x31\x3d\x22\x36\x22\x20\x79\x31\x3d\x22\x31\x32\x22\x20\
\x78\x32\x3d\x22\x32\x22\x20\x79\x32\x3d\x22\x31\x32\x22\x2f\x3e\
\x3c\x6c\x69\x6e\x65\x20\x78\x31\x3d\x22\x31\x32\x22\x20\x79\x31\
\x3d\x22\x36\x22\x20\x78\x32\x3d\x22\x31\x32\x22\x20\x79\x32\x3d\
\x22\x32\x22\x2f\x3e\x3c\x6c\x69\x6e\x65\x20\x78\x31\x3d\x22\x31\
\x32\x22\x20\x79\x31\x3d\x22\x32\x32\x22\x20\x78\x32\x3d\x22\x31\
\x32\x22\x20\x79\x32\x3d\x22\x31\x38\x22\x2f\x3e\x3c\x2f\x73\x76\
\x67\x3e\
\x00\x00\x02\x2c\
\x3c\
\x73\x76\x67\x20\x78\x6d\x6c\x6e\x73\x3d\x22\x68\x74\x74\x70\x3a\
\x2f\x2f\x77\x77\x77\x2e\x77\x33\x2e\x6f\x72\x67\x2f\x32\x30\x30\
\x30\x2f\x73\x76\x67\x22\x20\x77\x69\x64\x74\x68\x3d\x22\x32\x34\
\x22\x20\x68\x65\x69\x67\x68\x74\x3d\x22\x32\x34\x22\x20\x76\x69\
\x65\x77\x42\x6f\x78\x3d\x22\x30\x20\x30\x20\x32\x34\x20\x32\x34\
\x22\x20\x66\x69\x6c\x6c\x3d\x22\x6e\x6f\x6e\x65\x22\x20\x73\x74\
\x72\x6f\x6b\x65\x3d\x22\x63\x75\x72\x72\x65\x6e\x74\x43\x6f\x6c\
\x6f\x72\x22\x20\x73\x74\x72\x6f\x6b\x65\x2d\x77\x69\x64\x74\x68\
\x3d\x22\x32\x22\x20\x73\x74\x72\x6f\x6b\x65\x2d\x6c\x69\x6e\x65\
\x63\x61\x70\x3d\x22\x72\x6f\x75\x6e\x64\x22\x20\x73\x74\x72\x6f\
\x6b\x65\x2d\x6c\x69\x6e\x65\x6a\x6f\x69\x6e\x3d\x22\x72\x6f\x75\
\x6e\x64\x22\x3e\x3c\x70\x6f\x6c\x79\x6c\x69\x6e\x65\x20\x70\x6f\
\x69\x6e\x74\x73\x3d\x22\x32\x33\x20\x37\x20\x32\x33\x20\x31\x20\
\x31\x37\x20\x31\x22\x2f\x3e\x3c\x6c\x69\x6e\x65\x20\x78\x31\x3d\
\x22\x31\x36\x22\x20\x79\x31\x3d\x22\x38\x22\x20\x78\x32\x3d\x22\
\x32\x33\x22\x20\x79\x32\x3d\x22\x31\x22\x2f\x3e\x3c\x70\x61\x74\
\x68\x20\x64\x3d\x22\x4d\x32\x32\x20\x31\x36\x2e\x39\x32\x76\x33\
\x61\x32\x20\x32\x20\x30\x20\x30\x20\x31\x2d\x32\x2e\x31\x38\x20\
\x32\x20\x31\x39\x2e\x37\x39\x20\x31\x39\x2e\x37\x39\x20\x30\x20\
\x30\x20\x31\x2d\x38\x2e\x36\x33\x2d\x33\x2e\x30\x37\x20\x31\x39\
\x2e\x35\x20\x31\x39\x2e\x35\x20\x30\x20\x30\x20\x31\x2d\x36\x2d\
\x36\x20\x31\x39\x2e\x37\x39\x20\x31\x39\x2e\x37\x39\x20\x30\x20\
\x30\x20\x31\x2d\x33\x2e\x30\x37\x2d\x38\x2e\x36\x37\x41\x32\x20\
\x32\x20\x30\x20\x30\x20\x31\x20\x34\x2e\x31\x31\x20\x32\x68\x33\
\x61\x32\x20\x32\x20\x30\x20\x30\x20\x31\x20\x32\x20\x31\x2e\x37\
\x32\x20\x31\x32\x2e\x38\x34\x20\x31\x32\x2e\x38\x34\x20\x30\x20\
\x30\x20\x30\x20\x2e\x37\x20\x32\x2e\x38\x31\x20\x32\x20\x32\x20\
\x30\x20\x30\x20\x31\x2d\x2e\x34\x35\x20\x32\x2e\x31\x31\x4c\x38\
\x2e\x30\x39\x20\x39\x2e\x39\x31\x61\x31\x36\x20\x31\x36\x20\x30\
\x20\x30\x20\x30\x20\x36\x20\x36\x6c\x31\x2e\x32\x37\x2d\x31\x2e\
\x32\x37\x61\x32\x20\x32\x20\x30\x20\x30\x20\x31\x20\x32\x2e\x31\
\x31\x2d\x2e\x34\x35\x20\x31\x32\x2e\x38\x34\x20\x31\x32\x2e\x38\
\x34\x20\x30\x20\x30\x20\x30\x20\x32\x2e\x38\x31\x2e\x37\x41\x32\
\x20\x32\x20\x30\x20\x30\x20\x31\x20\x32\x32\x20\x31\x36\x2e\x39\
\x32\x7a\x22\x2f\x3e\x3c\x2f\x73\x76\x67\x3e\
\x00\x00\x01\xb0\
\x3c\
\x73\x76\x67\x20\x78\x6d\x6c\x6e\x73\x3d\x22\x68\x74\x74\x70\x3a\
\x2f\x2f\x77\x77\x77\x2e\x77\x33\x2e\x6f\x72\x67\x2f\x32\x30\x30\
\x30\x2f\x73\x76\x67\x22\x20\x77\x69\x64\x74\x68\x3d\x22\x32\x34\
\x22\x20\x68\x65\x69\x67\x68\x74\x3d\x22\x32\x34\x22\x20\x76\x69\
\x65\x77\x42\x6f\x78\x3d\x22\x30\x20\x30\x20\x32\x34\x20\x32\x34\
\x22\x20\x66\x69\x6c\x6c\x3d\x22\x6e\x6f\x6e\x65\x22\x20\x73\x74\
\x72\x6f\x6b\x65\x3d\x22\x63\x75\x72\x72\x65\x6e\x74\x43\x6f\x6c\
\x6f\x72\x22\x20\x73\x74\x72\x6f\x6b\x65\x2d\x77\x69\x64\x74\x68\
\x3d\x22\x32\x22\x20\x73\x74\x72\x6f\x6b\x65\x2d\x6c\x69\x6e\x65\
\x63\x61\x70\x3d\x22\x72\x6f\x75\x6e\x64\x22\x20\x73\x74\x72\x6f\
\x6b\x65\x2d\x6c\x69\x6e\x65\x6a\x6f\x69\x6e\x3d\x22\x72\x6f\x75\
\x6e\x64\x22\x3e\x3c\x6c\x69\x6e\x65\x20\x78\x31\x3d\x22\x31\x22\
\x20\x79\x31\x3d\x22\x31\x22\x20\x78\x32\x3d\x22\x32\x33\x22\x20\
\x79\x32\x3d\x22\x32\x33\x22\x2f\x3e\x3c\x70\x61\x74\x68\x20\x64\
\x3d\x22\x4d\x39\x20\x39\x76\x33\x61\x33\x20\x33\x20\x30\x20\x30\
\x20\x30\x20\x35\x2e\x31\x32\x20\x32\x2e\x31\x32\x4d\x31\x35\x20\
\x39\x2e\x33\x34\x56\x34\x61\x33\x20\x33\x20\x30\x20\x30\x20\x30\
\x2d\x35\x2e\x39\x34\x2d\x2e\x36\x22\x2f\x3e\x3c\x70\x61\x74\x68\
\x20\x64\x3d\x22\x4d\x31\x37\x20\x31\x36\x2e\x39\x35\x41\x37\x20\
\x37\x20\x30\x20\x30\x20\x31\x20\x35\x20\x31\x32\x76\x2d\x32\x6d\
\x31\x34\x20\x30\x76\x32\x61\x37\x20\x37\x20\x30\x20\x30\x20\x31\
\x2d\x2e\x31\x31\x20\x31\x2e\x32\x33\x22\x2f\x3e\x3c\x6c\x69\x6e\
\x65\x20\x78\x31\x3d\x22\x31\x32\x22\x20\x79\x31\x3d\x22\x31\x39\
\x22\x20\x78\x32\x3d\x22\x31\x32\x22\x20\x79\x32\x3d\x22\x32\x33\
\x22\x2f\x3e\x3c\x6c\x69\x6e\x65\x20\x78\x31\x3d\x22\x38\x22\x20\
\x79\x31\x3d\x22\x32\x33\x22\x20\x78\x32\x3d\x22\x31\x36\x22\x20\
\x79\x32\x3d\x22\x32\x33\x22\x2f\x3e\x3c\x2f\x73\x76\x67\x3e\
\x00\x00\x01\x5b\
\x3c\
\x73\x76\x67\x20\x78\x6d\x6c\x6e\x73\x3d\x22\x68\x74\x74\x70\x3a\
\x2f\x2f\x77\x77\x77\x2e\x77\x33\x2e\x6f\x72\x67\x2f\x32\x30\x30\
\x30\x2f\x73\x76\x67\x22\x20\x77\x69\x64\x74\x68\x3d\x22\x32\x34\
\x22\x20\x68\x65\x69\x67\x68\x74\x3d\x22\x32\x34\x22\x20\x76\x69\
\x65\x77\x42\x6f\x78\x3d\x22\x30\x20\x30\x20\x32\x34\x20\x32\x34\
\x22\x20\x66\x69\x6c\x6c\x3d\x22\x6e\x6f\x6e\x65\x22\x20\x73\x74\
\x72\x6f\x6b\x65\x3d\x22\x63\x75\x72\x72\x65\x6e\x74\x43\x6f\x6c\
\x6f\x72\x22\x20\x73\x74\x72\x6f\x6b\x65\x2d\x77\x69\x64\x74\x68\
\x3d\x22\x32\x22\x20\x73\x74\x72\x6f\x6b\x65\x2d\x6c\x69\x6e\x65\
\x63\x61\x70\x3d\x22\x72\x6f\x75\x6e\x64\x22\x20\x73\x74\x72\x6f\
\x6b\x65\x2d\x6c\x69\x6e\x65\x6a\x6f\x69\x6e\x3d\x22\x72\x6f\x75\
\x6e\x64\x22\x3e\x3c\x70\x61\x74\x68\x20\x64\x3d\x22\x4d\x31\x36\
\x20\x32\x31\x76\x2d\x32\x61\x34\x20\x34\x20\x30\x20\x30\x20\x30\
\x2d\x34\x2d\x34\x48\x35\x61\x34\x20\x34\x20\x30\x20\x30\x20\x30\
\x2d\x34\x20\x34\x76\x32\x22\x2f\x3e\x3c\x63\x69\x72\x63\x6c\x65\
\x20\x63\x78\x3d\x22\x38\x2e\x35\x22\x20\x63\x79\x3d\x22\x37\x22\
\x20\x72\x3d\x22\x34\x22\x2f\x3e\x3c\x6c\x69\x6e\x65\x20\x78\x31\
\x3d\x22\x31\x38\x22\x20\x79\x31\x3d\x22\x38\x22\x20\x78\x32\x3d\
\x22\x32\x33\x22\x20\x79\x32\x3d\x22\x31\x33\x22\x2f\x3e\x3c\x6c\
\x69\x6e\x65\x20\x78\x31\x3d\x22\x32\x33\x22\x20\x79\x31\x3d\x22\
\x38\x22\x20\x78\x32\x3d\x22\x31\x38\x22\x20\x79\x32\x3d\x22\x31\
\x33\x22\x2f\x3e\x3c\x2f\x73\x76\x67\x3e\
\x00\x00\x01\x1d\
\x3c\
\x73\x76\x67\x20\x78\x6d\x6c\x6e\x73\x3d\x22\x68\x74\x74\x70\x3a\
\x2f\x2f\x77\x77\x77\x2e\x77\x33\x2e\x6f\x72\x67\x2f\x32\x30\x30\
\x30\x2f\x73\x76\x67\x22\x20\x77\x69\x64\x74\x68\x3d\x22\x32\x34\
\x22\x20\x68\x65\x69\x67\x68\x74\x3d\x22\x32\x34\x22\x20\x76\x69\
\x65\x77\x42\x6f\x78\x3d\x22\x30\x20\x30\x20\x32\x34\x20\x32\x34\
\x22\x20\x66\x69\x6c\x6c\x3d\x22\x6e\x6f\x6e\x65\x22\x20\x73\x74\
\x72\x6f\x6b\x65\x3d\x22\x63\x75\x72\x72\x65\x6e\x74\x43\x6f\x6c\
\x6f\x72\x22\x20\x73\x74\x72\x6f\x6b\x65\x2d\x77\x69\x64\x74\x68\
\x3d\x22\x32\x22\x20\x73\x74\x72\x6f\x6b\x65\x2d\x6c\x69\x6e\x65\
\x63\x61\x70\x3d\x22\x72\x6f\x75\x6e\x64\x22\x20\x73\x74\x72\x6f\
\x6b\x65\x2d\x6c\x69\x6e\x65\x6a\x6f\x69\x6e\x3d\x22\x72\x6f\x75\
\x6e\x64\x22\x3e\x3c\x72\x65\x63\x74\x20\x78\x3d\x22\x35\x22\x20\
\x79\x3d\x22\x32\x22\x20\x77\x69\x64\x74\x68\x3d\x22\x31\x34\x22\
\x20\x68\x65\x69\x67\x68\x74\x3d\x22\x32\x30\x22\x20\x72\x78\x3d\
\x22\x32\x22\x20\x72\x79\x3d\x22\x32\x22\x2f\x3e\x3c\x6c\x69\x6e\
\x65\x20\x78\x31\x3d\x22\x31\x32\x22\x20\x79\x31\x3d\x22\x31\x38\
\x22\x20\x78\x32\x3d\x22\x31\x32\x2e\x30\x31\x22\x20\x79\x32\x3d\
\x22\x31\x38\x22\x2f\x3e\x3c\x2f\x73\x76\x67\x3e\
\x00\x00\x01\x1f\
\x3c\
\x73\x76\x67\x20\x78\x6d\x6c\x6e\x73\x3d\x22\x68\x74\x74\x70\x3a\
\x2f\x2f\x77\x77\x77\x2e\x77\x33\x2e\x6f\x72\x67\x2f\x32\x30\x30\
\x30\x2f\x73\x76\x67\x22\x20\x77\x69\x64\x74\x68\x3d\x22\x32\x34\
\x22\x20\x68\x65\x69\x67\x68\x74\x3d\x22\x32\x34\x22\x20\x76\x69\
\x65\x77\x42\x6f\x78\x3d\x22\x30\x20\x30\x20\x32\x34\x20\x32\x34\
\x22\x20\x66\x69\x6c\x6c\x3d\x22\x6e\x6f\x6e\x65\x22\x20\x73\x74\
\x72\x6f\x6b\x65\x3d\x22\x63\x75\x72\x72\x65\x6e\x74\x43\x6f\x6c\
\x6f\x72\x22\x20\x73\x74\x72\x6f\x6b\x65\x2d\x77\x69\x64\x74\x68\
\x3d\x22\x32\x22\x20\x73\x74\x72\x6f\x6b\x65\x2d\x6c\x69\x6e\x65\
\x63\x61\x70\x3d\x22\x72\x6f\x75\x6e\x64\x22\x20\x73\x74\x72\x6f\
\x6b\x65\x2d\x6c\x69\x6e\x65\x6a\x6f\x69\x6e\x3d\x22\x72\x6f\x75\
\x6e\x64\x22\x3e\x3c\x70\x61\x74\x68\x20\x64\x3d\x22\x4d\x31\x30\
\x2e\x32\x39\x20\x33\x2e\x38\x36\x4c\x31\x2e\x38\x32\x20\x31\x38\
\x61\x32\x20\x32\x20\x30\x20\x30\x20\x30\x20\x31\x2e\x37\x31\x20\
\x33\x68\x31\x36\x2e\x39\x34\x61\x32\x20\x32\x20\x30\x20\x30\x20\
\x30\x20\x31\x2e\x37\x31\x2d\x33\x4c\x31\x33\x2e\x37\x31\x20\x33\
\x2e\x38\x36\x61\x32\x20\x32\x20\x30\x20\x30\x20\x30\x2d\x33\x2e\
\x34\x32\x20\x30\x7a\x22\x2f\x3e\x3c\x2f\x73\x76\x67\x3e\
\x00\x00\x01\x0d\
\x3c\
\x73\x76\x67\x20\x78\x6d\x6c\x6e\x73\x3d\x22\x68\x74\x74\x70\x3a\
\x2f\x2f\x77\x77\x77\x2e\x77\x33\x2e\x6f\x72\x67\x2f\x32\x30\x30\
\x30\x2f\x73\x76\x67\x22\x20\x77\x69\x64\x74\x68\x3d\x22\x32\x34\
\x22\x20\x68\x65\x69\x67\x68\x74\x3d\x22\x32\x34\x22\x20\x76\x69\
\x65\x77\x42\x6f\x78\x3d\x22\x30\x20\x30\x20\x32\x34\x20\x32\x34\
\x22\x20\x66\x69\x6c\x6c\x3d\x22\x6e\x6f\x6e\x65\x22\x20\x73\x74\
\x72\x6f\x6b\x65\x3d\x22\x63\x75\x72\x72\x65\x6e\x74\x43\x6f\x6c\
\x6f\x72\x22\x20\x73\x74\x72\x6f\x6b\x65\x2d\x77\x69\x64\x74\x68\
\x3d\x22\x32\x22\x20\x73\x74\x72\x6f\x6b\x65\x2d\x6c\x69\x6e\x65\
\x63\x61\x70\x3d\x22\x72\x6f\x75\x6e\x64\x22\x20\x73\x74\x72\x6f\
\x6b\x65\x2d\x6c\x69\x6e\x65\x6a\x6f\x69\x6e\x3d\x22\x72\x6f\x75\
\x6e\x64\x22\x3e\x3c\x70\x61\x74\x68\x20\x64\x3d\x22\x4d\x32\x31\
\x2e\x32\x31\x20\x31\x35\x2e\x38\x39\x41\x31\x30\x20\x31\x30\x20\
\x30\x20\x31\x20\x31\x20\x38\x20\x32\x2e\x38\x33\x22\x2f\x3e\x3c\
\x70\x61\x74\x68\x20\x64\x3d\x22\x4d\x32\x32\x20\x31\x32\x41\x31\
\x30\x20\x31\x30\x20\x30\x20\x30\x20\x30\x20\x31\x32\x20\x32\x76\
\x31\x30\x7a\x22\x2f\x3e\x3c\x2f\x73\x76\x67\x3e\
\x00\x00\x01\x21\
\x3c\
\x73\x76\x67\x20\x78\x6d\x6c\x6e\x73\x3d\x22\x68\x74\x74\x70\x3a\
\x2f\x2f\x77\x77\x77\x2e\x77\x33\x2e\x6f\x72\x67\x2f\x32\x30\x30\
\x30\x2f\x73\x76\x67\x22\x20\x77\x69\x64\x74\x68\x3d\x22\x32\x34\
\x22\x20\x68\x65\x69\x67\x68\x74\x3d\x22\x32\x34\x22\x20\x76\x69\
\x65\x77\x42\x6f\x78\x3d\x22\x30\x20\x30\x20\x32\x34\x20\x32\x34\
\x22\x20\x66\x69\x6c\x6c\x3d\x22\x6e\x6f\x6e\x65\x22\x20\x73\x74\
\x72\x6f\x6b\x65\x3d\x22\x63\x75\x72\x72\x65\x6e\x74\x43\x6f\x6c\
\x6f\x72\x22\x20\x73\x74\x72\x6f\x6b\x65\x2d\x77\x69\x64\x74\x68\
\x3d\x22\x32\x22\x20\x73\x74\x72\x6f\x6b\x65\x2d\x6c\x69\x6e\x65\
\x63\x61\x70\x3d\x22\x72\x6f\x75\x6e\x64\x22\x20\x73\x74\x72\x6f\
\x6b\x65\x2d\x6c\x69\x6e\x65\x6a\x6f\x69\x6e\x3d\x22\x72\x6f\x75\
\x6e\x64\x22\x3e\x3c\x70\x61\x74\x68\x20\x64\x3d\x22\x4d\x31\x39\
\x20\x31\x36\x2e\x39\x41\x35\x20\x35\x20\x30\x20\x30\x20\x30\x20\
\x31\x38\x20\x37\x68\x2d\x31\x2e\x32\x36\x61\x38\x20\x38\x20\x30\
\x20\x31\x20\x30\x2d\x31\x31\x2e\x36\x32\x20\x39\x22\x2f\x3e\x3c\
\x70\x6f\x6c\x79\x6c\x69\x6e\x65\x20\x70\x6f\x69\x6e\x74\x73\x3d\
\x22\x31\x33\x20\x31\x31\x20\x39\x20\x31\x37\x20\x31\x35\x20\x31\
\x37\x20\x31\x31\x20\x32\x33\x22\x2f\x3e\x3c\x2f\x73\x76\x67\x3e\
\
\x00\x00\x01\x38\
\x3c\
\x73\x76\x67\x20\x78\x6d\x6c\x6e\x73\x3d\x22\x68\x74\x74\x70\x3a\
\x2f\x2f\x77\x77\x77\x2e\x77\x33\x2e\x6f\x72\x67\x2f\x32\x30\x30\
\x30\x2f\x73\x76\x67\x22\x20\x77\x69\x64\x74\x68\x3d\x22\x32\x34\
\x22\x20\x68\x65\x69\x67\x68\x74\x3d\x22\x32\x34\x22\x20\x76\x69\
\x65\x77\x42\x6f\x78\x3d\x22\x30\x20\x30\x20\x32\x34\x20\x32\x34\
\x22\x20\x66\x69\x6c\x6c\x3d\x22\x6e\x6f\x6e\x65\x22\x20\x73\x74\
\x72\x6f\x6b\x65\x3d\x22\x63\x75\x72\x72\x65\x6e\x74\x43\x6f\x6c\
\x6f\x72\x22\x20\x73\x74\x72\x6f\x6b\x65\x2d\x77\x69\x64\x74\x68\
\x3d\x22\x32\x22\x20\x73\x74\x72\x6f\x6b\x65\x2d\x6c\x69\x6e\x65\
\x63\x61\x70\x3d\x22\x72\x6f\x75\x6e\x64\x22\x20\x73\x74\x72\x6f\
\x6b\x65\x2d\x6c\x69\x6e\x65\x6a\x6f\x69\x6e\x3d\x22\x72\x6f\x75\
\x6e\x64\x22\x3e\x3c\x70\x61\x74\x68\x20\x64\x3d\x22\x4d\x32\x31\
\x20\x31\x35\x76\x34\x61\x32\x20\x32\x20\x30\x20\x30\x20\x31\x2d\
\x32\x20\x32\x48\x35\x61\x32\x20\x32\x20\x30\x20\x30\x20\x31\x2d\
\x32\x2d\x32\x76\x2d\x34\x22\x2f\x3e\x3c\x70\x6f\x6c\x79\x6c\x69\
\x6e\x65\x20\x70\x6f\x69\x6e\x74\x73\x3d\x22\x31\x37\x20\x38\x20\
\x31\x32\x20\x33\x20\x37\x20\x38\x22\x2f\x3e\x3c\x6c\x69\x6e\x65\
\x20\x78\x31\x3d\x22\x31\x32\x22\x20\x79\x31\x3d\x22\x33\x22\x20\
\x78\x32\x3d\x22\x31\x32\x22\x20\x79\x32\x3d\x22\x31\x35\x22\x2f\
\x3e\x3c\x2f\x73\x76\x67\x3e\
\x00\x00\x01\x67\
\x3c\
\x73\x76\x67\x20\x78\x6d\x6c\x6e\x73\x3d\x22\x68\x74\x74\x70\x3a\
\x2f\x2f\x77\x77\x77\x2e\x77\x33\x2e\x6f\x72\x67\x2f\x32\x30\x30\
\x30\x2f\x73\x76\x67\x22\x20\x77\x69\x64\x74\x68\x3d\x22\x32\x34\
\x22\x20\x68\x65\x69\x67\x68\x74\x3d\x22\x32\x34\x22\x20\x76\x69\
\x65\x77\x42\x6f\x78\x3d\x22\x30\x20\x30\x20\x32\x34\x20\x32\x34\
\x22\x20\x66\x69\x6c\x6c\x3d\x22\x6e\x6f\x6e\x65\x22\x20\x73\x74\
\x72\x6f\x6b\x65\x3d\x22\x63\x75\x72\x72\x65\x6e\x74\x43\x6f\x6c\
\x6f\x72\x22\x20\x73\x74\x72\x6f\x6b\x65\x2d\x77\x69\x64\x74\x68\
\x3d\x22\x32\x22\x20\x73\x74\x72\x6f\x6b\x65\x2d\x6c\x69\x6e\x65\
\x63\x61\x70\x3d\x22\x72\x6f\x75\x6e\x64\x22\x20\x73\x74\x72\x6f\
\x6b\x65\x2d\x6c\x69\x6e\x65\x6a\x6f\x69\x6e\x3d\x22\x72\x6f\x75\
\x6e\x64\x22\x3e\x3c\x63\x69\x72\x63\x6c\x65\x20\x63\x78\x3d\x22\
\x31\x32\x22\x20\x63\x79\x3d\x22\x31\x32\x22\x20\x72\x3d\x22\x31\
\x30\x22\x2f\x3e\x3c\x6c\x69\x6e\x65\x20\x78\x31\x3d\x22\x32\x22\
\x20\x79\x31\x3d\x22\x31\x32\x22\x20\x78\x32\x3d\x22\x32\x32\x22\
\x20\x79\x32\x3d\x22\x31\x32\x22\x2f\x3e\x3c\x70\x61\x74\x68\x20\
\x64\x3d\x22\x4d\x31\x32\x20\x32\x61\x31\x35\x2e\x33\x20\x31\x35\
\x2e\x33\x20\x30\x20\x30\x20\x31\x20\x34\x20\x31\x30\x20\x31\x35\
\x2e\x33\x20\x31\x35\x2e\x33\x20\x30\x20\x30\x20\x31\x2d\x34\x20\
\x31\x30\x20\x31\x35\x2e\x33\x20\x31\x35\x2e\x33\x20\x30\x20\x30\
\x20\x31\x2d\x34\x2d\x31\x30\x20\x31\x35\x2e\x33\x20\x31\x35\x2e\
\x33\x20\x30\x20\x30\x20\x31\x20\x34\x2d\x31\x30\x7a\x22\x2f\x3e\
\x3c\x2f\x73\x76\x67\x3e\
\x00\x00\x01\x17\
\x3c\
\x73\x76\x67\x20\x78\x6d\x6c\x6e\x73\x3d\x22\x68\x74\x74\x70\x3a\
\x2f\x2f\x77\x77\x77\x2e\x77\x33\x2e\x6f\x72\x67\x2f\x32\x30\x30\
\x30\x2f\x73\x76\x67\x22\x20\x77\x69\x64\x74\x68\x3d\x22\x32\x34\
\x22\x20\x68\x65\x69\x67\x68\x74\x3d\x22\x32\x34\x22\x20\x76\x69\
\x65\x77\x42\x6f\x78\x3d\x22\x30\x20\x30\x20\x32\x34\x20\x32\x34\
\x22\x20\x66\x69\x6c\x6c\x3d\x22\x6e\x6f\x6e\x65\x22\x20\x73\x74\
\x72\x6f\x6b\x65\x3d\x22\x63\x75\x72\x72\x65\x6e\x74\x43\x6f\x6c\
\x6f\x72\x22\x20\x73\x74\x72\x6f\x6b\x65\x2d\x77\x69\x64\x74\x68\
\x3d\x22\x32\x22\x20\x73\x74\x72\x6f\x6b\x65\x2d\x6c\x69\x6e\x65\
\x63\x61\x70\x3d\x22\x72\x6f\x75\x6e\x64\x22\x20\x73\x74\x72\x6f\
\x6b\x65\x2d\x6c\x69\x6e\x65\x6a\x6f\x69\x6e\x3d\x22\x72\x6f\x75\
\x6e\x64\x22\x3e\x3c\x72\x65\x63\x74\x20\x78\x3d\x22\x33\x22\x20\
\x79\x3d\x22\x31\x31\x22\x20\x77\x69\x64\x74\x68\x3d\x22\x31\x38\
\x22\x20\x68\x65\x69\x67\x68\x74\x3d\x22\x31\x31\x22\x20\x72\x78\
\x3d\x22\x32\x22\x20\x72\x79\x3d\x22\x32\x22\x2f\x3e\x3c\x70\x61\
\x74\x68\x20\x64\x3d\x22\x4d\x37\x20\x31\x31\x56\x37\x61\x35\x20\
\x35\x20\x30\x20\x30\x20\x31\x20\x39\x2e\x39\x2d\x31\x22\x2f\x3e\
\x3c\x2f\x73\x76\x67\x3e\
\x00\x00\x01\x4a\
\x3c\
\x73\x76\x67\x20\x78\x6d\x6c\x6e\x73\x3d\x22\x68\x74\x74\x70\x3a\
\x2f\x2f\x77\x77\x77\x2e\x77\x33\x2e\x6f\x72\x67\x2f\x32\x30\x30\
\x30\x2f\x73\x76\x67\x22\x20\x77\x69\x64\x74\x68\x3d\x22\x32\x34\
\x22\x20\x68\x65\x69\x67\x68\x74\x3d\x22\x32\x34\x22\x20\x76\x69\
\x65\x77\x42\x6f\x78\x3d\x22\x30\x20\x30\x20\x32\x34\x20\x32\x34\
\x22\x20\x66\x69\x6c\x6c\x3d\x22\x6e\x6f\x6e\x65\x22\x20\x73\x74\
\x72\x6f\x6b\x65\x3d\x22\x63\x75\x72\x72\x65\x6e\x74\x43\x6f\x6c\
\x6f\x72\x22\x20\x73\x74\x72\x6f\x6b\x65\x2d\x77\x69\x64\x74\x68\
\x3d\x22\x32\x22\x20\x73\x74\x72\x6f\x6b\x65\x2d\x6c\x69\x6e\x65\
\x63\x61\x70\x3d\x22\x72\x6f\x75\x6e\x64\x22\x20\x73\x74\x72\x6f\
\x6b\x65\x2d\x6c\x69\x6e\x65\x6a\x6f\x69\x6e\x3d\x22\x72\x6f\x75\
\x6e\x64\x22\x3e\x3c\x70\x61\x74\x68\x20\x64\x3d\x22\x4d\x31\x34\
\x20\x32\x48\x36\x61\x32\x20\x32\x20\x30\x20\x30\x20\x30\x2d\x32\
\x20\x32\x76\x31\x36\x61\x32\x20\x32\x20\x30\x20\x30\x20\x30\x20\
\x32\x20\x32\x68\x31\x32\x61\x32\x20\x32\x20\x30\x20\x30\x20\x30\
\x20\x32\x2d\x32\x56\x38\x7a\x22\x2f\x3e\x3c\x70\x6f\x6c\x79\x6c\
\x69\x6e\x65\x20\x70\x6f\x69\x6e\x74\x73\x3d\x22\x31\x34\x20\x32\
\x20\x31\x34\x20\x38\x20\x32\x30\x20\x38\x22\x2f\x3e\x3c\x6c\x69\
\x6e\x65\x20\x78\x31\x3d\x22\x39\x22\x20\x79\x31\x3d\x22\x31\x35\
\x22\x20\x78\x32\x3d\x22\x31\x35\x22\x20\x79\x32\x3d\x22\x31\x35\
\x22\x2f\x3e\x3c\x2f\x73\x76\x67\x3e\
\x00\x00\x01\x18\
\x3c\
\x73\x76\x67\x20\x78\x6d\x6c\x6e\x73\x3d\x22\x68\x74\x74\x70\x3a\
\x2f\x2f\x77\x77\x77\x2e\x77\x33\x2e\x6f\x72\x67\x2f\x32\x30\x30\
\x30\x2f\x73\x76\x67\x22\x20\x77\x69\x64\x74\x68\x3d\x22\x32\x34\
\x22\x20\x68\x65\x69\x67\x68\x74\x3d\x22\x32\x34\x22\x20\x76\x69\
\x65\x77\x42\x6f\x78\x3d\x22\x30\x20\x30\x20\x32\x34\x20\x32\x34\
\x22\x20\x66\x69\x6c\x6c\x3d\x22\x6e\x6f\x6e\x65\x22\x20\x73\x74\
\x72\x6f\x6b\x65\x3d\x22\x63\x75\x72\x72\x65\x6e\x74\x43\x6f\x6c\
\x6f\x72\x22\x20\x73\x74\x72\x6f\x6b\x65\x2d\x77\x69\x64\x74\x68\
\x3d\x22\x32\x22\x20\x73\x74\x72\x6f\x6b\x65\x2d\x6c\x69\x6e\x65\
\x63\x61\x70\x3d\x22\x72\x6f\x75\x6e\x64\x22\x20\x73\x74\x72\x6f\
\x6b\x65\x2d\x6c\x69\x6e\x65\x6a\x6f\x69\x6e\x3d\x22\x72\x6f\x75\
\x6e\x64\x22\x3e\x3c\x72\x65\x63\x74\x20\x78\x3d\x22\x33\x22\x20\
\x79\x3d\x22\x31\x31\x22\x20\x77\x69\x64\x74\x68\x3d\x22\x31\x38\
\x22\x20\x68\x65\x69\x67\x68\x74\x3d\x22\x31\x31\x22\x20\x72\x78\
\x3d\x22\x32\x22\x20\x72\x79\x3d\x22\x32\x22\x2f\x3e\x3c\x70\x61\
\x74\x68\x20\x64\x3d\x22\x4d\x37\x20\x31\x31\x56\x37\x61\x35\x20\
\x35\x20\x30\x20\x30\x20\x31\x20\x31\x30\x20\x30\x76\x34\x22\x2f\
\x3e\x3c\x2f\x73\x76\x67\x3e\
\x00\x00\x01\x00\
\x3c\
\x73\x76\x67\x20\x78\x6d\x6c\x6e\x73\x3d\x22\x68\x74\x74\x70\x3a\
\x2f\x2f\x77\x77\x77\x2e\x77\x33\x2e\x6f\x72\x67\x2f\x32\x30\x30\
\x30\x2f\x73\x76\x67\x22\x20\x77\x69\x64\x74\x68\x3d\x22\x32\x34\
\x22\x20\x68\x65\x69\x67\x68\x74\x3d\x22\x32\x34\x22\x20\x76\x69\
\x65\x77\x42\x6f\x78\x3d\x22\x30\x20\x30\x20\x32\x34\x20\x32\x34\
\x22\x20\x66\x69\x6c\x6c\x3d\x22\x6e\x6f\x6e\x65\x22\x20\x73\x74\
\x72\x6f\x6b\x65\x3d\x22\x63\x75\x72\x72\x65\x6e\x74\x43\x6f\x6c\
\x6f\x72\x22\x20\x73\x74\x72\x6f\x6b\x65\x2d\x77\x69\x64\x74\x68\
\x3d\x22\x32\x22\x20\x73\x74\x72\x6f\x6b\x65\x2d\x6c\x69\x6e\x65\
\x63\x61\x70\x3d\x22\x72\x6f\x75\x6e\x64\x22\x20\x73\x74\x72\x6f\
\x6b\x65\x2d\x6c\x69\x6e\x65\x6a\x6f\x69\x6e\x3d\x22\x72\x6f\x75\
\x6e\x64\x22\x3e\x3c\x63\x69\x72\x63\x6c\x65\x20\x63\x78\x3d\x22\
\x31\x32\x22\x20\x63\x79\x3d\x22\x31\x32\x22\x20\x72\x3d\x22\x31\
\x30\x22\x2f\x3e\x3c\x70\x6f\x6c\x79\x6c\x69\x6e\x65\x20\x70\x6f\
\x69\x6e\x74\x73\x3d\x22\x31\x32\x20\x36\x20\x31\x32\x20\x31\x32\
\x20\x31\x36\x20\x31\x34\x22\x2f\x3e\x3c\x2f\x73\x76\x67\x3e\
\x00\x00\x00\xf8\
\x3c\
\x73\x76\x67\x20\x78\x6d\x6c\x6e\x73\x3d\x22\x68\x74\x74\x70\x3a\
\x2f\x2f\x77\x77\x77\x2e\x77\x33\x2e\x6f\x72\x67\x2f\x32\x30\x30\
\x30\x2f\x73\x76\x67\x22\x20\x77\x69\x64\x74\x68\x3d\x22\x32\x34\
\x22\x20\x68\x65\x69\x67\x68\x74\x3d\x22\x32\x34\x22\x20\x76\x69\
\x65\x77\x42\x6f\x78\x3d\x22\x30\x20\x30\x20\x32\x34\x20\x32\x34\
\x22\x20\x66\x69\x6c\x6c\x3d\x22\x6e\x6f\x6e\x65\x22\x20\x73\x74\
\x72\x6f\x6b\x65\x3d\x22\x63\x75\x72\x72\x65\x6e\x74\x43\x6f\x6c\
\x6f\x72\x22\x20\x73\x74\x72\x6f\x6b\x65\x2d\x77\x69\x64\x74\x68\
\x3d\x22\x32\x22\x20\x73\x74\x72\x6f\x6b\x65\x2d\x6c\x69\x6e\x65\
\x63\x61\x70\x3d\x22\x72\x6f\x75\x6e\x64\x22\x20\x73\x74\x72\x6f\
\x6b\x65\x2d\x6c\x69\x6e\x65\x6a\x6f\x69\x6e\x3d\x22\x72\x6f\x75\
\x6e\x64\x22\x3e\x3c\x70\x61\x74\x68\x20\x64\x3d\x22\x4d\x31\x39\
\x20\x32\x31\x6c\x2d\x37\x2d\x35\x2d\x37\x20\x35\x56\x35\x61\x32\
\x20\x32\x20\x30\x20\x30\x20\x31\x20\x32\x2d\x32\x68\x31\x30\x61\
\x32\x20\x32\x20\x30\x20\x30\x20\x31\x20\x32\x20\x32\x7a\x22\x2f\
\x3e\x3c\x2f\x73\x76\x67\x3e\
\x00\x00\x01\x02\
\x3c\
\x73\x76\x67\x20\x78\x6d\x6c\x6e\x73\x3d\x22\x68\x74\x74\x70\x3a\
\x2f\x2f\x77\x77\x77\x2e\x77\x33\x2e\x6f\x72\x67\x2f\x32\x30\x30\
\x30\x2f\x73\x76\x67\x22\x20\x77\x69\x64\x74\x68\x3d\x22\x32\x34\
\x22\x20\x68\x65\x69\x67\x68\x74\x3d\x22\x32\x34\x22\x20\x76\x69\
\x65\x77\x42\x6f\x78\x3d\x22\x30\x20\x30\x20\x32\x34\x20\x32\x34\
\x22\x20\x66\x69\x6c\x6c\x3d\x22\x6e\x6f\x6e\x65\x22\x20\x73\x74\
\x72\x6f\x6b\x65\x3d\x22\x63\x75\x72\x72\x65\x6e\x74\x43\x6f\x6c\
\x6f\x72\x22\x20\x73\x74\x72\x6f\x6b\x65\x2d\x77\x69\x64\x74\x68\
\x3d\x22\x32\x22\x20\x73\x74\x72\x6f\x6b\x65\x2d\x6c\x69\x6e\x65\
\x63\x61\x70\x3d\x22\x72\x6f\x75\x6e\x64\x22\x20\x73\x74\x72\x6f\
\x6b\x65\x2d\x6c\x69\x6e\x65\x6a\x6f\x69\x6e\x3d\x22\x72\x6f\x75\
\x6e\x64\x22\x3e\x3c\x70\x6f\x6c\x79\x6c\x69\x6e\x65\x20\x70\x6f\
\x69\x6e\x74\x73\x3d\x22\x31\x36\x20\x31\x38\x20\x32\x32\x20\x31\
\x32\x20\x31\x36\x20\x36\x22\x2f\x3e\x3c\x70\x6f\x6c\x79\x6c\x69\
\x6e\x65\x20\x70\x6f\x69\x6e\x74\x73\x3d\x22\x38\x20\x36\x20\x32\
\x20\x31\x32\x20\x38\x20\x31\x38\x22\x2f\x3e\x3c\x2f\x73\x76\x67\
\x3e\
\x00\x00\x01\x52\
\x3c\
\x73\x76\x67\x20\x78\x6d\x6c\x6e\x73\x3d\x22\x68\x74\x74\x70\x3a\
\x2f\x2f\x77\x77\x77\x2e\x77\x33\x2e\x6f\x72\x67\x2f\x32\x30\x30\
\x30\x2f\x73\x76\x67\x22\x20\x77\x69\x64\x74\x68\x3d\x22\x32\x34\
\x22\x20\x68\x65\x69\x67\x68\x74\x3d\x22\x32\x34\x22\x20\x76\x69\
\x65\x77\x42\x6f\x78\x3d\x22\x30\x20\x30\x20\x32\x34\x20\x32\x34\
\x22\x20\x66\x69\x6c\x6c\x3d\x22\x6e\x6f\x6e\x65\x22\x20\x73\x74\
\x72\x6f\x6b\x65\x3d\x22\x63\x75\x72\x72\x65\x6e\x74\x43\x6f\x6c\
\x6f\x72\x22\x20\x73\x74\x72\x6f\x6b\x65\x2d\x77\x69\x64\x74\x68\
\x3d\x22\x32\x22\x20\x73\x74\x72\x6f\x6b\x65\x2d\x6c\x69\x6e\x65\
\x63\x61\x70\x3d\x22\x72\x6f\x75\x6e\x64\x22\x20\x73\x74\x72\x6f\
\x6b\x65\x2d\x6c\x69\x6e\x65\x6a\x6f\x69\x6e\x3d\x22\x72\x6f\x75\
\x6e\x64\x22\x3e\x3c\x6c\x69\x6e\x65\x20\x78\x31\x3d\x22\x31\x22\
\x20\x79\x31\x3d\x22\x31\x22\x20\x78\x32\x3d\x22\x32\x33\x22\x20\
\x79\x32\x3d\x22\x32\x33\x22\x2f\x3e\x3c\x70\x61\x74\x68\x20\x64\
\x3d\x22\x4d\x32\x31\x20\x32\x31\x48\x33\x61\x32\x20\x32\x20\x30\
\x20\x30\x20\x31\x2d\x32\x2d\x32\x56\x38\x61\x32\x20\x32\x20\x30\
\x20\x30\x20\x31\x20\x32\x2d\x32\x68\x33\x6d\x33\x2d\x33\x68\x36\
\x6c\x32\x20\x33\x68\x34\x61\x32\x20\x32\x20\x30\x20\x30\x20\x31\
\x20\x32\x20\x32\x76\x39\x2e\x33\x34\x6d\x2d\x37\x2e\x37\x32\x2d\
\x32\x2e\x30\x36\x61\x34\x20\x34\x20\x30\x20\x31\x20\x31\x2d\x35\
\x2e\x35\x36\x2d\x35\x2e\x35\x36\x22\x2f\x3e\x3c\x2f\x73\x76\x67\
\x3e\
\x00\x00\x00\xe1\
\x3c\
\x73\x76\x67\x20\x78\x6d\x6c\x6e\x73\x3d\x22\x68\x74\x74\x70\x3a\
\x2f\x2f\x77\x77\x77\x2e\x77\x33\x2e\x6f\x72\x67\x2f\x32\x30\x30\
\x30\x2f\x73\x76\x67\x22\x20\x77\x69\x64\x74\x68\x3d\x22\x32\x34\
\x22\x20\x68\x65\x69\x67\x68\x74\x3d\x22\x32\x34\x22\x20\x76\x69\
\x65\x77\x42\x6f\x78\x3d\x22\x30\x20\x30\x20\x32\x34\x20\x32\x34\
\x22\x20\x66\x69\x6c\x6c\x3d\x22\x6e\x6f\x6e\x65\x22\x20\x73\x74\
\x72\x6f\x6b\x65\x3d\x22\x63\x75\x72\x72\x65\x6e\x74\x43\x6f\x6c\
\x6f\x72\x22\x20\x73\x74\x72\x6f\x6b\x65\x2d\x77\x69\x64\x74\x68\
\x3d\x22\x32\x22\x20\x73\x74\x72\x6f\x6b\x65\x2d\x6c\x69\x6e\x65\
\x63\x61\x70\x3d\x22\x72\x6f\x75\x6e\x64\x22\x20\x73\x74\x72\x6f\
\x6b\x65\x2d\x6c\x69\x6e\x65\x6a\x6f\x69\x6e\x3d\x22\x72\x6f\x75\
\x6e\x64\x22\x3e\x3c\x6c\x69\x6e\x65\x20\x78\x31\x3d\x22\x35\x22\
\x20\x79\x31\x3d\x22\x31\x32\x22\x20\x78\x32\x3d\x22\x31\x39\x22\
\x20\x79\x32\x3d\x22\x31\x32\x22\x2f\x3e\x3c\x2f\x73\x76\x67\x3e\
\
\x00\x00\x01\x3e\
\x3c\
\x73\x76\x67\x20\x78\x6d\x6c\x6e\x73\x3d\x22\x68\x74\x74\x70\x3a\
\x2f\x2f\x77\x77\x77\x2e\x77\x33\x2e\x6f\x72\x67\x2f\x32\x30\x30\
\x30\x2f\x73\x76\x67\x22\x20\x77\x69\x64\x74\x68\x3d\x22\x32\x34\
\x22\x20\x68\x65\x69\x67\x68\x74\x3d\x22\x32\x34\x22\x20\x76\x69\
\x65\x77\x42\x6f\x78\x3d\x22\x30\x20\x30\x20\x32\x34\x20\x32\x34\
\x22\x20\x66\x69\x6c\x6c\x3d\x22\x6e\x6f\x6e\x65\x22\x20\x73\x74\
\x72\x6f\x6b\x65\x3d\x22\x63\x75\x72\x72\x65\x6e\x74\x43\x6f\x6c\
\x6f\x72\x22\x20\x73\x74\x72\x6f\x6b\x65\x2d\x77\x69\x64\x74\x68\
\x3d\x22\x32\x22\x20\x73\x74\x72\x6f\x6b\x65\x2d\x6c\x69\x6e\x65\
\x63\x61\x70\x3d\x22\x72\x6f\x75\x6e\x64\x22\x20\x73\x74\x72\x6f\
\x6b\x65\x2d\x6c\x69\x6e\x65\x6a\x6f\x69\x6e\x3d\x22\x72\x6f\x75\
\x6e\x64\x22\x3e\x3c\x65\x6c\x6c\x69\x70\x73\x65\x20\x63\x78\x3d\
\x22\x31\x32\x22\x20\x63\x79\x3d\x22\x35\x22\x20\x72\x78\x3d\x22\
\x39\x22\x20\x72\x79\x3d\x22\x33\x22\x2f\x3e\x3c\x70\x61\x74\x68\
\x20\x64\x3d\x22\x4d\x32\x31\x20\x31\x32\x63\x30\x20\x31\x2e\x36\
\x36\x2d\x34\x20\x33\x2d\x39\x20\x33\x73\x2d\x39\x2d\x31\x2e\x33\
\x34\x2d\x39\x2d\x33\x22\x2f\x3e\x3c\x70\x61\x74\x68\x20\x64\x3d\
\x22\x4d\x33\x20\x35\x76\x31\x34\x63\x30\x20\x31\x2e\x36\x36\x20\
\x34\x20\x33\x20\x39\x20\x33\x73\x39\x2d\x31\x2e\x33\x34\x20\x39\
\x2d\x33\x56\x35\x22\x2f\x3e\x3c\x2f\x73\x76\x67\x3e\
\x00\x00\x01\x03\
\x3c\
\x73\x76\x67\x20\x78\x6d\x6c\x6e\x73\x3d\x22\x68\x74\x74\x70\x3a\
\x2f\x2f\x77\x77\x77\x2e\x77\x33\x2e\x6f\x72\x67\x2f\x32\x30\x30\
\x30\x2f\x73\x76\x67\x22\x20\x77\x69\x64\x74\x68\x3d\x22\x32\x34\
\x22\x20\x68\x65\x69\x67\x68\x74\x3d\x22\x32\x34\x22\x20\x76\x69\
\x65\x77\x42\x6f\x78\x3d\x22\x30\x20\x30\x20\x32\x34\x20\x32\x34\
\x22\x20\x66\x69\x6c\x6c\x3d\x22\x6e\x6f\x6e\x65\x22\x20\x73\x74\
\x72\x6f\x6b\x65\x3d\x22\x63\x75\x72\x72\x65\x6e\x74\x43\x6f\x6c\
\x6f\x72\x22\x20\x73\x74\x72\x6f\x6b\x65\x2d\x77\x69\x64\x74\x68\
\x3d\x22\x32\x22\x20\x73\x74\x72\x6f\x6b\x65\x2d\x6c\x69\x6e\x65\
\x63\x61\x70\x3d\x22\x72\x6f\x75\x6e\x64\x22\x20\x73\x74\x72\x6f\
\x6b\x65\x2d\x6c\x69\x6e\x65\x6a\x6f\x69\x6e\x3d\x22\x72\x6f\x75\
\x6e\x64\x22\x3e\x3c\x70\x6f\x6c\x79\x6c\x69\x6e\x65\x20\x70\x6f\
\x69\x6e\x74\x73\x3d\x22\x37\x20\x31\x33\x20\x31\x32\x20\x31\x38\
\x20\x31\x37\x20\x31\x33\x22\x2f\x3e\x3c\x70\x6f\x6c\x79\x6c\x69\
\x6e\x65\x20\x70\x6f\x69\x6e\x74\x73\x3d\x22\x37\x20\x36\x20\x31\
\x32\x20\x31\x31\x20\x31\x37\x20\x36\x22\x2f\x3e\x3c\x2f\x73\x76\
\x67\x3e\
\x00\x00\x01\x01\
\x3c\
\x73\x76\x67\x20\x78\x6d\x6c\x6e\x73\x3d\x22\x68\x74\x74\x70\x3a\
\x2f\x2f\x77\x77\x77\x2e\x77\x33\x2e\x6f\x72\x67\x2f\x32\x30\x30\
\x30\x2f\x73\x76\x67\x22\x20\x77\x69\x64\x74\x68\x3d\x22\x32\x34\
\x22\x20\x68\x65\x69\x67\x68\x74\x3d\x22\x32\x34\x22\x20\x76\x69\
\x65\x77\x42\x6f\x78\x3d\x22\x30\x20\x30\x20\x32\x34\x20\x32\x34\
\x22\x20\x66\x69\x6c\x6c\x3d\x22\x6e\x6f\x6e\x65\x22\x20\x73\x74\
\x72\x6f\x6b\x65\x3d\x22\x63\x75\x72\x72\x65\x6e\x74\x43\x6f\x6c\
\x6f\x72\x22\x20\x73\x74\x72\x6f\x6b\x65\x2d\x77\x69\x64\x74\x68\
\x3d\x22\x32\x22\x20\x73\x74\x72\x6f\x6b\x65\x2d\x6c\x69\x6e\x65\
\x63\x61\x70\x3d\x22\x72\x6f\x75\x6e\x64\x22\x20\x73\x74\x72\x6f\
\x6b\x65\x2d\x6c\x69\x6e\x65\x6a\x6f\x69\x6e\x3d\x22\x72\x6f\x75\
\x6e\x64\x22\x3e\x3c\x70\x6f\x6c\x79\x6c\x69\x6e\x65\x20\x70\x6f\
\x69\x6e\x74\x73\x3d\x22\x31\x34\x20\x39\x20\x39\x20\x34\x20\x34\
\x20\x39\x22\x2f\x3e\x3c\x70\x61\x74\x68\x20\x64\x3d\x22\x4d\x32\
\x30\x20\x32\x30\x68\x2d\x37\x61\x34\x20\x34\x20\x30\x20\x30\x20\
\x31\x2d\x34\x2d\x34\x56\x34\x22\x2f\x3e\x3c\x2f\x73\x76\x67\x3e\
\
\x00\x00\x01\x06\
\x3c\
\x73\x76\x67\x20\x78\x6d\x6c\x6e\x73\x3d\x22\x68\x74\x74\x70\x3a\
\x2f\x2f\x77\x77\x77\x2e\x77\x33\x2e\x6f\x72\x67\x2f\x32\x30\x30\
\x30\x2f\x73\x76\x67\x22\x20\x77\x69\x64\x74\x68\x3d\x22\x32\x34\
\x22\x20\x68\x65\x69\x67\x68\x74\x3d\x22\x32\x34\x22\x20\x76\x69\
\x65\x77\x42\x6f\x78\x3d\x22\x30\x20\x30\x20\x32\x34\x20\x32\x34\
\x22\x20\x66\x69\x6c\x6c\x3d\x22\x6e\x6f\x6e\x65\x22\x20\x73\x74\
\x72\x6f\x6b\x65\x3d\x22\x63\x75\x72\x72\x65\x6e\x74\x43\x6f\x6c\
\x6f\x72\x22\x20\x73\x74\x72\x6f\x6b\x65\x2d\x77\x69\x64\x74\x68\
\x3d\x22\x32\x22\x20\x73\x74\x72\x6f\x6b\x65\x2d\x6c\x69\x6e\x65\
\x63\x61\x70\x3d\x22\x72\x6f\x75\x6e\x64\x22\x20\x73\x74\x72\x6f\
\x6b\x65\x2d\x6c\x69\x6e\x65\x6a\x6f\x69\x6e\x3d\x22\x72\x6f\x75\
\x6e\x64\x22\x3e\x3c\x6c\x69\x6e\x65\x20\x78\x31\x3d\x22\x31\x32\
\x22\x20\x79\x31\x3d\x22\x35\x22\x20\x78\x32\x3d\x22\x31\x32\x22\
\x20\x79\x32\x3d\x22\x31\x39\x22\x2f\x3e\x3c\x70\x6f\x6c\x79\x6c\
\x69\x6e\x65\x20\x70\x6f\x69\x6e\x74\x73\x3d\x22\x31\x39\x20\x31\
\x32\x20\x31\x32\x20\x31\x39\x20\x35\x20\x31\x32\x22\x2f\x3e\x3c\
\x2f\x73\x76\x67\x3e\
\x00\x00\x00\xce\
\x89\
\x50\x4e\x47\x0d\x0a\x1a\x0a\x00\x00\x00\x0d\x49\x48\x44\x52\x00\
\x00\x00\x10\x00\x00\x00\x10\x08\x04\x00\x00\x00\xb5\xfa\x37\xea\
\x00\x00\x00\x09\x70\x48\x59\x73\x00\x00\x09\xd7\x00\x00\x09\xd7\
\x01\xb1\x6e\x17\xb7\x00\x00\x00\x19\x74\x45\x58\x74\x53\x6f\x66\
\x74\x77\x61\x72\x65\x00\x77\x77\x77\x2e\x69\x6e\x6b\x73\x63\x61\
\x70\x65\x2e\x6f\x72\x67\x9b\xee\x3c\x1a\x00\x00\x00\x5b\x49\x44\
\x41\x54\x28\xcf\x63\xf8\xcf\x80\x1f\x32\xd0\x45\x01\x9f\x05\x4f\
\x16\x4f\x28\x16\x98\xc5\x69\x0e\x56\xc0\x7b\x92\xf7\x3f\x0e\x78\
\x12\xac\x80\x41\x88\xef\x2d\x56\xe9\x0f\x62\xe2\x50\x37\x60\x55\
\x02\x96\x86\x3b\x12\x43\x09\x54\x1a\xc9\x17\x28\x4a\xe0\xd2\x28\
\xde\xe4\x15\x86\x2a\x79\x2f\x2e\x86\x23\x1c\xa4\x44\x78\x5f\xf1\
\xbe\x92\x12\xa1\x7f\x50\xe3\x87\x00\xd3\x20\xed\x9d\x14\xc0\x4b\
\xa4\x00\x00\x00\x00\x49\x45\x4e\x44\xae\x42\x60\x82\
\x00\x00\x01\x39\
\x3c\
\x73\x76\x67\x20\x78\x6d\x6c\x6e\x73\x3d\x22\x68\x74\x74\x70\x3a\
\x2f\x2f\x77\x77\x77\x2e\x77\x33\x2e\x6f\x72\x67\x2f\x32\x30\x30\
\x30\x2f\x73\x76\x67\x22\x20\x77\x69\x64\x74\x68\x3d\x22\x32\x34\
\x22\x20\x68\x65\x69\x67\x68\x74\x3d\x22\x32\x34\x22\x20\x76\x69\
\x65\x77\x42\x6f\x78\x3d\x22\x30\x20\x30\x20\x32\x34\x20\x32\x34\
\x22\x20\x66\x69\x6c\x6c\x3d\x22\x6e\x6f\x6e\x65\x22\x20\x73\x74\
\x72\x6f\x6b\x65\x3d\x22\x63\x75\x72\x72\x65\x6e\x74\x43\x6f\x6c\
\x6f\x72\x22\x20\x73\x74\x72\x6f\x6b\x65\x2d\x77\x69\x64\x74\x68\
\x3d\x22\x32\x22\x20\x73\x74\x72\x6f\x6b\x65\x2d\x6c\x69\x6e\x65\
\x63\x61\x70\x3d\x22\x72\x6f\x75\x6e\x64\x22\x20\x73\x74\x72\x6f\
\x6b\x65\x2d\x6c\x69\x6e\x65\x6a\x6f\x69\x6e\x3d\x22\x72\x6f\x75\
\x6e\x64\x22\x3e\x3c\x70\x61\x74\x68\x20\x64\x3d\x22\x4d\x39\x20\
\x32\x31\x48\x35\x61\x32\x20\x32\x20\x30\x20\x30\x20\x31\x2d\x32\
\x2d\x32\x56\x35\x61\x32\x20\x32\x20\x30\x20\x30\x20\x31\x20\x32\
\x2d\x32\x68\x34\x22\x2f\x3e\x3c\x70\x6f\x6c\x79\x6c\x69\x6e\x65\
\x20\x70\x6f\x69\x6e\x74\x73\x3d\x22\x31\x36\x20\x31\x37\x20\x32\
\x31\x20\x31\x32\x20\x31\x36\x20\x37\x22\x2f\x3e\x3c\x6c\x69\x6e\
\x65\x20\x78\x31\x3d\x22\x32\x31\x22\x20\x79\x31\x3d\x22\x31\x32\
\x22\x20\x78\x32\x3d\x22\x39\x22\x20\x79\x32\x3d\x22\x31\x32\x22\
\x2f\x3e\x3c\x2f\x73\x76\x67\x3e\
\x00\x00\x01\x14\
\x3c\
\x73\x76\x67\x20\x78\x6d\x6c\x6e\x73\x3d\x22\x68\x74\x74\x70\x3a\
\x2f\x2f\x77\x77\x77\x2e\x77\x33\x2e\x6f\x72\x67\x2f\x32\x30\x30\
\x30\x2f\x73\x76\x67\x22\x20\x77\x69\x64\x74\x68\x3d\x22\x32\x34\
\x22\x20\x68\x65\x69\x67\x68\x74\x3d\x22\x32\x34\x22\x20\x76\x69\
\x65\x77\x42\x6f\x78\x3d\x22\x30\x20\x30\x20\x32\x34\x20\x32\x34\
\x22\x20\x66\x69\x6c\x6c\x3d\x22\x6e\x6f\x6e\x65\x22\x20\x73\x74\
\x72\x6f\x6b\x65\x3d\x22\x63\x75\x72\x72\x65\x6e\x74\x43\x6f\x6c\
\x6f\x72\x22\x20\x73\x74\x72\x6f\x6b\x65\x2d\x77\x69\x64\x74\x68\
\x3d\x22\x32\x22\x20\x73\x74\x72\x6f\x6b\x65\x2d\x6c\x69\x6e\x65\
\x63\x61\x70\x3d\x22\x72\x6f\x75\x6e\x64\x22\x20\x73\x74\x72\x6f\
\x6b\x65\x2d\x6c\x69\x6e\x65\x6a\x6f\x69\x6e\x3d\x22\x72\x6f\x75\
\x6e\x64\x22\x3e\x3c\x70\x61\x74\x68\x20\x64\x3d\x22\x4d\x32\x31\
\x20\x31\x30\x63\x30\x20\x37\x2d\x39\x20\x31\x33\x2d\x39\x20\x31\
\x33\x73\x2d\x39\x2d\x36\x2d\x39\x2d\x31\x33\x61\x39\x20\x39\x20\
\x30\x20\x30\x20\x31\x20\x31\x38\x20\x30\x7a\x22\x2f\x3e\x3c\x63\
\x69\x72\x63\x6c\x65\x20\x63\x78\x3d\x22\x31\x32\x22\x20\x63\x79\
\x3d\x22\x31\x30\x22\x20\x72\x3d\x22\x33\x22\x2f\x3e\x3c\x2f\x73\
\x76\x67\x3e\
\x00\x00\x01\x1e\
\x3c\
\x73\x76\x67\x20\x78\x6d\x6c\x6e\x73\x3d\x22\x68\x74\x74\x70\x3a\
\x2f\x2f\x77\x77\x77\x2e\x77\x33\x2e\x6f\x72\x67\x2f\x32\x30\x30\
\x30\x2f\x73\x76\x67\x22\x20\x77\x69\x64\x74\x68\x3d\x22\x32\x34\
\x22\x20\x68\x65\x69\x67\x68\x74\x3d\x22\x32\x34\x22\x20\x76\x69\
\x65\x77\x42\x6f\x78\x3d\x22\x30\x20\x30\x20\x32\x34\x20\x32\x34\
\x22\x20\x66\x69\x6c\x6c\x3d\x22\x6e\x6f\x6e\x65\x22\x20\x73\x74\
\x72\x6f\x6b\x65\x3d\x22\x63\x75\x72\x72\x65\x6e\x74\x43\x6f\x6c\
\x6f\x72\x22\x20\x73\x74\x72\x6f\x6b\x65\x2d\x77\x69\x64\x74\x68\
\x3d\x22\x32\x22\x20\x73\x74\x72\x6f\x6b\x65\x2d\x6c\x69\x6e\x65\
\x63\x61\x70\x3d\x22\x72\x6f\x75\x6e\x64\x22\x20\x73\x74\x72\x6f\
\x6b\x65\x2d\x6c\x69\x6e\x65\x6a\x6f\x69\x6e\x3d\x22\x72\x6f\x75\
\x6e\x64\x22\x3e\x3c\x70\x61\x74\x68\x20\x64\x3d\x22\x4d\x36\x20\
\x34\x68\x38\x61\x34\x20\x34\x20\x30\x20\x30\x20\x31\x20\x34\x20\
\x34\x20\x34\x20\x34\x20\x30\x20\x30\x20\x31\x2d\x34\x20\x34\x48\
\x36\x7a\x22\x2f\x3e\x3c\x70\x61\x74\x68\x20\x64\x3d\x22\x4d\x36\
\x20\x31\x32\x68\x39\x61\x34\x20\x34\x20\x30\x20\x30\x20\x31\x20\
\x34\x20\x34\x20\x34\x20\x34\x20\x30\x20\x30\x20\x31\x2d\x34\x20\
\x34\x48\x36\x7a\x22\x2f\x3e\x3c\x2f\x73\x76\x67\x3e\
\x00\x00\x01\x1f\
\x3c\
\x73\x76\x67\x20\x78\x6d\x6c\x6e\x73\x3d\x22\x68\x74\x74\x70\x3a\
\x2f\x2f\x77\x77\x77\x2e\x77\x33\x2e\x6f\x72\x67\x2f\x32\x30\x30\
\x30\x2f\x73\x76\x67\x22\x20\x77\x69\x64\x74\x68\x3d\x22\x32\x34\
\x22\x20\x68\x65\x69\x67\x68\x74\x3d\x22\x32\x34\x22\x20\x76\x69\
\x65\x77\x42\x6f\x78\x3d\x22\x30\x20\x30\x20\x32\x34\x20\x32\x34\
\x22\x20\x66\x69\x6c\x6c\x3d\x22\x6e\x6f\x6e\x65\x22\x20\x73\x74\
\x72\x6f\x6b\x65\x3d\x22\x63\x75\x72\x72\x65\x6e\x74\x43\x6f\x6c\
\x6f\x72\x22\x20\x73\x74\x72\x6f\x6b\x65\x2d\x77\x69\x64\x74\x68\
\x3d\x22\x32\x22\x20\x73\x74\x72\x6f\x6b\x65\x2d\x6c\x69\x6e\x65\
\x63\x61\x70\x3d\x22\x72\x6f\x75\x6e\x64\x22\x20\x73\x74\x72\x6f\
\x6b\x65\x2d\x6c\x69\x6e\x65\x6a\x6f\x69\x6e\x3d\x22\x72\x6f\x75\
\x6e\x64\x22\x3e\x3c\x70\x61\x74\x68\x20\x64\x3d\x22\x4d\x33\x20\
\x39\x6c\x39\x2d\x37\x20\x39\x20\x37\x76\x31\x31\x61\x32\x20\x32\
\x20\x30\x20\x30\x20\x31\x2d\x32\x20\x32\x48\x35\x61\x32\x20\x32\
\x20\x30\x20\x30\x20\x31\x2d\x32\x2d\x32\x7a\x22\x2f\x3e\x3c\x70\
\x6f\x6c\x79\x6c\x69\x6e\x65\x20\x70\x6f\x69\x6e\x74\x73\x3d\x22\
\x39\x20\x32\x32\x20\x39\x20\x31\x32\x20\x31\x35\x20\x31\x32\x20\
\x31\x35\x20\x32\x32\x22\x2f\x3e\x3c\x2f\x73\x76\x67\x3e\
\x00\x00\x01\x7f\
\x3c\
\x73\x76\x67\x20\x78\x6d\x6c\x6e\x73\x3d\x22\x68\x74\x74\x70\x3a\
\x2f\x2f\x77\x77\x77\x2e\x77\x33\x2e\x6f\x72\x67\x2f\x32\x30\x30\
\x30\x2f\x73\x76\x67\x22\x20\x77\x69\x64\x74\x68\x3d\x22\x32\x34\
\x22\x20\x68\x65\x69\x67\x68\x74\x3d\x22\x32\x34\x22\x20\x76\x69\
\x65\x77\x42\x6f\x78\x3d\x22\x30\x20\x30\x20\x32\x34\x20\x32\x34\
\x22\x20\x66\x69\x6c\x6c\x3d\x22\x6e\x6f\x6e\x65\x22\x20\x73\x74\
\x72\x6f\x6b\x65\x3d\x22\x63\x75\x72\x72\x65\x6e\x74\x43\x6f\x6c\
\x6f\x72\x22\x20\x73\x74\x72\x6f\x6b\x65\x2d\x77\x69\x64\x74\x68\
\x3d\x22\x32\x22\x20\x73\x74\x72\x6f\x6b\x65\x2d\x6c\x69\x6e\x65\
\x63\x61\x70\x3d\x22\x72\x6f\x75\x6e\x64\x22\x20\x73\x74\x72\x6f\
\x6b\x65\x2d\x6c\x69\x6e\x65\x6a\x6f\x69\x6e\x3d\x22\x72\x6f\x75\
\x6e\x64\x22\x3e\x3c\x63\x69\x72\x63\x6c\x65\x20\x63\x78\x3d\x22\
\x31\x32\x22\x20\x63\x79\x3d\x22\x31\x32\x22\x20\x72\x3d\x22\x31\
\x30\x22\x2f\x3e\x3c\x63\x69\x72\x63\x6c\x65\x20\x63\x78\x3d\x22\
\x31\x32\x22\x20\x63\x79\x3d\x22\x31\x32\x22\x20\x72\x3d\x22\x34\
\x22\x2f\x3e\x3c\x6c\x69\x6e\x65\x20\x78\x31\x3d\x22\x32\x31\x2e\
\x31\x37\x22\x20\x79\x31\x3d\x22\x38\x22\x20\x78\x32\x3d\x22\x31\
\x32\x22\x20\x79\x32\x3d\x22\x38\x22\x2f\x3e\x3c\x6c\x69\x6e\x65\
\x20\x78\x31\x3d\x22\x33\x2e\x39\x35\x22\x20\x79\x31\x3d\x22\x36\
\x2e\x30\x36\x22\x20\x78\x32\x3d\x22\x38\x2e\x35\x34\x22\x20\x79\
\x32\x3d\x22\x31\x34\x22\x2f\x3e\x3c\x6c\x69\x6e\x65\x20\x78\x31\
\x3d\x22\x31\x30\x2e\x38\x38\x22\x20\x79\x31\x3d\x22\x32\x31\x2e\
\x39\x34\x22\x20\x78\x32\x3d\x22\x31\x35\x2e\x34\x36\x22\x20\x79\
\x32\x3d\x22\x31\x34\x22\x2f\x3e\x3c\x2f\x73\x76\x67\x3e\
\x00\x00\x01\x03\
\x3c\
\x73\x76\x67\x20\x78\x6d\x6c\x6e\x73\x3d\x22\x68\x74\x74\x70\x3a\
\x2f\x2f\x77\x77\x77\x2e\x77\x33\x2e\x6f\x72\x67\x2f\x32\x30\x30\
\x30\x2f\x73\x76\x67\x22\x20\x77\x69\x64\x74\x68\x3d\x22\x32\x34\
\x22\x20\x68\x65\x69\x67\x68\x74\x3d\x22\x32\x34\x22\x20\x76\x69\
\x65\x77\x42\x6f\x78\x3d\x22\x30\x20\x30\x20\x32\x34\x20\x32\x34\
\x22\x20\x66\x69\x6c\x6c\x3d\x22\x6e\x6f\x6e\x65\x22\x20\x73\x74\
\x72\x6f\x6b\x65\x3d\x22\x63\x75\x72\x72\x65\x6e\x74\x43\x6f\x6c\
\x6f\x72\x22\x20\x73\x74\x72\x6f\x6b\x65\x2d\x77\x69\x64\x74\x68\
\x3d\x22\x32\x22\x20\x73\x74\x72\x6f\x6b\x65\x2d\x6c\x69\x6e\x65\
\x63\x61\x70\x3d\x22\x72\x6f\x75\x6e\x64\x22\x20\x73\x74\x72\x6f\
\x6b\x65\x2d\x6c\x69\x6e\x65\x6a\x6f\x69\x6e\x3d\x22\x72\x6f\x75\
\x6e\x64\x22\x3e\x3c\x63\x69\x72\x63\x6c\x65\x20\x63\x78\x3d\x22\
\x31\x32\x22\x20\x63\x79\x3d\x22\x31\x32\x22\x20\x72\x3d\x22\x31\
\x30\x22\x2f\x3e\x3c\x72\x65\x63\x74\x20\x78\x3d\x22\x39\x22\x20\
\x79\x3d\x22\x39\x22\x20\x77\x69\x64\x74\x68\x3d\x22\x36\x22\x20\
\x68\x65\x69\x67\x68\x74\x3d\x22\x36\x22\x2f\x3e\x3c\x2f\x73\x76\
\x67\x3e\
\x00\x00\x01\xe4\
\x3c\
\x73\x76\x67\x20\x78\x6d\x6c\x6e\x73\x3d\x22\x68\x74\x74\x70\x3a\
\x2f\x2f\x77\x77\x77\x2e\x77\x33\x2e\x6f\x72\x67\x2f\x32\x30\x30\
\x30\x2f\x73\x76\x67\x22\x20\x77\x69\x64\x74\x68\x3d\x22\x32\x34\
\x22\x20\x68\x65\x69\x67\x68\x74\x3d\x22\x32\x34\x22\x20\x76\x69\
\x65\x77\x42\x6f\x78\x3d\x22\x30\x20\x30\x20\x32\x34\x20\x32\x34\
\x22\x20\x66\x69\x6c\x6c\x3d\x22\x6e\x6f\x6e\x65\x22\x20\x73\x74\
\x72\x6f\x6b\x65\x3d\x22\x63\x75\x72\x72\x65\x6e\x74\x43\x6f\x6c\
\x6f\x72\x22\x20\x73\x74\x72\x6f\x6b\x65\x2d\x77\x69\x64\x74\x68\
\x3d\x22\x32\x22\x20\x73\x74\x72\x6f\x6b\x65\x2d\x6c\x69\x6e\x65\
\x63\x61\x70\x3d\x22\x72\x6f\x75\x6e\x64\x22\x20\x73\x74\x72\x6f\
\x6b\x65\x2d\x6c\x69\x6e\x65\x6a\x6f\x69\x6e\x3d\x22\x72\x6f\x75\
\x6e\x64\x22\x3e\x3c\x70\x61\x74\x68\x20\x64\x3d\x22\x4d\x32\x32\
\x20\x31\x36\x2e\x39\x32\x76\x33\x61\x32\x20\x32\x20\x30\x20\x30\
\x20\x31\x2d\x32\x2e\x31\x38\x20\x32\x20\x31\x39\x2e\x37\x39\x20\
\x31\x39\x2e\x37\x39\x20\x30\x20\x30\x20\x31\x2d\x38\x2e\x36\x33\
\x2d\x33\x2e\x30\x37\x20\x31\x39\x2e\x35\x20\x31\x39\x2e\x35\x20\
\x30\x20\x30\x20\x31\x2d\x36\x2d\x36\x20\x31\x39\x2e\x37\x39\x20\
\x31\x39\x2e\x37\x39\x20\x30\x20\x30\x20\x31\x2d\x33\x2e\x30\x37\
\x2d\x38\x2e\x36\x37\x41\x32\x20\x32\x20\x30\x20\x30\x20\x31\x20\
\x34\x2e\x31\x31\x20\x32\x68\x33\x61\x32\x20\x32\x20\x30\x20\x30\
\x20\x31\x20\x32\x20\x31\x2e\x37\x32\x20\x31\x32\x2e\x38\x34\x20\
\x31\x32\x2e\x38\x34\x20\x30\x20\x30\x20\x30\x20\x2e\x37\x20\x32\
\x2e\x38\x31\x20\x32\x20\x32\x20\x30\x20\x30\x20\x31\x2d\x2e\x34\
\x35\x20\x32\x2e\x31\x31\x4c\x38\x2e\x30\x39\x20\x39\x2e\x39\x31\
\x61\x31\x36\x20\x31\x36\x20\x30\x20\x30\x20\x30\x20\x36\x20\x36\
\x6c\x31\x2e\x32\x37\x2d\x31\x2e\x32\x37\x61\x32\x20\x32\x20\x30\
\x20\x30\x20\x31\x20\x32\x2e\x31\x31\x2d\x2e\x34\x35\x20\x31\x32\
\x2e\x38\x34\x20\x31\x32\x2e\x38\x34\x20\x30\x20\x30\x20\x30\x20\
\x32\x2e\x38\x31\x2e\x37\x41\x32\x20\x32\x20\x30\x20\x30\x20\x31\
\x20\x32\x32\x20\x31\x36\x2e\x39\x32\x7a\x22\x2f\x3e\x3c\x2f\x73\
\x76\x67\x3e\
\x00\x00\x01\x36\
\x3c\
\x73\x76\x67\x20\x78\x6d\x6c\x6e\x73\x3d\x22\x68\x74\x74\x70\x3a\
\x2f\x2f\x77\x77\x77\x2e\x77\x33\x2e\x6f\x72\x67\x2f\x32\x30\x30\
\x30\x2f\x73\x76\x67\x22\x20\x77\x69\x64\x74\x68\x3d\x22\x32\x34\
\x22\x20\x68\x65\x69\x67\x68\x74\x3d\x22\x32\x34\x22\x20\x76\x69\
\x65\x77\x42\x6f\x78\x3d\x22\x30\x20\x30\x20\x32\x34\x20\x32\x34\
\x22\x20\x66\x69\x6c\x6c\x3d\x22\x6e\x6f\x6e\x65\x22\x20\x73\x74\
\x72\x6f\x6b\x65\x3d\x22\x63\x75\x72\x72\x65\x6e\x74\x43\x6f\x6c\
\x6f\x72\x22\x20\x73\x74\x72\x6f\x6b\x65\x2d\x77\x69\x64\x74\x68\
\x3d\x22\x32\x22\x20\x73\x74\x72\x6f\x6b\x65\x2d\x6c\x69\x6e\x65\
\x63\x61\x70\x3d\x22\x72\x6f\x75\x6e\x64\x22\x20\x73\x74\x72\x6f\
\x6b\x65\x2d\x6c\x69\x6e\x65\x6a\x6f\x69\x6e\x3d\x22\x72\x6f\x75\
\x6e\x64\x22\x3e\x3c\x70\x61\x74\x68\x20\x64\x3d\x22\x4d\x31\x36\
\x20\x32\x31\x76\x2d\x32\x61\x34\x20\x34\x20\x30\x20\x30\x20\x30\
\x2d\x34\x2d\x34\x48\x35\x61\x34\x20\x34\x20\x30\x20\x30\x20\x30\
\x2d\x34\x20\x34\x76\x32\x22\x2f\x3e\x3c\x63\x69\x72\x63\x6c\x65\
\x20\x63\x78\x3d\x22\x38\x2e\x35\x22\x20\x63\x79\x3d\x22\x37\x22\
\x20\x72\x3d\x22\x34\x22\x2f\x3e\x3c\x6c\x69\x6e\x65\x20\x78\x31\
\x3d\x22\x32\x33\x22\x20\x79\x31\x3d\x22\x31\x31\x22\x20\x78\x32\
\x3d\x22\x31\x37\x22\x20\x79\x32\x3d\x22\x31\x31\x22\x2f\x3e\x3c\
\x2f\x73\x76\x67\x3e\
\x00\x00\x01\x30\
\x3c\
\x73\x76\x67\x20\x78\x6d\x6c\x6e\x73\x3d\x22\x68\x74\x74\x70\x3a\
\x2f\x2f\x77\x77\x77\x2e\x77\x33\x2e\x6f\x72\x67\x2f\x32\x30\x30\
\x30\x2f\x73\x76\x67\x22\x20\x77\x69\x64\x74\x68\x3d\x22\x32\x34\
\x22\x20\x68\x65\x69\x67\x68\x74\x3d\x22\x32\x34\x22\x20\x76\x69\
\x65\x77\x42\x6f\x78\x3d\x22\x30\x20\x30\x20\x32\x34\x20\x32\x34\
\x22\x20\x66\x69\x6c\x6c\x3d\x22\x6e\x6f\x6e\x65\x22\x20\x73\x74\
\x72\x6f\x6b\x65\x3d\x22\x63\x75\x72\x72\x65\x6e\x74\x43\x6f\x6c\
\x6f\x72\x22\x20\x73\x74\x72\x6f\x6b\x65\x2d\x77\x69\x64\x74\x68\
\x3d\x22\x32\x22\x20\x73\x74\x72\x6f\x6b\x65\x2d\x6c\x69\x6e\x65\
\x63\x61\x70\x3d\x22\x72\x6f\x75\x6e\x64\x22\x20\x73\x74\x72\x6f\
\x6b\x65\x2d\x6c\x69\x6e\x65\x6a\x6f\x69\x6e\x3d\x22\x72\x6f\x75\
\x6e\x64\x22\x3e\x3c\x70\x61\x74\x68\x20\x64\x3d\x22\x4d\x34\x20\
\x31\x39\x2e\x35\x41\x32\x2e\x35\x20\x32\x2e\x35\x20\x30\x20\x30\
\x20\x31\x20\x36\x2e\x35\x20\x31\x37\x48\x32\x30\x22\x2f\x3e\x3c\
\x70\x61\x74\x68\x20\x64\x3d\x22\x4d\x36\x2e\x35\x20\x32\x48\x32\
\x30\x76\x32\x30\x48\x36\x2e\x35\x41\x32\x2e\x35\x20\x32\x2e\x35\
\x20\x30\x20\x30\x20\x31\x20\x34\x20\x31\x39\x2e\x35\x76\x2d\x31\
\x35\x41\x32\x2e\x35\x20\x32\x2e\x35\x20\x30\x20\x30\x20\x31\x20\
\x36\x2e\x35\x20\x32\x7a\x22\x2f\x3e\x3c\x2f\x73\x76\x67\x3e\
\x00\x00\x01\x5f\
\x3c\
\x73\x76\x67\x20\x78\x6d\x6c\x6e\x73\x3d\x22\x68\x74\x74\x70\x3a\
\x2f\x2f\x77\x77\x77\x2e\x77\x33\x2e\x6f\x72\x67\x2f\x32\x30\x30\
\x30\x2f\x73\x76\x67\x22\x20\x77\x69\x64\x74\x68\x3d\x22\x32\x34\
\x22\x20\x68\x65\x69\x67\x68\x74\x3d\x22\x32\x34\x22\x20\x76\x69\
\x65\x77\x42\x6f\x78\x3d\x22\x30\x20\x30\x20\x32\x34\x20\x32\x34\
\x22\x20\x66\x69\x6c\x6c\x3d\x22\x6e\x6f\x6e\x65\x22\x20\x73\x74\
\x72\x6f\x6b\x65\x3d\x22\x63\x75\x72\x72\x65\x6e\x74\x43\x6f\x6c\
\x6f\x72\x22\x20\x73\x74\x72\x6f\x6b\x65\x2d\x77\x69\x64\x74\x68\
\x3d\x22\x32\x22\x20\x73\x74\x72\x6f\x6b\x65\x2d\x6c\x69\x6e\x65\
\x63\x61\x70\x3d\x22\x72\x6f\x75\x6e\x64\x22\x20\x73\x74\x72\x6f\
\x6b\x65\x2d\x6c\x69\x6e\x65\x6a\x6f\x69\x6e\x3d\x22\x72\x6f\x75\
\x6e\x64\x22\x3e\x3c\x70\x61\x74\x68\x20\x64\x3d\x22\x4d\x31\x34\
\x2e\x37\x20\x36\x2e\x33\x61\x31\x20\x31\x20\x30\x20\x30\x20\x30\
\x20\x30\x20\x31\x2e\x34\x6c\x31\x2e\x36\x20\x31\x2e\x36\x61\x31\
\x20\x31\x20\x30\x20\x30\x20\x30\x20\x31\x2e\x34\x20\x30\x6c\x33\
\x2e\x37\x37\x2d\x33\x2e\x37\x37\x61\x36\x20\x36\x20\x30\x20\x30\
\x20\x31\x2d\x37\x2e\x39\x34\x20\x37\x2e\x39\x34\x6c\x2d\x36\x2e\
\x39\x31\x20\x36\x2e\x39\x31\x61\x32\x2e\x31\x32\x20\x32\x2e\x31\
\x32\x20\x30\x20\x30\x20\x31\x2d\x33\x2d\x33\x6c\x36\x2e\x39\x31\
\x2d\x36\x2e\x39\x31\x61\x36\x20\x36\x20\x30\x20\x30\x20\x31\x20\
\x37\x2e\x39\x34\x2d\x37\x2e\x39\x34\x6c\x2d\x33\x2e\x37\x36\x20\
\x33\x2e\x37\x36\x7a\x22\x2f\x3e\x3c\x2f\x73\x76\x67\x3e\
\x00\x00\x00\xf6\
\x3c\
\x73\x76\x67\x20\x78\x6d\x6c\x6e\x73\x3d\x22\x68\x74\x74\x70\x3a\
\x2f\x2f\x77\x77\x77\x2e\x77\x33\x2e\x6f\x72\x67\x2f\x32\x30\x30\
\x30\x2f\x73\x76\x67\x22\x20\x77\x69\x64\x74\x68\x3d\x22\x32\x34\
\x22\x20\x68\x65\x69\x67\x68\x74\x3d\x22\x32\x34\x22\x20\x76\x69\
\x65\x77\x42\x6f\x78\x3d\x22\x30\x20\x30\x20\x32\x34\x20\x32\x34\
\x22\x20\x66\x69\x6c\x6c\x3d\x22\x6e\x6f\x6e\x65\x22\x20\x73\x74\
\x72\x6f\x6b\x65\x3d\x22\x63\x75\x72\x72\x65\x6e\x74\x43\x6f\x6c\
\x6f\x72\x22\x20\x73\x74\x72\x6f\x6b\x65\x2d\x77\x69\x64\x74\x68\
\x3d\x22\x32\x22\x20\x73\x74\x72\x6f\x6b\x65\x2d\x6c\x69\x6e\x65\
\x63\x61\x70\x3d\x22\x72\x6f\x75\x6e\x64\x22\x20\x73\x74\x72\x6f\
\x6b\x65\x2d\x6c\x69\x6e\x65\x6a\x6f\x69\x6e\x3d\x22\x72\x6f\x75\
\x6e\x64\x22\x3e\x3c\x70\x61\x74\x68\x20\x64\x3d\x22\x4d\x32\x31\
\x20\x31\x32\x2e\x37\x39\x41\x39\x20\x39\x20\x30\x20\x31\x20\x31\
\x20\x31\x31\x2e\x32\x31\x20\x33\x20\x37\x20\x37\x20\x30\x20\x30\
\x20\x30\x20\x32\x31\x20\x31\x32\x2e\x37\x39\x7a\x22\x2f\x3e\x3c\
\x2f\x73\x76\x67\x3e\
\x00\x00\x01\x36\
\x3c\
\x73\x76\x67\x20\x78\x6d\x6c\x6e\x73\x3d\x22\x68\x74\x74\x70\x3a\
\x2f\x2f\x77\x77\x77\x2e\x77\x33\x2e\x6f\x72\x67\x2f\x32\x30\x30\
\x30\x2f\x73\x76\x67\x22\x20\x77\x69\x64\x74\x68\x3d\x22\x32\x34\
\x22\x20\x68\x65\x69\x67\x68\x74\x3d\x22\x32\x34\x22\x20\x76\x69\
\x65\x77\x42\x6f\x78\x3d\x22\x30\x20\x30\x20\x32\x34\x20\x32\x34\
\x22\x20\x66\x69\x6c\x6c\x3d\x22\x6e\x6f\x6e\x65\x22\x20\x73\x74\
\x72\x6f\x6b\x65\x3d\x22\x63\x75\x72\x72\x65\x6e\x74\x43\x6f\x6c\
\x6f\x72\x22\x20\x73\x74\x72\x6f\x6b\x65\x2d\x77\x69\x64\x74\x68\
\x3d\x22\x32\x22\x20\x73\x74\x72\x6f\x6b\x65\x2d\x6c\x69\x6e\x65\
\x63\x61\x70\x3d\x22\x72\x6f\x75\x6e\x64\x22\x20\x73\x74\x72\x6f\
\x6b\x65\x2d\x6c\x69\x6e\x65\x6a\x6f\x69\x6e\x3d\x22\x72\x6f\x75\
\x6e\x64\x22\x3e\x3c\x72\x65\x63\x74\x20\x78\x3d\x22\x39\x22\x20\
\x79\x3d\x22\x39\x22\x20\x77\x69\x64\x74\x68\x3d\x22\x31\x33\x22\
\x20\x68\x65\x69\x67\x68\x74\x3d\x22\x31\x33\x22\x20\x72\x78\x3d\
\x22\x32\x22\x20\x72\x79\x3d\x22\x32\x22\x2f\x3e\x3c\x70\x61\x74\
\x68\x20\x64\x3d\x22\x4d\x35\x20\x31\x35\x48\x34\x61\x32\x20\x32\
\x20\x30\x20\x30\x20\x31\x2d\x32\x2d\x32\x56\x34\x61\x32\x20\x32\
\x20\x30\x20\x30\x20\x31\x20\x32\x2d\x32\x68\x39\x61\x32\x20\x32\
\x20\x30\x20\x30\x20\x31\x20\x32\x20\x32\x76\x31\x22\x2f\x3e\x3c\
\x2f\x73\x76\x67\x3e\
\x00\x00\x01\x46\
\x3c\
\x73\x76\x67\x20\x78\x6d\x6c\x6e\x73\x3d\x22\x68\x74\x74\x70\x3a\
\x2f\x2f\x77\x77\x77\x2e\x77\x33\x2e\x6f\x72\x67\x2f\x32\x30\x30\
\x30\x2f\x73\x76\x67\x22\x20\x77\x69\x64\x74\x68\x3d\x22\x32\x34\
\x22\x20\x68\x65\x69\x67\x68\x74\x3d\x22\x32\x34\x22\x20\x76\x69\
\x65\x77\x42\x6f\x78\x3d\x22\x30\x20\x30\x20\x32\x34\x20\x32\x34\
\x22\x20\x66\x69\x6c\x6c\x3d\x22\x6e\x6f\x6e\x65\x22\x20\x73\x74\
\x72\x6f\x6b\x65\x3d\x22\x63\x75\x72\x72\x65\x6e\x74\x43\x6f\x6c\
\x6f\x72\x22\x20\x73\x74\x72\x6f\x6b\x65\x2d\x77\x69\x64\x74\x68\
\x3d\x22\x32\x22\x20\x73\x74\x72\x6f\x6b\x65\x2d\x6c\x69\x6e\x65\
\x63\x61\x70\x3d\x22\x72\x6f\x75\x6e\x64\x22\x20\x73\x74\x72\x6f\
\x6b\x65\x2d\x6c\x69\x6e\x65\x6a\x6f\x69\x6e\x3d\x22\x72\x6f\x75\
\x6e\x64\x22\x3e\x3c\x70\x6f\x6c\x79\x6c\x69\x6e\x65\x20\x70\x6f\
\x69\x6e\x74\x73\x3d\x22\x38\x20\x31\x37\x20\x31\x32\x20\x32\x31\
\x20\x31\x36\x20\x31\x37\x22\x2f\x3e\x3c\x6c\x69\x6e\x65\x20\x78\
\x31\x3d\x22\x31\x32\x22\x20\x79\x31\x3d\x22\x31\x32\x22\x20\x78\
\x32\x3d\x22\x31\x32\x22\x20\x79\x32\x3d\x22\x32\x31\x22\x2f\x3e\
\x3c\x70\x61\x74\x68\x20\x64\x3d\x22\x4d\x32\x30\x2e\x38\x38\x20\
\x31\x38\x2e\x30\x39\x41\x35\x20\x35\x20\x30\x20\x30\x20\x30\x20\
\x31\x38\x20\x39\x68\x2d\x31\x2e\x32\x36\x41\x38\x20\x38\x20\x30\
\x20\x31\x20\x30\x20\x33\x20\x31\x36\x2e\x32\x39\x22\x2f\x3e\x3c\
\x2f\x73\x76\x67\x3e\
\x00\x00\x01\x9d\
\x3c\
\x73\x76\x67\x20\x78\x6d\x6c\x6e\x73\x3d\x22\x68\x74\x74\x70\x3a\
\x2f\x2f\x77\x77\x77\x2e\x77\x33\x2e\x6f\x72\x67\x2f\x32\x30\x30\
\x30\x2f\x73\x76\x67\x22\x20\x77\x69\x64\x74\x68\x3d\x22\x32\x34\
\x22\x20\x68\x65\x69\x67\x68\x74\x3d\x22\x32\x34\x22\x20\x76\x69\
\x65\x77\x42\x6f\x78\x3d\x22\x30\x20\x30\x20\x32\x34\x20\x32\x34\
\x22\x20\x66\x69\x6c\x6c\x3d\x22\x6e\x6f\x6e\x65\x22\x20\x73\x74\
\x72\x6f\x6b\x65\x3d\x22\x63\x75\x72\x72\x65\x6e\x74\x43\x6f\x6c\
\x6f\x72\x22\x20\x73\x74\x72\x6f\x6b\x65\x2d\x77\x69\x64\x74\x68\
\x3d\x22\x32\x22\x20\x73\x74\x72\x6f\x6b\x65\x2d\x6c\x69\x6e\x65\
\x63\x61\x70\x3d\x22\x72\x6f\x75\x6e\x64\x22\x20\x73\x74\x72\x6f\
\x6b\x65\x2d\x6c\x69\x6e\x65\x6a\x6f\x69\x6e\x3d\x22\x72\x6f\x75\
\x6e\x64\x22\x3e\x3c\x70\x6f\x6c\x79\x67\x6f\x6e\x20\x70\x6f\x69\
\x6e\x74\x73\x3d\x22\x31\x32\x20\x32\x20\x32\x32\x20\x38\x2e\x35\
\x20\x32\x32\x20\x31\x35\x2e\x35\x20\x31\x32\x20\x32\x32\x20\x32\
\x20\x31\x35\x2e\x35\x20\x32\x20\x38\x2e\x35\x20\x31\x32\x20\x32\
\x22\x2f\x3e\x3c\x6c\x69\x6e\x65\x20\x78\x31\x3d\x22\x31\x32\x22\
\x20\x79\x31\x3d\x22\x32\x32\x22\x20\x78\x32\x3d\x22\x31\x32\x22\
\x20\x79\x32\x3d\x22\x31\x35\x2e\x35\x22\x2f\x3e\x3c\x70\x6f\x6c\
\x79\x6c\x69\x6e\x65\x20\x70\x6f\x69\x6e\x74\x73\x3d\x22\x32\x32\
\x20\x38\x2e\x35\x20\x31\x32\x20\x31\x35\x2e\x35\x20\x32\x20\x38\
\x2e\x35\x22\x2f\x3e\x3c\x70\x6f\x6c\x79\x6c\x69\x6e\x65\x20\x70\
\x6f\x69\x6e\x74\x73\x3d\x22\x32\x20\x31\x35\x2e\x35\x20\x31\x32\
\x20\x38\x2e\x35\x20\x32\x32\x20\x31\x35\x2e\x35\x22\x2f\x3e\x3c\
\x6c\x69\x6e\x65\x20\x78\x31\x3d\x22\x31\x32\x22\x20\x79\x31\x3d\
\x22\x32\x22\x20\x78\x32\x3d\x22\x31\x32\x22\x20\x79\x32\x3d\x22\
\x38\x2e\x35\x22\x2f\x3e\x3c\x2f\x73\x76\x67\x3e\
\x00\x00\x01\x5f\
\x3c\
\x73\x76\x67\x20\x78\x6d\x6c\x6e\x73\x3d\x22\x68\x74\x74\x70\x3a\
\x2f\x2f\x77\x77\x77\x2e\x77\x33\x2e\x6f\x72\x67\x2f\x32\x30\x30\
\x30\x2f\x73\x76\x67\x22\x20\x77\x69\x64\x74\x68\x3d\x22\x32\x34\
\x22\x20\x68\x65\x69\x67\x68\x74\x3d\x22\x32\x34\x22\x20\x76\x69\
\x65\x77\x42\x6f\x78\x3d\x22\x30\x20\x30\x20\x32\x34\x20\x32\x34\
\x22\x20\x66\x69\x6c\x6c\x3d\x22\x6e\x6f\x6e\x65\x22\x20\x73\x74\
\x72\x6f\x6b\x65\x3d\x22\x63\x75\x72\x72\x65\x6e\x74\x43\x6f\x6c\
\x6f\x72\x22\x20\x73\x74\x72\x6f\x6b\x65\x2d\x77\x69\x64\x74\x68\
\x3d\x22\x32\x22\x20\x73\x74\x72\x6f\x6b\x65\x2d\x6c\x69\x6e\x65\
\x63\x61\x70\x3d\x22\x72\x6f\x75\x6e\x64\x22\x20\x73\x74\x72\x6f\
\x6b\x65\x2d\x6c\x69\x6e\x65\x6a\x6f\x69\x6e\x3d\x22\x72\x6f\x75\
\x6e\x64\x22\x3e\x3c\x70\x61\x74\x68\x20\x64\x3d\x22\x4d\x32\x32\
\x20\x31\x39\x61\x32\x20\x32\x20\x30\x20\x30\x20\x31\x2d\x32\x20\
\x32\x48\x34\x61\x32\x20\x32\x20\x30\x20\x30\x20\x31\x2d\x32\x2d\
\x32\x56\x35\x61\x32\x20\x32\x20\x30\x20\x30\x20\x31\x20\x32\x2d\
\x32\x68\x35\x6c\x32\x20\x33\x68\x39\x61\x32\x20\x32\x20\x30\x20\
\x30\x20\x31\x20\x32\x20\x32\x7a\x22\x2f\x3e\x3c\x6c\x69\x6e\x65\
\x20\x78\x31\x3d\x22\x31\x32\x22\x20\x79\x31\x3d\x22\x31\x31\x22\
\x20\x78\x32\x3d\x22\x31\x32\x22\x20\x79\x32\x3d\x22\x31\x37\x22\
\x2f\x3e\x3c\x6c\x69\x6e\x65\x20\x78\x31\x3d\x22\x39\x22\x20\x79\
\x31\x3d\x22\x31\x34\x22\x20\x78\x32\x3d\x22\x31\x35\x22\x20\x79\
\x32\x3d\x22\x31\x34\x22\x2f\x3e\x3c\x2f\x73\x76\x67\x3e\
\x00\x00\x00\xf4\
\x3c\
\x73\x76\x67\x20\x78\x6d\x6c\x6e\x73\x3d\x22\x68\x74\x74\x70\x3a\
\x2f\x2f\x77\x77\x77\x2e\x77\x33\x2e\x6f\x72\x67\x2f\x32\x30\x30\
\x30\x2f\x73\x76\x67\x22\x20\x77\x69\x64\x74\x68\x3d\x22\x32\x34\
\x22\x20\x68\x65\x69\x67\x68\x74\x3d\x22\x32\x34\x22\x20\x76\x69\
\x65\x77\x42\x6f\x78\x3d\x22\x30\x20\x30\x20\x32\x34\x20\x32\x34\
\x22\x20\x66\x69\x6c\x6c\x3d\x22\x6e\x6f\x6e\x65\x22\x20\x73\x74\
\x72\x6f\x6b\x65\x3d\x22\x63\x75\x72\x72\x65\x6e\x74\x43\x6f\x6c\
\x6f\x72\x22\x20\x73\x74\x72\x6f\x6b\x65\x2d\x77\x69\x64\x74\x68\
\x3d\x22\x32\x22\x20\x73\x74\x72\x6f\x6b\x65\x2d\x6c\x69\x6e\x65\
\x63\x61\x70\x3d\x22\x72\x6f\x75\x6e\x64\x22\x20\x73\x74\x72\x6f\
\x6b\x65\x2d\x6c\x69\x6e\x65\x6a\x6f\x69\x6e\x3d\x22\x72\x6f\x75\
\x6e\x64\x22\x3e\x3c\x70\x61\x74\x68\x20\x64\x3d\x22\x4d\x31\x38\
\x20\x31\x30\x68\x2d\x31\x2e\x32\x36\x41\x38\x20\x38\x20\x30\x20\
\x31\x20\x30\x20\x39\x20\x32\x30\x68\x39\x61\x35\x20\x35\x20\x30\
\x20\x30\x20\x30\x20\x30\x2d\x31\x30\x7a\x22\x2f\x3e\x3c\x2f\x73\
\x76\x67\x3e\
\x00\x00\x01\x3d\
\x3c\
\x73\x76\x67\x20\x78\x6d\x6c\x6e\x73\x3d\x22\x68\x74\x74\x70\x3a\
\x2f\x2f\x77\x77\x77\x2e\x77\x33\x2e\x6f\x72\x67\x2f\x32\x30\x30\
\x30\x2f\x73\x76\x67\x22\x20\x77\x69\x64\x74\x68\x3d\x22\x32\x34\
\x22\x20\x68\x65\x69\x67\x68\x74\x3d\x22\x32\x34\x22\x20\x76\x69\
\x65\x77\x42\x6f\x78\x3d\x22\x30\x20\x30\x20\x32\x34\x20\x32\x34\
\x22\x20\x66\x69\x6c\x6c\x3d\x22\x6e\x6f\x6e\x65\x22\x20\x73\x74\
\x72\x6f\x6b\x65\x3d\x22\x63\x75\x72\x72\x65\x6e\x74\x43\x6f\x6c\
\x6f\x72\x22\x20\x73\x74\x72\x6f\x6b\x65\x2d\x77\x69\x64\x74\x68\
\x3d\x22\x32\x22\x20\x73\x74\x72\x6f\x6b\x65\x2d\x6c\x69\x6e\x65\
\x63\x61\x70\x3d\x22\x72\x6f\x75\x6e\x64\x22\x20\x73\x74\x72\x6f\
\x6b\x65\x2d\x6c\x69\x6e\x65\x6a\x6f\x69\x6e\x3d\x22\x72\x6f\x75\
\x6e\x64\x22\x3e\x3c\x70\x61\x74\x68\x20\x64\x3d\x22\x4d\x36\x20\
\x32\x4c\x33\x20\x36\x76\x31\x34\x61\x32\x20\x32\x20\x30\x20\x30\
\x20\x30\x20\x32\x20\x32\x68\x31\x34\x61\x32\x20\x32\x20\x30\x20\
\x30\x20\x30\x20\x32\x2d\x32\x56\x36\x6c\x2d\x33\x2d\x34\x7a\x22\
\x2f\x3e\x3c\x6c\x69\x6e\x65\x20\x78\x31\x3d\x22\x33\x22\x20\x79\
\x31\x3d\x22\x36\x22\x20\x78\x32\x3d\x22\x32\x31\x22\x20\x79\x32\
\x3d\x22\x36\x22\x2f\x3e\x3c\x70\x61\x74\x68\x20\x64\x3d\x22\x4d\
\x31\x36\x20\x31\x30\x61\x34\x20\x34\x20\x30\x20\x30\x20\x31\x2d\
\x38\x20\x30\x22\x2f\x3e\x3c\x2f\x73\x76\x67\x3e\
\x00\x00\x01\x95\
\x3c\
\x73\x76\x67\x20\x78\x6d\x6c\x6e\x73\x3d\x22\x68\x74\x74\x70\x3a\
\x2f\x2f\x77\x77\x77\x2e\x77\x33\x2e\x6f\x72\x67\x2f\x32\x30\x30\
\x30\x2f\x73\x76\x67\x22\x20\x77\x69\x64\x74\x68\x3d\x22\x32\x34\
\x22\x20\x68\x65\x69\x67\x68\x74\x3d\x22\x32\x34\x22\x20\x76\x69\
\x65\x77\x42\x6f\x78\x3d\x22\x30\x20\x30\x20\x32\x34\x20\x32\x34\
\x22\x20\x66\x69\x6c\x6c\x3d\x22\x6e\x6f\x6e\x65\x22\x20\x73\x74\
\x72\x6f\x6b\x65\x3d\x22\x63\x75\x72\x72\x65\x6e\x74\x43\x6f\x6c\
\x6f\x72\x22\x20\x73\x74\x72\x6f\x6b\x65\x2d\x77\x69\x64\x74\x68\
\x3d\x22\x32\x22\x20\x73\x74\x72\x6f\x6b\x65\x2d\x6c\x69\x6e\x65\
\x63\x61\x70\x3d\x22\x72\x6f\x75\x6e\x64\x22\x20\x73\x74\x72\x6f\
\x6b\x65\x2d\x6c\x69\x6e\x65\x6a\x6f\x69\x6e\x3d\x22\x72\x6f\x75\
\x6e\x64\x22\x3e\x3c\x70\x6f\x6c\x79\x6c\x69\x6e\x65\x20\x70\x6f\
\x69\x6e\x74\x73\x3d\x22\x35\x20\x39\x20\x32\x20\x31\x32\x20\x35\
\x20\x31\x35\x22\x2f\x3e\x3c\x70\x6f\x6c\x79\x6c\x69\x6e\x65\x20\
\x70\x6f\x69\x6e\x74\x73\x3d\x22\x39\x20\x35\x20\x31\x32\x20\x32\
\x20\x31\x35\x20\x35\x22\x2f\x3e\x3c\x70\x6f\x6c\x79\x6c\x69\x6e\
\x65\x20\x70\x6f\x69\x6e\x74\x73\x3d\x22\x31\x35\x20\x31\x39\x20\
\x31\x32\x20\x32\x32\x20\x39\x20\x31\x39\x22\x2f\x3e\x3c\x70\x6f\
\x6c\x79\x6c\x69\x6e\x65\x20\x70\x6f\x69\x6e\x74\x73\x3d\x22\x31\
\x39\x20\x39\x20\x32\x32\x20\x31\x32\x20\x31\x39\x20\x31\x35\x22\
\x2f\x3e\x3c\x6c\x69\x6e\x65\x20\x78\x31\x3d\x22\x32\x22\x20\x79\
\x31\x3d\x22\x31\x32\x22\x20\x78\x32\x3d\x22\x32\x32\x22\x20\x79\
\x32\x3d\x22\x31\x32\x22\x2f\x3e\x3c\x6c\x69\x6e\x65\x20\x78\x31\
\x3d\x22\x31\x32\x22\x20\x79\x31\x3d\x22\x32\x22\x20\x78\x32\x3d\
\x22\x31\x32\x22\x20\x79\x32\x3d\x22\x32\x32\x22\x2f\x3e\x3c\x2f\
\x73\x76\x67\x3e\
\x00\x00\x01\x3b\
\x3c\
\x73\x76\x67\x20\x78\x6d\x6c\x6e\x73\x3d\x22\x68\x74\x74\x70\x3a\
\x2f\x2f\x77\x77\x77\x2e\x77\x33\x2e\x6f\x72\x67\x2f\x32\x30\x30\
\x30\x2f\x73\x76\x67\x22\x20\x77\x69\x64\x74\x68\x3d\x22\x32\x34\
\x22\x20\x68\x65\x69\x67\x68\x74\x3d\x22\x32\x34\x22\x20\x76\x69\
\x65\x77\x42\x6f\x78\x3d\x22\x30\x20\x30\x20\x32\x34\x20\x32\x34\
\x22\x20\x66\x69\x6c\x6c\x3d\x22\x6e\x6f\x6e\x65\x22\x20\x73\x74\
\x72\x6f\x6b\x65\x3d\x22\x63\x75\x72\x72\x65\x6e\x74\x43\x6f\x6c\
\x6f\x72\x22\x20\x73\x74\x72\x6f\x6b\x65\x2d\x77\x69\x64\x74\x68\
\x3d\x22\x32\x22\x20\x73\x74\x72\x6f\x6b\x65\x2d\x6c\x69\x6e\x65\
\x63\x61\x70\x3d\x22\x72\x6f\x75\x6e\x64\x22\x20\x73\x74\x72\x6f\
\x6b\x65\x2d\x6c\x69\x6e\x65\x6a\x6f\x69\x6e\x3d\x22\x72\x6f\x75\
\x6e\x64\x22\x3e\x3c\x72\x65\x63\x74\x20\x78\x3d\x22\x33\x22\x20\
\x79\x3d\x22\x33\x22\x20\x77\x69\x64\x74\x68\x3d\x22\x31\x38\x22\
\x20\x68\x65\x69\x67\x68\x74\x3d\x22\x31\x38\x22\x20\x72\x78\x3d\
\x22\x32\x22\x20\x72\x79\x3d\x22\x32\x22\x2f\x3e\x3c\x6c\x69\x6e\
\x65\x20\x78\x31\x3d\x22\x33\x22\x20\x79\x31\x3d\x22\x39\x22\x20\
\x78\x32\x3d\x22\x32\x31\x22\x20\x79\x32\x3d\x22\x39\x22\x2f\x3e\
\x3c\x6c\x69\x6e\x65\x20\x78\x31\x3d\x22\x39\x22\x20\x79\x31\x3d\
\x22\x32\x31\x22\x20\x78\x32\x3d\x22\x39\x22\x20\x79\x32\x3d\x22\
\x39\x22\x2f\x3e\x3c\x2f\x73\x76\x67\x3e\
\x00\x00\x01\x4e\
\x3c\
\x73\x76\x67\x20\x76\x69\x65\x77\x42\x6f\x78\x3d\x22\x30\x20\x30\
\x20\x32\x34\x20\x32\x34\x22\x20\x77\x69\x64\x74\x68\x3d\x22\x32\
\x34\x22\x20\x68\x65\x69\x67\x68\x74\x3d\x22\x32\x34\x22\x20\x78\
\x6d\x6c\x6e\x73\x3d\x22\x68\x74\x74\x70\x3a\x2f\x2f\x77\x77\x77\
\x2e\x77\x33\x2e\x6f\x72\x67\x2f\x32\x30\x30\x30\x2f\x73\x76\x67\
\x22\x20\x66\x69\x6c\x6c\x3d\x22\x6e\x6f\x6e\x65\x22\x20\x73\x74\
\x72\x6f\x6b\x65\x3d\x22\x63\x75\x72\x72\x65\x6e\x74\x43\x6f\x6c\
\x6f\x72\x22\x20\x73\x74\x72\x6f\x6b\x65\x2d\x77\x69\x64\x74\x68\
\x3d\x22\x32\x22\x20\x73\x74\x72\x6f\x6b\x65\x2d\x6c\x69\x6e\x65\
\x63\x61\x70\x3d\x22\x72\x6f\x75\x6e\x64\x22\x20\x73\x74\x72\x6f\
\x6b\x65\x2d\x6c\x69\x6e\x65\x6a\x6f\x69\x6e\x3d\x22\x72\x6f\x75\
\x6e\x64\x22\x3e\x3c\x63\x69\x72\x63\x6c\x65\x20\x63\x78\x3d\x22\
\x31\x32\x22\x20\x63\x79\x3d\x22\x31\x32\x22\x20\x72\x3d\x22\x31\
\x30\x22\x2f\x3e\x3c\x70\x61\x74\x68\x20\x64\x3d\x22\x4d\x31\x36\
\x20\x31\x36\x73\x2d\x31\x2e\x35\x2d\x32\x2d\x34\x2d\x32\x2d\x34\
\x20\x32\x2d\x34\x20\x32\x22\x2f\x3e\x3c\x6c\x69\x6e\x65\x20\x78\
\x31\x3d\x22\x39\x22\x20\x79\x31\x3d\x22\x39\x22\x20\x78\x32\x3d\
\x22\x39\x2e\x30\x31\x22\x20\x79\x32\x3d\x22\x39\x22\x2f\x3e\x3c\
\x6c\x69\x6e\x65\x20\x78\x31\x3d\x22\x31\x35\x22\x20\x79\x31\x3d\
\x22\x39\x22\x20\x78\x32\x3d\x22\x31\x35\x2e\x30\x31\x22\x20\x79\
\x32\x3d\x22\x39\x22\x2f\x3e\x3c\x2f\x73\x76\x67\x3e\
\x00\x00\x01\x0c\
\x3c\
\x73\x76\x67\x20\x78\x6d\x6c\x6e\x73\x3d\x22\x68\x74\x74\x70\x3a\
\x2f\x2f\x77\x77\x77\x2e\x77\x33\x2e\x6f\x72\x67\x2f\x32\x30\x30\
\x30\x2f\x73\x76\x67\x22\x20\x77\x69\x64\x74\x68\x3d\x22\x32\x34\
\x22\x20\x68\x65\x69\x67\x68\x74\x3d\x22\x32\x34\x22\x20\x76\x69\
\x65\x77\x42\x6f\x78\x3d\x22\x30\x20\x30\x20\x32\x34\x20\x32\x34\
\x22\x20\x66\x69\x6c\x6c\x3d\x22\x6e\x6f\x6e\x65\x22\x20\x73\x74\
\x72\x6f\x6b\x65\x3d\x22\x63\x75\x72\x72\x65\x6e\x74\x43\x6f\x6c\
\x6f\x72\x22\x20\x73\x74\x72\x6f\x6b\x65\x2d\x77\x69\x64\x74\x68\
\x3d\x22\x32\x22\x20\x73\x74\x72\x6f\x6b\x65\x2d\x6c\x69\x6e\x65\
\x63\x61\x70\x3d\x22\x72\x6f\x75\x6e\x64\x22\x20\x73\x74\x72\x6f\
\x6b\x65\x2d\x6c\x69\x6e\x65\x6a\x6f\x69\x6e\x3d\x22\x72\x6f\x75\
\x6e\x64\x22\x3e\x3c\x70\x6f\x6c\x79\x67\x6f\x6e\x20\x70\x6f\x69\
\x6e\x74\x73\x3d\x22\x31\x33\x20\x31\x39\x20\x32\x32\x20\x31\x32\
\x20\x31\x33\x20\x35\x20\x31\x33\x20\x31\x39\x22\x2f\x3e\x3c\x70\
\x6f\x6c\x79\x67\x6f\x6e\x20\x70\x6f\x69\x6e\x74\x73\x3d\x22\x32\
\x20\x31\x39\x20\x31\x31\x20\x31\x32\x20\x32\x20\x35\x20\x32\x20\
\x31\x39\x22\x2f\x3e\x3c\x2f\x73\x76\x67\x3e\
\x00\x00\x01\x2d\
\x3c\
\x73\x76\x67\x20\x78\x6d\x6c\x6e\x73\x3d\x22\x68\x74\x74\x70\x3a\
\x2f\x2f\x77\x77\x77\x2e\x77\x33\x2e\x6f\x72\x67\x2f\x32\x30\x30\
\x30\x2f\x73\x76\x67\x22\x20\x77\x69\x64\x74\x68\x3d\x22\x32\x34\
\x22\x20\x68\x65\x69\x67\x68\x74\x3d\x22\x32\x34\x22\x20\x76\x69\
\x65\x77\x42\x6f\x78\x3d\x22\x30\x20\x30\x20\x32\x34\x20\x32\x34\
\x22\x20\x66\x69\x6c\x6c\x3d\x22\x6e\x6f\x6e\x65\x22\x20\x73\x74\
\x72\x6f\x6b\x65\x3d\x22\x63\x75\x72\x72\x65\x6e\x74\x43\x6f\x6c\
\x6f\x72\x22\x20\x73\x74\x72\x6f\x6b\x65\x2d\x77\x69\x64\x74\x68\
\x3d\x22\x32\x22\x20\x73\x74\x72\x6f\x6b\x65\x2d\x6c\x69\x6e\x65\
\x63\x61\x70\x3d\x22\x72\x6f\x75\x6e\x64\x22\x20\x73\x74\x72\x6f\
\x6b\x65\x2d\x6c\x69\x6e\x65\x6a\x6f\x69\x6e\x3d\x22\x72\x6f\x75\
\x6e\x64\x22\x3e\x3c\x63\x69\x72\x63\x6c\x65\x20\x63\x78\x3d\x22\
\x31\x31\x22\x20\x63\x79\x3d\x22\x31\x31\x22\x20\x72\x3d\x22\x38\
\x22\x2f\x3e\x3c\x6c\x69\x6e\x65\x20\x78\x31\x3d\x22\x32\x31\x22\
\x20\x79\x31\x3d\x22\x32\x31\x22\x20\x78\x32\x3d\x22\x31\x36\x2e\
\x36\x35\x22\x20\x79\x32\x3d\x22\x31\x36\x2e\x36\x35\x22\x2f\x3e\
\x3c\x6c\x69\x6e\x65\x20\x78\x31\x3d\x22\x38\x22\x20\x79\x31\x3d\
\x22\x31\x31\x22\x20\x78\x32\x3d\x22\x31\x34\x22\x20\x79\x32\x3d\
\x22\x31\x31\x22\x2f\x3e\x3c\x2f\x73\x76\x67\x3e\
\x00\x00\x01\x91\
\x3c\
\x73\x76\x67\x20\x78\x6d\x6c\x6e\x73\x3d\x22\x68\x74\x74\x70\x3a\
\x2f\x2f\x77\x77\x77\x2e\x77\x33\x2e\x6f\x72\x67\x2f\x32\x30\x30\
\x30\x2f\x73\x76\x67\x22\x20\x77\x69\x64\x74\x68\x3d\x22\x32\x34\
\x22\x20\x68\x65\x69\x67\x68\x74\x3d\x22\x32\x34\x22\x20\x76\x69\
\x65\x77\x42\x6f\x78\x3d\x22\x30\x20\x30\x20\x32\x34\x20\x32\x34\
\x22\x20\x66\x69\x6c\x6c\x3d\x22\x6e\x6f\x6e\x65\x22\x20\x73\x74\
\x72\x6f\x6b\x65\x3d\x22\x63\x75\x72\x72\x65\x6e\x74\x43\x6f\x6c\
\x6f\x72\x22\x20\x73\x74\x72\x6f\x6b\x65\x2d\x77\x69\x64\x74\x68\
\x3d\x22\x32\x22\x20\x73\x74\x72\x6f\x6b\x65\x2d\x6c\x69\x6e\x65\
\x63\x61\x70\x3d\x22\x72\x6f\x75\x6e\x64\x22\x20\x73\x74\x72\x6f\
\x6b\x65\x2d\x6c\x69\x6e\x65\x6a\x6f\x69\x6e\x3d\x22\x72\x6f\x75\
\x6e\x64\x22\x3e\x3c\x70\x61\x74\x68\x20\x64\x3d\x22\x4d\x31\x34\
\x20\x32\x48\x36\x61\x32\x20\x32\x20\x30\x20\x30\x20\x30\x2d\x32\
\x20\x32\x76\x31\x36\x61\x32\x20\x32\x20\x30\x20\x30\x20\x30\x20\
\x32\x20\x32\x68\x31\x32\x61\x32\x20\x32\x20\x30\x20\x30\x20\x30\
\x20\x32\x2d\x32\x56\x38\x7a\x22\x2f\x3e\x3c\x70\x6f\x6c\x79\x6c\
\x69\x6e\x65\x20\x70\x6f\x69\x6e\x74\x73\x3d\x22\x31\x34\x20\x32\
\x20\x31\x34\x20\x38\x20\x32\x30\x20\x38\x22\x2f\x3e\x3c\x6c\x69\
\x6e\x65\x20\x78\x31\x3d\x22\x31\x36\x22\x20\x79\x31\x3d\x22\x31\
\x33\x22\x20\x78\x32\x3d\x22\x38\x22\x20\x79\x32\x3d\x22\x31\x33\
\x22\x2f\x3e\x3c\x6c\x69\x6e\x65\x20\x78\x31\x3d\x22\x31\x36\x22\
\x20\x79\x31\x3d\x22\x31\x37\x22\x20\x78\x32\x3d\x22\x38\x22\x20\
\x79\x32\x3d\x22\x31\x37\x22\x2f\x3e\x3c\x70\x6f\x6c\x79\x6c\x69\
\x6e\x65\x20\x70\x6f\x69\x6e\x74\x73\x3d\x22\x31\x30\x20\x39\x20\
\x39\x20\x39\x20\x38\x20\x39\x22\x2f\x3e\x3c\x2f\x73\x76\x67\x3e\
\
\x00\x00\x01\x51\
\x3c\
\x73\x76\x67\x20\x78\x6d\x6c\x6e\x73\x3d\x22\x68\x74\x74\x70\x3a\
\x2f\x2f\x77\x77\x77\x2e\x77\x33\x2e\x6f\x72\x67\x2f\x32\x30\x30\
\x30\x2f\x73\x76\x67\x22\x20\x77\x69\x64\x74\x68\x3d\x22\x32\x34\
\x22\x20\x68\x65\x69\x67\x68\x74\x3d\x22\x32\x34\x22\x20\x76\x69\
\x65\x77\x42\x6f\x78\x3d\x22\x30\x20\x30\x20\x32\x34\x20\x32\x34\
\x22\x20\x66\x69\x6c\x6c\x3d\x22\x6e\x6f\x6e\x65\x22\x20\x73\x74\
\x72\x6f\x6b\x65\x3d\x22\x63\x75\x72\x72\x65\x6e\x74\x43\x6f\x6c\
\x6f\x72\x22\x20\x73\x74\x72\x6f\x6b\x65\x2d\x77\x69\x64\x74\x68\
\x3d\x22\x32\x22\x20\x73\x74\x72\x6f\x6b\x65\x2d\x6c\x69\x6e\x65\
\x63\x61\x70\x3d\x22\x72\x6f\x75\x6e\x64\x22\x20\x73\x74\x72\x6f\
\x6b\x65\x2d\x6c\x69\x6e\x65\x6a\x6f\x69\x6e\x3d\x22\x72\x6f\x75\
\x6e\x64\x22\x3e\x3c\x6c\x69\x6e\x65\x20\x78\x31\x3d\x22\x31\x38\
\x22\x20\x79\x31\x3d\x22\x31\x30\x22\x20\x78\x32\x3d\x22\x36\x22\
\x20\x79\x32\x3d\x22\x31\x30\x22\x2f\x3e\x3c\x6c\x69\x6e\x65\x20\
\x78\x31\x3d\x22\x32\x31\x22\x20\x79\x31\x3d\x22\x36\x22\x20\x78\
\x32\x3d\x22\x33\x22\x20\x79\x32\x3d\x22\x36\x22\x2f\x3e\x3c\x6c\
\x69\x6e\x65\x20\x78\x31\x3d\x22\x32\x31\x22\x20\x79\x31\x3d\x22\
\x31\x34\x22\x20\x78\x32\x3d\x22\x33\x22\x20\x79\x32\x3d\x22\x31\
\x34\x22\x2f\x3e\x3c\x6c\x69\x6e\x65\x20\x78\x31\x3d\x22\x31\x38\
\x22\x20\x79\x31\x3d\x22\x31\x38\x22\x20\x78\x32\x3d\x22\x36\x22\
\x20\x79\x32\x3d\x22\x31\x38\x22\x2f\x3e\x3c\x2f\x73\x76\x67\x3e\
\
\x00\x00\x02\x2c\
\x3c\
\x73\x76\x67\x20\x78\x6d\x6c\x6e\x73\x3d\x22\x68\x74\x74\x70\x3a\
\x2f\x2f\x77\x77\x77\x2e\x77\x33\x2e\x6f\x72\x67\x2f\x32\x30\x30\
\x30\x2f\x73\x76\x67\x22\x20\x77\x69\x64\x74\x68\x3d\x22\x32\x34\
\x22\x20\x68\x65\x69\x67\x68\x74\x3d\x22\x32\x34\x22\x20\x76\x69\
\x65\x77\x42\x6f\x78\x3d\x22\x30\x20\x30\x20\x32\x34\x20\x32\x34\
\x22\x20\x66\x69\x6c\x6c\x3d\x22\x6e\x6f\x6e\x65\x22\x20\x73\x74\
\x72\x6f\x6b\x65\x3d\x22\x63\x75\x72\x72\x65\x6e\x74\x43\x6f\x6c\
\x6f\x72\x22\x20\x73\x74\x72\x6f\x6b\x65\x2d\x77\x69\x64\x74\x68\
\x3d\x22\x32\x22\x20\x73\x74\x72\x6f\x6b\x65\x2d\x6c\x69\x6e\x65\
\x63\x61\x70\x3d\x22\x72\x6f\x75\x6e\x64\x22\x20\x73\x74\x72\x6f\
\x6b\x65\x2d\x6c\x69\x6e\x65\x6a\x6f\x69\x6e\x3d\x22\x72\x6f\x75\
\x6e\x64\x22\x3e\x3c\x70\x6f\x6c\x79\x6c\x69\x6e\x65\x20\x70\x6f\
\x69\x6e\x74\x73\x3d\x22\x31\x36\x20\x32\x20\x31\x36\x20\x38\x20\
\x32\x32\x20\x38\x22\x2f\x3e\x3c\x6c\x69\x6e\x65\x20\x78\x31\x3d\
\x22\x32\x33\x22\x20\x79\x31\x3d\x22\x31\x22\x20\x78\x32\x3d\x22\
\x31\x36\x22\x20\x79\x32\x3d\x22\x38\x22\x2f\x3e\x3c\x70\x61\x74\
\x68\x20\x64\x3d\x22\x4d\x32\x32\x20\x31\x36\x2e\x39\x32\x76\x33\
\x61\x32\x20\x32\x20\x30\x20\x30\x20\x31\x2d\x32\x2e\x31\x38\x20\
\x32\x20\x31\x39\x2e\x37\x39\x20\x31\x39\x2e\x37\x39\x20\x30\x20\
\x30\x20\x31\x2d\x38\x2e\x36\x33\x2d\x33\x2e\x30\x37\x20\x31\x39\
\x2e\x35\x20\x31\x39\x2e\x35\x20\x30\x20\x30\x20\x31\x2d\x36\x2d\
\x36\x20\x31\x39\x2e\x37\x39\x20\x31\x39\x2e\x37\x39\x20\x30\x20\
\x30\x20\x31\x2d\x33\x2e\x30\x37\x2d\x38\x2e\x36\x37\x41\x32\x20\
\x32\x20\x30\x20\x30\x20\x31\x20\x34\x2e\x31\x31\x20\x32\x68\x33\
\x61\x32\x20\x32\x20\x30\x20\x30\x20\x31\x20\x32\x20\x31\x2e\x37\
\x32\x20\x31\x32\x2e\x38\x34\x20\x31\x32\x2e\x38\x34\x20\x30\x20\
\x30\x20\x30\x20\x2e\x37\x20\x32\x2e\x38\x31\x20\x32\x20\x32\x20\
\x30\x20\x30\x20\x31\x2d\x2e\x34\x35\x20\x32\x2e\x31\x31\x4c\x38\
\x2e\x30\x39\x20\x39\x2e\x39\x31\x61\x31\x36\x20\x31\x36\x20\x30\
\x20\x30\x20\x30\x20\x36\x20\x36\x6c\x31\x2e\x32\x37\x2d\x31\x2e\
\x32\x37\x61\x32\x20\x32\x20\x30\x20\x30\x20\x31\x20\x32\x2e\x31\
\x31\x2d\x2e\x34\x35\x20\x31\x32\x2e\x38\x34\x20\x31\x32\x2e\x38\
\x34\x20\x30\x20\x30\x20\x30\x20\x32\x2e\x38\x31\x2e\x37\x41\x32\
\x20\x32\x20\x30\x20\x30\x20\x31\x20\x32\x32\x20\x31\x36\x2e\x39\
\x32\x7a\x22\x2f\x3e\x3c\x2f\x73\x76\x67\x3e\
\x00\x00\x01\x17\
\x3c\
\x73\x76\x67\x20\x78\x6d\x6c\x6e\x73\x3d\x22\x68\x74\x74\x70\x3a\
\x2f\x2f\x77\x77\x77\x2e\x77\x33\x2e\x6f\x72\x67\x2f\x32\x30\x30\
\x30\x2f\x73\x76\x67\x22\x20\x77\x69\x64\x74\x68\x3d\x22\x32\x34\
\x22\x20\x68\x65\x69\x67\x68\x74\x3d\x22\x32\x34\x22\x20\x76\x69\
\x65\x77\x42\x6f\x78\x3d\x22\x30\x20\x30\x20\x32\x34\x20\x32\x34\
\x22\x20\x66\x69\x6c\x6c\x3d\x22\x6e\x6f\x6e\x65\x22\x20\x73\x74\
\x72\x6f\x6b\x65\x3d\x22\x63\x75\x72\x72\x65\x6e\x74\x43\x6f\x6c\
\x6f\x72\x22\x20\x73\x74\x72\x6f\x6b\x65\x2d\x77\x69\x64\x74\x68\
\x3d\x22\x32\x22\x20\x73\x74\x72\x6f\x6b\x65\x2d\x6c\x69\x6e\x65\
\x63\x61\x70\x3d\x22\x72\x6f\x75\x6e\x64\x22\x20\x73\x74\x72\x6f\
\x6b\x65\x2d\x6c\x69\x6e\x65\x6a\x6f\x69\x6e\x3d\x22\x72\x6f\x75\
\x6e\x64\x22\x3e\x3c\x63\x69\x72\x63\x6c\x65\x20\x63\x78\x3d\x22\
\x31\x32\x22\x20\x63\x79\x3d\x22\x31\x32\x22\x20\x72\x3d\x22\x31\
\x22\x2f\x3e\x3c\x63\x69\x72\x63\x6c\x65\x20\x63\x78\x3d\x22\x31\
\x39\x22\x20\x63\x79\x3d\x22\x31\x32\x22\x20\x72\x3d\x22\x31\x22\
\x2f\x3e\x3c\x63\x69\x72\x63\x6c\x65\x20\x63\x78\x3d\x22\x35\x22\
\x20\x63\x79\x3d\x22\x31\x32\x22\x20\x72\x3d\x22\x31\x22\x2f\x3e\
\x3c\x2f\x73\x76\x67\x3e\
\x00\x00\x00\xfe\
\x3c\
\x73\x76\x67\x20\x77\x69\x64\x74\x68\x3d\x22\x32\x34\x22\x20\x68\
\x65\x69\x67\x68\x74\x3d\x22\x32\x34\x22\x20\x76\x69\x65\x77\x42\
\x6f\x78\x3d\x22\x30\x20\x30\x20\x32\x34\x20\x32\x34\x22\x20\x78\
\x6d\x6c\x6e\x73\x3d\x22\x68\x74\x74\x70\x3a\x2f\x2f\x77\x77\x77\
\x2e\x77\x33\x2e\x6f\x72\x67\x2f\x32\x30\x30\x30\x2f\x73\x76\x67\
\x22\x20\x66\x69\x6c\x6c\x3d\x22\x6e\x6f\x6e\x65\x22\x20\x73\x74\
\x72\x6f\x6b\x65\x3d\x22\x63\x75\x72\x72\x65\x6e\x74\x43\x6f\x6c\
\x6f\x72\x22\x20\x73\x74\x72\x6f\x6b\x65\x2d\x77\x69\x64\x74\x68\
\x3d\x22\x32\x22\x20\x73\x74\x72\x6f\x6b\x65\x2d\x6c\x69\x6e\x65\
\x63\x61\x70\x3d\x22\x72\x6f\x75\x6e\x64\x22\x20\x73\x74\x72\x6f\
\x6b\x65\x2d\x6c\x69\x6e\x65\x6a\x6f\x69\x6e\x3d\x22\x72\x6f\x75\
\x6e\x64\x22\x3e\x3c\x70\x61\x74\x68\x20\x64\x3d\x22\x4d\x31\x37\
\x20\x33\x61\x32\x2e\x38\x32\x38\x20\x32\x2e\x38\x32\x38\x20\x30\
\x20\x31\x20\x31\x20\x34\x20\x34\x4c\x37\x2e\x35\x20\x32\x30\x2e\
\x35\x20\x32\x20\x32\x32\x6c\x31\x2e\x35\x2d\x35\x2e\x35\x4c\x31\
\x37\x20\x33\x7a\x22\x2f\x3e\x3c\x2f\x73\x76\x67\x3e\
\x00\x00\x01\x12\
\x3c\
\x73\x76\x67\x20\x77\x69\x64\x74\x68\x3d\x22\x32\x34\x22\x20\x68\
\x65\x69\x67\x68\x74\x3d\x22\x32\x34\x22\x20\x76\x69\x65\x77\x42\
\x6f\x78\x3d\x22\x30\x20\x30\x20\x32\x34\x20\x32\x34\x22\x20\x78\
\x6d\x6c\x6e\x73\x3d\x22\x68\x74\x74\x70\x3a\x2f\x2f\x77\x77\x77\
\x2e\x77\x33\x2e\x6f\x72\x67\x2f\x32\x30\x30\x30\x2f\x73\x76\x67\
\x22\x20\x66\x69\x6c\x6c\x3d\x22\x6e\x6f\x6e\x65\x22\x20\x73\x74\
\x72\x6f\x6b\x65\x3d\x22\x63\x75\x72\x72\x65\x6e\x74\x43\x6f\x6c\
\x6f\x72\x22\x20\x73\x74\x72\x6f\x6b\x65\x2d\x77\x69\x64\x74\x68\
\x3d\x22\x32\x22\x20\x73\x74\x72\x6f\x6b\x65\x2d\x6c\x69\x6e\x65\
\x63\x61\x70\x3d\x22\x72\x6f\x75\x6e\x64\x22\x20\x73\x74\x72\x6f\
\x6b\x65\x2d\x6c\x69\x6e\x65\x6a\x6f\x69\x6e\x3d\x22\x72\x6f\x75\
\x6e\x64\x22\x3e\x3c\x70\x61\x74\x68\x20\x64\x3d\x22\x4d\x31\x32\
\x20\x32\x30\x68\x39\x22\x2f\x3e\x3c\x70\x61\x74\x68\x20\x64\x3d\
\x22\x4d\x31\x36\x2e\x35\x20\x33\x2e\x35\x61\x32\x2e\x31\x32\x31\
\x20\x32\x2e\x31\x32\x31\x20\x30\x20\x30\x20\x31\x20\x33\x20\x33\
\x4c\x37\x20\x31\x39\x6c\x2d\x34\x20\x31\x20\x31\x2d\x34\x4c\x31\
\x36\x2e\x35\x20\x33\x2e\x35\x7a\x22\x2f\x3e\x3c\x2f\x73\x76\x67\
\x3e\
\x00\x00\x01\xc9\
\x3c\
\x73\x76\x67\x20\x78\x6d\x6c\x6e\x73\x3d\x22\x68\x74\x74\x70\x3a\
\x2f\x2f\x77\x77\x77\x2e\x77\x33\x2e\x6f\x72\x67\x2f\x32\x30\x30\
\x30\x2f\x73\x76\x67\x22\x20\x77\x69\x64\x74\x68\x3d\x22\x32\x34\
\x22\x20\x68\x65\x69\x67\x68\x74\x3d\x22\x32\x34\x22\x20\x76\x69\
\x65\x77\x42\x6f\x78\x3d\x22\x30\x20\x30\x20\x32\x34\x20\x32\x34\
\x22\x20\x66\x69\x6c\x6c\x3d\x22\x6e\x6f\x6e\x65\x22\x20\x73\x74\
\x72\x6f\x6b\x65\x3d\x22\x63\x75\x72\x72\x65\x6e\x74\x43\x6f\x6c\
\x6f\x72\x22\x20\x73\x74\x72\x6f\x6b\x65\x2d\x77\x69\x64\x74\x68\
\x3d\x22\x32\x22\x20\x73\x74\x72\x6f\x6b\x65\x2d\x6c\x69\x6e\x65\
\x63\x61\x70\x3d\x22\x72\x6f\x75\x6e\x64\x22\x20\x73\x74\x72\x6f\
\x6b\x65\x2d\x6c\x69\x6e\x65\x6a\x6f\x69\x6e\x3d\x22\x72\x6f\x75\
\x6e\x64\x22\x3e\x3c\x6c\x69\x6e\x65\x20\x78\x31\x3d\x22\x31\x36\
\x2e\x35\x22\x20\x79\x31\x3d\x22\x39\x2e\x34\x22\x20\x78\x32\x3d\
\x22\x37\x2e\x35\x22\x20\x79\x32\x3d\x22\x34\x2e\x32\x31\x22\x2f\
\x3e\x3c\x70\x61\x74\x68\x20\x64\x3d\x22\x4d\x32\x31\x20\x31\x36\
\x56\x38\x61\x32\x20\x32\x20\x30\x20\x30\x20\x30\x2d\x31\x2d\x31\
\x2e\x37\x33\x6c\x2d\x37\x2d\x34\x61\x32\x20\x32\x20\x30\x20\x30\
\x20\x30\x2d\x32\x20\x30\x6c\x2d\x37\x20\x34\x41\x32\x20\x32\x20\
\x30\x20\x30\x20\x30\x20\x33\x20\x38\x76\x38\x61\x32\x20\x32\x20\
\x30\x20\x30\x20\x30\x20\x31\x20\x31\x2e\x37\x33\x6c\x37\x20\x34\
\x61\x32\x20\x32\x20\x30\x20\x30\x20\x30\x20\x32\x20\x30\x6c\x37\
\x2d\x34\x41\x32\x20\x32\x20\x30\x20\x30\x20\x30\x20\x32\x31\x20\
\x31\x36\x7a\x22\x2f\x3e\x3c\x70\x6f\x6c\x79\x6c\x69\x6e\x65\x20\
\x70\x6f\x69\x6e\x74\x73\x3d\x22\x33\x2e\x32\x37\x20\x36\x2e\x39\
\x36\x20\x31\x32\x20\x31\x32\x2e\x30\x31\x20\x32\x30\x2e\x37\x33\
\x20\x36\x2e\x39\x36\x22\x2f\x3e\x3c\x6c\x69\x6e\x65\x20\x78\x31\
\x3d\x22\x31\x32\x22\x20\x79\x31\x3d\x22\x32\x32\x2e\x30\x38\x22\
\x20\x78\x32\x3d\x22\x31\x32\x22\x20\x79\x32\x3d\x22\x31\x32\x22\
\x2f\x3e\x3c\x2f\x73\x76\x67\x3e\
\x00\x00\x01\x01\
\x3c\
\x73\x76\x67\x20\x78\x6d\x6c\x6e\x73\x3d\x22\x68\x74\x74\x70\x3a\
\x2f\x2f\x77\x77\x77\x2e\x77\x33\x2e\x6f\x72\x67\x2f\x32\x30\x30\
\x30\x2f\x73\x76\x67\x22\x20\x77\x69\x64\x74\x68\x3d\x22\x32\x34\
\x22\x20\x68\x65\x69\x67\x68\x74\x3d\x22\x32\x34\x22\x20\x76\x69\
\x65\x77\x42\x6f\x78\x3d\x22\x30\x20\x30\x20\x32\x34\x20\x32\x34\
\x22\x20\x66\x69\x6c\x6c\x3d\x22\x6e\x6f\x6e\x65\x22\x20\x73\x74\
\x72\x6f\x6b\x65\x3d\x22\x63\x75\x72\x72\x65\x6e\x74\x43\x6f\x6c\
\x6f\x72\x22\x20\x73\x74\x72\x6f\x6b\x65\x2d\x77\x69\x64\x74\x68\
\x3d\x22\x32\x22\x20\x73\x74\x72\x6f\x6b\x65\x2d\x6c\x69\x6e\x65\
\x63\x61\x70\x3d\x22\x72\x6f\x75\x6e\x64\x22\x20\x73\x74\x72\x6f\
\x6b\x65\x2d\x6c\x69\x6e\x65\x6a\x6f\x69\x6e\x3d\x22\x72\x6f\x75\
\x6e\x64\x22\x3e\x3c\x70\x6f\x6c\x79\x6c\x69\x6e\x65\x20\x70\x6f\
\x69\x6e\x74\x73\x3d\x22\x39\x20\x31\x30\x20\x34\x20\x31\x35\x20\
\x39\x20\x32\x30\x22\x2f\x3e\x3c\x70\x61\x74\x68\x20\x64\x3d\x22\
\x4d\x32\x30\x20\x34\x76\x37\x61\x34\x20\x34\x20\x30\x20\x30\x20\
\x31\x2d\x34\x20\x34\x48\x34\x22\x2f\x3e\x3c\x2f\x73\x76\x67\x3e\
\
\x00\x00\x03\x99\
\x3c\
\x73\x76\x67\x20\x78\x6d\x6c\x6e\x73\x3d\x22\x68\x74\x74\x70\x3a\
\x2f\x2f\x77\x77\x77\x2e\x77\x33\x2e\x6f\x72\x67\x2f\x32\x30\x30\
\x30\x2f\x73\x76\x67\x22\x20\x77\x69\x64\x74\x68\x3d\x22\x32\x34\
\x22\x20\x68\x65\x69\x67\x68\x74\x3d\x22\x32\x34\x22\x20\x76\x69\
\x65\x77\x42\x6f\x78\x3d\x22\x30\x20\x30\x20\x32\x34\x20\x32\x34\
\x22\x20\x66\x69\x6c\x6c\x3d\x22\x6e\x6f\x6e\x65\x22\x20\x73\x74\
\x72\x6f\x6b\x65\x3d\x22\x63\x75\x72\x72\x65\x6e\x74\x43\x6f\x6c\
\x6f\x72\x22\x20\x73\x74\x72\x6f\x6b\x65\x2d\x77\x69\x64\x74\x68\
\x3d\x22\x32\x22\x20\x73\x74\x72\x6f\x6b\x65\x2d\x6c\x69\x6e\x65\
\x63\x61\x70\x3d\x22\x72\x6f\x75\x6e\x64\x22\x20\x73\x74\x72\x6f\
\x6b\x65\x2d\x6c\x69\x6e\x65\x6a\x6f\x69\x6e\x3d\x22\x72\x6f\x75\
\x6e\x64\x22\x3e\x3c\x70\x61\x74\x68\x20\x64\x3d\x22\x4d\x31\x34\
\x2e\x35\x20\x31\x30\x63\x2d\x2e\x38\x33\x20\x30\x2d\x31\x2e\x35\
\x2d\x2e\x36\x37\x2d\x31\x2e\x35\x2d\x31\x2e\x35\x76\x2d\x35\x63\
\x30\x2d\x2e\x38\x33\x2e\x36\x37\x2d\x31\x2e\x35\x20\x31\x2e\x35\
\x2d\x31\x2e\x35\x73\x31\x2e\x35\x2e\x36\x37\x20\x31\x2e\x35\x20\
\x31\x2e\x35\x76\x35\x63\x30\x20\x2e\x38\x33\x2d\x2e\x36\x37\x20\
\x31\x2e\x35\x2d\x31\x2e\x35\x20\x31\x2e\x35\x7a\x22\x2f\x3e\x3c\
\x70\x61\x74\x68\x20\x64\x3d\x22\x4d\x32\x30\x2e\x35\x20\x31\x30\
\x48\x31\x39\x56\x38\x2e\x35\x63\x30\x2d\x2e\x38\x33\x2e\x36\x37\
\x2d\x31\x2e\x35\x20\x31\x2e\x35\x2d\x31\x2e\x35\x73\x31\x2e\x35\
\x2e\x36\x37\x20\x31\x2e\x35\x20\x31\x2e\x35\x2d\x2e\x36\x37\x20\
\x31\x2e\x35\x2d\x31\x2e\x35\x20\x31\x2e\x35\x7a\x22\x2f\x3e\x3c\
\x70\x61\x74\x68\x20\x64\x3d\x22\x4d\x39\x2e\x35\x20\x31\x34\x63\
\x2e\x38\x33\x20\x30\x20\x31\x2e\x35\x2e\x36\x37\x20\x31\x2e\x35\
\x20\x31\x2e\x35\x76\x35\x63\x30\x20\x2e\x38\x33\x2d\x2e\x36\x37\
\x20\x31\x2e\x35\x2d\x31\x2e\x35\x20\x31\x2e\x35\x53\x38\x20\x32\
\x31\x2e\x33\x33\x20\x38\x20\x32\x30\x2e\x35\x76\x2d\x35\x63\x30\
\x2d\x2e\x38\x33\x2e\x36\x37\x2d\x31\x2e\x35\x20\x31\x2e\x35\x2d\
\x31\x2e\x35\x7a\x22\x2f\x3e\x3c\x70\x61\x74\x68\x20\x64\x3d\x22\
\x4d\x33\x2e\x35\x20\x31\x34\x48\x35\x76\x31\x2e\x35\x63\x30\x20\
\x2e\x38\x33\x2d\x2e\x36\x37\x20\x31\x2e\x35\x2d\x31\x2e\x35\x20\
\x31\x2e\x35\x53\x32\x20\x31\x36\x2e\x33\x33\x20\x32\x20\x31\x35\
\x2e\x35\x20\x32\x2e\x36\x37\x20\x31\x34\x20\x33\x2e\x35\x20\x31\
\x34\x7a\x22\x2f\x3e\x3c\x70\x61\x74\x68\x20\x64\x3d\x22\x4d\x31\
\x34\x20\x31\x34\x2e\x35\x63\x30\x2d\x2e\x38\x33\x2e\x36\x37\x2d\
\x31\x2e\x35\x20\x31\x2e\x35\x2d\x31\x2e\x35\x68\x35\x63\x2e\x38\
\x33\x20\x30\x20\x31\x2e\x35\x2e\x36\x37\x20\x31\x2e\x35\x20\x31\
\x2e\x35\x73\x2d\x2e\x36\x37\x20\x31\x2e\x35\x2d\x31\x2e\x35\x20\
\x31\x2e\x35\x68\x2d\x35\x63\x2d\x2e\x38\x33\x20\x30\x2d\x31\x2e\
\x35\x2d\x2e\x36\x37\x2d\x31\x2e\x35\x2d\x31\x2e\x35\x7a\x22\x2f\
\x3e\x3c\x70\x61\x74\x68\x20\x64\x3d\x22\x4d\x31\x35\x2e\x35\x20\
\x31\x39\x48\x31\x34\x76\x31\x2e\x35\x63\x30\x20\x2e\x38\x33\x2e\
\x36\x37\x20\x31\x2e\x35\x20\x31\x2e\x35\x20\x31\x2e\x35\x73\x31\
\x2e\x35\x2d\x2e\x36\x37\x20\x31\x2e\x35\x2d\x31\x2e\x35\x2d\x2e\
\x36\x37\x2d\x31\x2e\x35\x2d\x31\x2e\x35\x2d\x31\x2e\x35\x7a\x22\
\x2f\x3e\x3c\x70\x61\x74\x68\x20\x64\x3d\x22\x4d\x31\x30\x20\x39\
\x2e\x35\x43\x31\x30\x20\x38\x2e\x36\x37\x20\x39\x2e\x33\x33\x20\
\x38\x20\x38\x2e\x35\x20\x38\x68\x2d\x35\x43\x32\x2e\x36\x37\x20\
\x38\x20\x32\x20\x38\x2e\x36\x37\x20\x32\x20\x39\x2e\x35\x53\x32\
\x2e\x36\x37\x20\x31\x31\x20\x33\x2e\x35\x20\x31\x31\x68\x35\x63\
\x2e\x38\x33\x20\x30\x20\x31\x2e\x35\x2d\x2e\x36\x37\x20\x31\x2e\
\x35\x2d\x31\x2e\x35\x7a\x22\x2f\x3e\x3c\x70\x61\x74\x68\x20\x64\
\x3d\x22\x4d\x38\x2e\x35\x20\x35\x48\x31\x30\x56\x33\x2e\x35\x43\
\x31\x30\x20\x32\x2e\x36\x37\x20\x39\x2e\x33\x33\x20\x32\x20\x38\
\x2e\x35\x20\x32\x53\x37\x20\x32\x2e\x36\x37\x20\x37\x20\x33\x2e\
\x35\x20\x37\x2e\x36\x37\x20\x35\x20\x38\x2e\x35\x20\x35\x7a\x22\
\x2f\x3e\x3c\x2f\x73\x76\x67\x3e\
\x00\x00\x01\x61\
\x3c\
\x73\x76\x67\x20\x78\x6d\x6c\x6e\x73\x3d\x22\x68\x74\x74\x70\x3a\
\x2f\x2f\x77\x77\x77\x2e\x77\x33\x2e\x6f\x72\x67\x2f\x32\x30\x30\
\x30\x2f\x73\x76\x67\x22\x20\x77\x69\x64\x74\x68\x3d\x22\x32\x34\
\x22\x20\x68\x65\x69\x67\x68\x74\x3d\x22\x32\x34\x22\x20\x76\x69\
\x65\x77\x42\x6f\x78\x3d\x22\x30\x20\x30\x20\x32\x34\x20\x32\x34\
\x22\x20\x66\x69\x6c\x6c\x3d\x22\x6e\x6f\x6e\x65\x22\x20\x73\x74\
\x72\x6f\x6b\x65\x3d\x22\x63\x75\x72\x72\x65\x6e\x74\x43\x6f\x6c\
\x6f\x72\x22\x20\x73\x74\x72\x6f\x6b\x65\x2d\x77\x69\x64\x74\x68\
\x3d\x22\x32\x22\x20\x73\x74\x72\x6f\x6b\x65\x2d\x6c\x69\x6e\x65\
\x63\x61\x70\x3d\x22\x72\x6f\x75\x6e\x64\x22\x20\x73\x74\x72\x6f\
\x6b\x65\x2d\x6c\x69\x6e\x65\x6a\x6f\x69\x6e\x3d\x22\x72\x6f\x75\
\x6e\x64\x22\x3e\x3c\x72\x65\x63\x74\x20\x78\x3d\x22\x33\x22\x20\
\x79\x3d\x22\x34\x22\x20\x77\x69\x64\x74\x68\x3d\x22\x31\x38\x22\
\x20\x68\x65\x69\x67\x68\x74\x3d\x22\x31\x38\x22\x20\x72\x78\x3d\
\x22\x32\x22\x20\x72\x79\x3d\x22\x32\x22\x2f\x3e\x3c\x6c\x69\x6e\
\x65\x20\x78\x31\x3d\x22\x31\x36\x22\x20\x79\x31\x3d\x22\x32\x22\
\x20\x78\x32\x3d\x22\x31\x36\x22\x20\x79\x32\x3d\x22\x36\x22\x2f\
\x3e\x3c\x6c\x69\x6e\x65\x20\x78\x31\x3d\x22\x38\x22\x20\x79\x31\
\x3d\x22\x32\x22\x20\x78\x32\x3d\x22\x38\x22\x20\x79\x32\x3d\x22\
\x36\x22\x2f\x3e\x3c\x6c\x69\x6e\x65\x20\x78\x31\x3d\x22\x33\x22\
\x20\x79\x31\x3d\x22\x31\x30\x22\x20\x78\x32\x3d\x22\x32\x31\x22\
\x20\x79\x32\x3d\x22\x31\x30\x22\x2f\x3e\x3c\x2f\x73\x76\x67\x3e\
\
\x00\x00\x01\x15\
\x3c\
\x73\x76\x67\x20\x78\x6d\x6c\x6e\x73\x3d\x22\x68\x74\x74\x70\x3a\
\x2f\x2f\x77\x77\x77\x2e\x77\x33\x2e\x6f\x72\x67\x2f\x32\x30\x30\
\x30\x2f\x73\x76\x67\x22\x20\x77\x69\x64\x74\x68\x3d\x22\x32\x34\
\x22\x20\x68\x65\x69\x67\x68\x74\x3d\x22\x32\x34\x22\x20\x76\x69\
\x65\x77\x42\x6f\x78\x3d\x22\x30\x20\x30\x20\x32\x34\x20\x32\x34\
\x22\x20\x66\x69\x6c\x6c\x3d\x22\x6e\x6f\x6e\x65\x22\x20\x73\x74\
\x72\x6f\x6b\x65\x3d\x22\x63\x75\x72\x72\x65\x6e\x74\x43\x6f\x6c\
\x6f\x72\x22\x20\x73\x74\x72\x6f\x6b\x65\x2d\x77\x69\x64\x74\x68\
\x3d\x22\x32\x22\x20\x73\x74\x72\x6f\x6b\x65\x2d\x6c\x69\x6e\x65\
\x63\x61\x70\x3d\x22\x72\x6f\x75\x6e\x64\x22\x20\x73\x74\x72\x6f\
\x6b\x65\x2d\x6c\x69\x6e\x65\x6a\x6f\x69\x6e\x3d\x22\x72\x6f\x75\
\x6e\x64\x22\x3e\x3c\x72\x65\x63\x74\x20\x78\x3d\x22\x32\x22\x20\
\x79\x3d\x22\x37\x22\x20\x77\x69\x64\x74\x68\x3d\x22\x32\x30\x22\
\x20\x68\x65\x69\x67\x68\x74\x3d\x22\x31\x35\x22\x20\x72\x78\x3d\
\x22\x32\x22\x20\x72\x79\x3d\x22\x32\x22\x2f\x3e\x3c\x70\x6f\x6c\
\x79\x6c\x69\x6e\x65\x20\x70\x6f\x69\x6e\x74\x73\x3d\x22\x31\x37\
\x20\x32\x20\x31\x32\x20\x37\x20\x37\x20\x32\x22\x2f\x3e\x3c\x2f\
\x73\x76\x67\x3e\
\x00\x00\x01\x3b\
\x3c\
\x73\x76\x67\x20\x78\x6d\x6c\x6e\x73\x3d\x22\x68\x74\x74\x70\x3a\
\x2f\x2f\x77\x77\x77\x2e\x77\x33\x2e\x6f\x72\x67\x2f\x32\x30\x30\
\x30\x2f\x73\x76\x67\x22\x20\x77\x69\x64\x74\x68\x3d\x22\x32\x34\
\x22\x20\x68\x65\x69\x67\x68\x74\x3d\x22\x32\x34\x22\x20\x76\x69\
\x65\x77\x42\x6f\x78\x3d\x22\x30\x20\x30\x20\x32\x34\x20\x32\x34\
\x22\x20\x66\x69\x6c\x6c\x3d\x22\x6e\x6f\x6e\x65\x22\x20\x73\x74\
\x72\x6f\x6b\x65\x3d\x22\x63\x75\x72\x72\x65\x6e\x74\x43\x6f\x6c\
\x6f\x72\x22\x20\x73\x74\x72\x6f\x6b\x65\x2d\x77\x69\x64\x74\x68\
\x3d\x22\x32\x22\x20\x73\x74\x72\x6f\x6b\x65\x2d\x6c\x69\x6e\x65\
\x63\x61\x70\x3d\x22\x72\x6f\x75\x6e\x64\x22\x20\x73\x74\x72\x6f\
\x6b\x65\x2d\x6c\x69\x6e\x65\x6a\x6f\x69\x6e\x3d\x22\x72\x6f\x75\
\x6e\x64\x22\x3e\x3c\x72\x65\x63\x74\x20\x78\x3d\x22\x33\x22\x20\
\x79\x3d\x22\x33\x22\x20\x77\x69\x64\x74\x68\x3d\x22\x31\x38\x22\
\x20\x68\x65\x69\x67\x68\x74\x3d\x22\x31\x38\x22\x20\x72\x78\x3d\
\x22\x32\x22\x20\x72\x79\x3d\x22\x32\x22\x2f\x3e\x3c\x63\x69\x72\
\x63\x6c\x65\x20\x63\x78\x3d\x22\x38\x2e\x35\x22\x20\x63\x79\x3d\
\x22\x38\x2e\x35\x22\x20\x72\x3d\x22\x31\x2e\x35\x22\x2f\x3e\x3c\
\x70\x6f\x6c\x79\x6c\x69\x6e\x65\x20\x70\x6f\x69\x6e\x74\x73\x3d\
\x22\x32\x31\x20\x31\x35\x20\x31\x36\x20\x31\x30\x20\x35\x20\x32\
\x31\x22\x2f\x3e\x3c\x2f\x73\x76\x67\x3e\
\x00\x00\x01\x3d\
\x3c\
\x73\x76\x67\x20\x78\x6d\x6c\x6e\x73\x3d\x22\x68\x74\x74\x70\x3a\
\x2f\x2f\x77\x77\x77\x2e\x77\x33\x2e\x6f\x72\x67\x2f\x32\x30\x30\
\x30\x2f\x73\x76\x67\x22\x20\x77\x69\x64\x74\x68\x3d\x22\x32\x34\
\x22\x20\x68\x65\x69\x67\x68\x74\x3d\x22\x32\x34\x22\x20\x76\x69\
\x65\x77\x42\x6f\x78\x3d\x22\x30\x20\x30\x20\x32\x34\x20\x32\x34\
\x22\x20\x66\x69\x6c\x6c\x3d\x22\x6e\x6f\x6e\x65\x22\x20\x73\x74\
\x72\x6f\x6b\x65\x3d\x22\x63\x75\x72\x72\x65\x6e\x74\x43\x6f\x6c\
\x6f\x72\x22\x20\x73\x74\x72\x6f\x6b\x65\x2d\x77\x69\x64\x74\x68\
\x3d\x22\x32\x22\x20\x73\x74\x72\x6f\x6b\x65\x2d\x6c\x69\x6e\x65\
\x63\x61\x70\x3d\x22\x72\x6f\x75\x6e\x64\x22\x20\x73\x74\x72\x6f\
\x6b\x65\x2d\x6c\x69\x6e\x65\x6a\x6f\x69\x6e\x3d\x22\x72\x6f\x75\
\x6e\x64\x22\x3e\x3c\x72\x65\x63\x74\x20\x78\x3d\x22\x33\x22\x20\
\x79\x3d\x22\x33\x22\x20\x77\x69\x64\x74\x68\x3d\x22\x31\x38\x22\
\x20\x68\x65\x69\x67\x68\x74\x3d\x22\x31\x38\x22\x20\x72\x78\x3d\
\x22\x32\x22\x20\x72\x79\x3d\x22\x32\x22\x2f\x3e\x3c\x6c\x69\x6e\
\x65\x20\x78\x31\x3d\x22\x39\x22\x20\x79\x31\x3d\x22\x39\x22\x20\
\x78\x32\x3d\x22\x31\x35\x22\x20\x79\x32\x3d\x22\x31\x35\x22\x2f\
\x3e\x3c\x6c\x69\x6e\x65\x20\x78\x31\x3d\x22\x31\x35\x22\x20\x79\
\x31\x3d\x22\x39\x22\x20\x78\x32\x3d\x22\x39\x22\x20\x79\x32\x3d\
\x22\x31\x35\x22\x2f\x3e\x3c\x2f\x73\x76\x67\x3e\
\x00\x00\x01\x35\
\x3c\
\x73\x76\x67\x20\x78\x6d\x6c\x6e\x73\x3d\x22\x68\x74\x74\x70\x3a\
\x2f\x2f\x77\x77\x77\x2e\x77\x33\x2e\x6f\x72\x67\x2f\x32\x30\x30\
\x30\x2f\x73\x76\x67\x22\x20\x77\x69\x64\x74\x68\x3d\x22\x32\x34\
\x22\x20\x68\x65\x69\x67\x68\x74\x3d\x22\x32\x34\x22\x20\x76\x69\
\x65\x77\x42\x6f\x78\x3d\x22\x30\x20\x30\x20\x32\x34\x20\x32\x34\
\x22\x20\x66\x69\x6c\x6c\x3d\x22\x6e\x6f\x6e\x65\x22\x20\x73\x74\
\x72\x6f\x6b\x65\x3d\x22\x63\x75\x72\x72\x65\x6e\x74\x43\x6f\x6c\
\x6f\x72\x22\x20\x73\x74\x72\x6f\x6b\x65\x2d\x77\x69\x64\x74\x68\
\x3d\x22\x32\x22\x20\x73\x74\x72\x6f\x6b\x65\x2d\x6c\x69\x6e\x65\
\x63\x61\x70\x3d\x22\x72\x6f\x75\x6e\x64\x22\x20\x73\x74\x72\x6f\
\x6b\x65\x2d\x6c\x69\x6e\x65\x6a\x6f\x69\x6e\x3d\x22\x72\x6f\x75\
\x6e\x64\x22\x3e\x3c\x70\x61\x74\x68\x20\x64\x3d\x22\x4d\x34\x20\
\x34\x68\x31\x36\x63\x31\x2e\x31\x20\x30\x20\x32\x20\x2e\x39\x20\
\x32\x20\x32\x76\x31\x32\x63\x30\x20\x31\x2e\x31\x2d\x2e\x39\x20\
\x32\x2d\x32\x20\x32\x48\x34\x63\x2d\x31\x2e\x31\x20\x30\x2d\x32\
\x2d\x2e\x39\x2d\x32\x2d\x32\x56\x36\x63\x30\x2d\x31\x2e\x31\x2e\
\x39\x2d\x32\x20\x32\x2d\x32\x7a\x22\x2f\x3e\x3c\x70\x6f\x6c\x79\
\x6c\x69\x6e\x65\x20\x70\x6f\x69\x6e\x74\x73\x3d\x22\x32\x32\x2c\
\x36\x20\x31\x32\x2c\x31\x33\x20\x32\x2c\x36\x22\x2f\x3e\x3c\x2f\
\x73\x76\x67\x3e\
\x00\x00\x01\x34\
\x3c\
\x73\x76\x67\x20\x78\x6d\x6c\x6e\x73\x3d\x22\x68\x74\x74\x70\x3a\
\x2f\x2f\x77\x77\x77\x2e\x77\x33\x2e\x6f\x72\x67\x2f\x32\x30\x30\
\x30\x2f\x73\x76\x67\x22\x20\x77\x69\x64\x74\x68\x3d\x22\x32\x34\
\x22\x20\x68\x65\x69\x67\x68\x74\x3d\x22\x32\x34\x22\x20\x76\x69\
\x65\x77\x42\x6f\x78\x3d\x22\x30\x20\x30\x20\x32\x34\x20\x32\x34\
\x22\x20\x66\x69\x6c\x6c\x3d\x22\x6e\x6f\x6e\x65\x22\x20\x73\x74\
\x72\x6f\x6b\x65\x3d\x22\x63\x75\x72\x72\x65\x6e\x74\x43\x6f\x6c\
\x6f\x72\x22\x20\x73\x74\x72\x6f\x6b\x65\x2d\x77\x69\x64\x74\x68\
\x3d\x22\x32\x22\x20\x73\x74\x72\x6f\x6b\x65\x2d\x6c\x69\x6e\x65\
\x63\x61\x70\x3d\x22\x72\x6f\x75\x6e\x64\x22\x20\x73\x74\x72\x6f\
\x6b\x65\x2d\x6c\x69\x6e\x65\x6a\x6f\x69\x6e\x3d\x22\x72\x6f\x75\
\x6e\x64\x22\x3e\x3c\x70\x61\x74\x68\x20\x64\x3d\x22\x4d\x31\x36\
\x20\x32\x31\x76\x2d\x32\x61\x34\x20\x34\x20\x30\x20\x30\x20\x30\
\x2d\x34\x2d\x34\x48\x35\x61\x34\x20\x34\x20\x30\x20\x30\x20\x30\
\x2d\x34\x20\x34\x76\x32\x22\x2f\x3e\x3c\x63\x69\x72\x63\x6c\x65\
\x20\x63\x78\x3d\x22\x38\x2e\x35\x22\x20\x63\x79\x3d\x22\x37\x22\
\x20\x72\x3d\x22\x34\x22\x2f\x3e\x3c\x70\x6f\x6c\x79\x6c\x69\x6e\
\x65\x20\x70\x6f\x69\x6e\x74\x73\x3d\x22\x31\x37\x20\x31\x31\x20\
\x31\x39\x20\x31\x33\x20\x32\x33\x20\x39\x22\x2f\x3e\x3c\x2f\x73\
\x76\x67\x3e\
\x00\x00\x01\x3b\
\x3c\
\x73\x76\x67\x20\x78\x6d\x6c\x6e\x73\x3d\x22\x68\x74\x74\x70\x3a\
\x2f\x2f\x77\x77\x77\x2e\x77\x33\x2e\x6f\x72\x67\x2f\x32\x30\x30\
\x30\x2f\x73\x76\x67\x22\x20\x77\x69\x64\x74\x68\x3d\x22\x32\x34\
\x22\x20\x68\x65\x69\x67\x68\x74\x3d\x22\x32\x34\x22\x20\x76\x69\
\x65\x77\x42\x6f\x78\x3d\x22\x30\x20\x30\x20\x32\x34\x20\x32\x34\
\x22\x20\x66\x69\x6c\x6c\x3d\x22\x6e\x6f\x6e\x65\x22\x20\x73\x74\
\x72\x6f\x6b\x65\x3d\x22\x63\x75\x72\x72\x65\x6e\x74\x43\x6f\x6c\
\x6f\x72\x22\x20\x73\x74\x72\x6f\x6b\x65\x2d\x77\x69\x64\x74\x68\
\x3d\x22\x32\x22\x20\x73\x74\x72\x6f\x6b\x65\x2d\x6c\x69\x6e\x65\
\x63\x61\x70\x3d\x22\x72\x6f\x75\x6e\x64\x22\x20\x73\x74\x72\x6f\
\x6b\x65\x2d\x6c\x69\x6e\x65\x6a\x6f\x69\x6e\x3d\x22\x72\x6f\x75\
\x6e\x64\x22\x3e\x3c\x70\x61\x74\x68\x20\x64\x3d\x22\x4d\x32\x31\
\x20\x31\x35\x76\x34\x61\x32\x20\x32\x20\x30\x20\x30\x20\x31\x2d\
\x32\x20\x32\x48\x35\x61\x32\x20\x32\x20\x30\x20\x30\x20\x31\x2d\
\x32\x2d\x32\x76\x2d\x34\x22\x2f\x3e\x3c\x70\x6f\x6c\x79\x6c\x69\
\x6e\x65\x20\x70\x6f\x69\x6e\x74\x73\x3d\x22\x37\x20\x31\x30\x20\
\x31\x32\x20\x31\x35\x20\x31\x37\x20\x31\x30\x22\x2f\x3e\x3c\x6c\
\x69\x6e\x65\x20\x78\x31\x3d\x22\x31\x32\x22\x20\x79\x31\x3d\x22\
\x31\x35\x22\x20\x78\x32\x3d\x22\x31\x32\x22\x20\x79\x32\x3d\x22\
\x33\x22\x2f\x3e\x3c\x2f\x73\x76\x67\x3e\
\x00\x00\x02\x21\
\x3c\
\x73\x76\x67\x20\x78\x6d\x6c\x6e\x73\x3d\x22\x68\x74\x74\x70\x3a\
\x2f\x2f\x77\x77\x77\x2e\x77\x33\x2e\x6f\x72\x67\x2f\x32\x30\x30\
\x30\x2f\x73\x76\x67\x22\x20\x77\x69\x64\x74\x68\x3d\x22\x32\x34\
\x22\x20\x68\x65\x69\x67\x68\x74\x3d\x22\x32\x34\x22\x20\x76\x69\
\x65\x77\x42\x6f\x78\x3d\x22\x30\x20\x30\x20\x32\x34\x20\x32\x34\
\x22\x20\x66\x69\x6c\x6c\x3d\x22\x6e\x6f\x6e\x65\x22\x20\x73\x74\
\x72\x6f\x6b\x65\x3d\x22\x63\x75\x72\x72\x65\x6e\x74\x43\x6f\x6c\
\x6f\x72\x22\x20\x73\x74\x72\x6f\x6b\x65\x2d\x77\x69\x64\x74\x68\
\x3d\x22\x32\x22\x20\x73\x74\x72\x6f\x6b\x65\x2d\x6c\x69\x6e\x65\
\x63\x61\x70\x3d\x22\x72\x6f\x75\x6e\x64\x22\x20\x73\x74\x72\x6f\
\x6b\x65\x2d\x6c\x69\x6e\x65\x6a\x6f\x69\x6e\x3d\x22\x72\x6f\x75\
\x6e\x64\x22\x3e\x3c\x70\x61\x74\x68\x20\x64\x3d\x22\x4d\x31\x30\
\x2e\x36\x38\x20\x31\x33\x2e\x33\x31\x61\x31\x36\x20\x31\x36\x20\
\x30\x20\x30\x20\x30\x20\x33\x2e\x34\x31\x20\x32\x2e\x36\x6c\x31\
\x2e\x32\x37\x2d\x31\x2e\x32\x37\x61\x32\x20\x32\x20\x30\x20\x30\
\x20\x31\x20\x32\x2e\x31\x31\x2d\x2e\x34\x35\x20\x31\x32\x2e\x38\
\x34\x20\x31\x32\x2e\x38\x34\x20\x30\x20\x30\x20\x30\x20\x32\x2e\
\x38\x31\x2e\x37\x20\x32\x20\x32\x20\x30\x20\x30\x20\x31\x20\x31\
\x2e\x37\x32\x20\x32\x76\x33\x61\x32\x20\x32\x20\x30\x20\x30\x20\
\x31\x2d\x32\x2e\x31\x38\x20\x32\x20\x31\x39\x2e\x37\x39\x20\x31\
\x39\x2e\x37\x39\x20\x30\x20\x30\x20\x31\x2d\x38\x2e\x36\x33\x2d\
\x33\x2e\x30\x37\x20\x31\x39\x2e\x34\x32\x20\x31\x39\x2e\x34\x32\
\x20\x30\x20\x30\x20\x31\x2d\x33\x2e\x33\x33\x2d\x32\x2e\x36\x37\
\x6d\x2d\x32\x2e\x36\x37\x2d\x33\x2e\x33\x34\x61\x31\x39\x2e\x37\
\x39\x20\x31\x39\x2e\x37\x39\x20\x30\x20\x30\x20\x31\x2d\x33\x2e\
\x30\x37\x2d\x38\x2e\x36\x33\x41\x32\x20\x32\x20\x30\x20\x30\x20\
\x31\x20\x34\x2e\x31\x31\x20\x32\x68\x33\x61\x32\x20\x32\x20\x30\
\x20\x30\x20\x31\x20\x32\x20\x31\x2e\x37\x32\x20\x31\x32\x2e\x38\
\x34\x20\x31\x32\x2e\x38\x34\x20\x30\x20\x30\x20\x30\x20\x2e\x37\
\x20\x32\x2e\x38\x31\x20\x32\x20\x32\x20\x30\x20\x30\x20\x31\x2d\
\x2e\x34\x35\x20\x32\x2e\x31\x31\x4c\x38\x2e\x30\x39\x20\x39\x2e\
\x39\x31\x22\x2f\x3e\x3c\x6c\x69\x6e\x65\x20\x78\x31\x3d\x22\x32\
\x33\x22\x20\x79\x31\x3d\x22\x31\x22\x20\x78\x32\x3d\x22\x31\x22\
\x20\x79\x32\x3d\x22\x32\x33\x22\x2f\x3e\x3c\x2f\x73\x76\x67\x3e\
\
\x00\x00\x01\x60\
\x3c\
\x73\x76\x67\x20\x78\x6d\x6c\x6e\x73\x3d\x22\x68\x74\x74\x70\x3a\
\x2f\x2f\x77\x77\x77\x2e\x77\x33\x2e\x6f\x72\x67\x2f\x32\x30\x30\
\x30\x2f\x73\x76\x67\x22\x20\x77\x69\x64\x74\x68\x3d\x22\x32\x34\
\x22\x20\x68\x65\x69\x67\x68\x74\x3d\x22\x32\x34\x22\x20\x76\x69\
\x65\x77\x42\x6f\x78\x3d\x22\x30\x20\x30\x20\x32\x34\x20\x32\x34\
\x22\x20\x66\x69\x6c\x6c\x3d\x22\x6e\x6f\x6e\x65\x22\x20\x73\x74\
\x72\x6f\x6b\x65\x3d\x22\x63\x75\x72\x72\x65\x6e\x74\x43\x6f\x6c\
\x6f\x72\x22\x20\x73\x74\x72\x6f\x6b\x65\x2d\x77\x69\x64\x74\x68\
\x3d\x22\x32\x22\x20\x73\x74\x72\x6f\x6b\x65\x2d\x6c\x69\x6e\x65\
\x63\x61\x70\x3d\x22\x72\x6f\x75\x6e\x64\x22\x20\x73\x74\x72\x6f\
\x6b\x65\x2d\x6c\x69\x6e\x65\x6a\x6f\x69\x6e\x3d\x22\x72\x6f\x75\
\x6e\x64\x22\x3e\x3c\x70\x61\x74\x68\x20\x64\x3d\x22\x4d\x31\x39\
\x2e\x36\x39\x20\x31\x34\x61\x36\x2e\x39\x20\x36\x2e\x39\x20\x30\
\x20\x30\x20\x30\x20\x2e\x33\x31\x2d\x32\x56\x35\x6c\x2d\x38\x2d\
\x33\x2d\x33\x2e\x31\x36\x20\x31\x2e\x31\x38\x22\x2f\x3e\x3c\x70\
\x61\x74\x68\x20\x64\x3d\x22\x4d\x34\x2e\x37\x33\x20\x34\x2e\x37\
\x33\x4c\x34\x20\x35\x76\x37\x63\x30\x20\x36\x20\x38\x20\x31\x30\
\x20\x38\x20\x31\x30\x61\x32\x30\x2e\x32\x39\x20\x32\x30\x2e\x32\
\x39\x20\x30\x20\x30\x20\x30\x20\x35\x2e\x36\x32\x2d\x34\x2e\x33\
\x38\x22\x2f\x3e\x3c\x6c\x69\x6e\x65\x20\x78\x31\x3d\x22\x31\x22\
\x20\x79\x31\x3d\x22\x31\x22\x20\x78\x32\x3d\x22\x32\x33\x22\x20\
\x79\x32\x3d\x22\x32\x33\x22\x2f\x3e\x3c\x2f\x73\x76\x67\x3e\
\x00\x00\x01\x25\
\x3c\
\x73\x76\x67\x20\x78\x6d\x6c\x6e\x73\x3d\x22\x68\x74\x74\x70\x3a\
\x2f\x2f\x77\x77\x77\x2e\x77\x33\x2e\x6f\x72\x67\x2f\x32\x30\x30\
\x30\x2f\x73\x76\x67\x22\x20\x77\x69\x64\x74\x68\x3d\x22\x32\x34\
\x22\x20\x68\x65\x69\x67\x68\x74\x3d\x22\x32\x34\x22\x20\x76\x69\
\x65\x77\x42\x6f\x78\x3d\x22\x30\x20\x30\x20\x32\x34\x20\x32\x34\
\x22\x20\x66\x69\x6c\x6c\x3d\x22\x6e\x6f\x6e\x65\x22\x20\x73\x74\
\x72\x6f\x6b\x65\x3d\x22\x63\x75\x72\x72\x65\x6e\x74\x43\x6f\x6c\
\x6f\x72\x22\x20\x73\x74\x72\x6f\x6b\x65\x2d\x77\x69\x64\x74\x68\
\x3d\x22\x32\x22\x20\x73\x74\x72\x6f\x6b\x65\x2d\x6c\x69\x6e\x65\
\x63\x61\x70\x3d\x22\x72\x6f\x75\x6e\x64\x22\x20\x73\x74\x72\x6f\
\x6b\x65\x2d\x6c\x69\x6e\x65\x6a\x6f\x69\x6e\x3d\x22\x72\x6f\x75\
\x6e\x64\x22\x3e\x3c\x63\x69\x72\x63\x6c\x65\x20\x63\x78\x3d\x22\
\x31\x32\x22\x20\x63\x79\x3d\x22\x31\x32\x22\x20\x72\x3d\x22\x31\
\x30\x22\x2f\x3e\x3c\x70\x6f\x6c\x79\x67\x6f\x6e\x20\x70\x6f\x69\
\x6e\x74\x73\x3d\x22\x31\x36\x2e\x32\x34\x20\x37\x2e\x37\x36\x20\
\x31\x34\x2e\x31\x32\x20\x31\x34\x2e\x31\x32\x20\x37\x2e\x37\x36\
\x20\x31\x36\x2e\x32\x34\x20\x39\x2e\x38\x38\x20\x39\x2e\x38\x38\
\x20\x31\x36\x2e\x32\x34\x20\x37\x2e\x37\x36\x22\x2f\x3e\x3c\x2f\
\x73\x76\x67\x3e\
\x00\x00\x01\x17\
\x3c\
\x73\x76\x67\x20\x78\x6d\x6c\x6e\x73\x3d\x22\x68\x74\x74\x70\x3a\
\x2f\x2f\x77\x77\x77\x2e\x77\x33\x2e\x6f\x72\x67\x2f\x32\x30\x30\
\x30\x2f\x73\x76\x67\x22\x20\x77\x69\x64\x74\x68\x3d\x22\x32\x34\
\x22\x20\x68\x65\x69\x67\x68\x74\x3d\x22\x32\x34\x22\x20\x76\x69\
\x65\x77\x42\x6f\x78\x3d\x22\x30\x20\x30\x20\x32\x34\x20\x32\x34\
\x22\x20\x66\x69\x6c\x6c\x3d\x22\x6e\x6f\x6e\x65\x22\x20\x73\x74\
\x72\x6f\x6b\x65\x3d\x22\x63\x75\x72\x72\x65\x6e\x74\x43\x6f\x6c\
\x6f\x72\x22\x20\x73\x74\x72\x6f\x6b\x65\x2d\x77\x69\x64\x74\x68\
\x3d\x22\x32\x22\x20\x73\x74\x72\x6f\x6b\x65\x2d\x6c\x69\x6e\x65\
\x63\x61\x70\x3d\x22\x72\x6f\x75\x6e\x64\x22\x20\x73\x74\x72\x6f\
\x6b\x65\x2d\x6c\x69\x6e\x65\x6a\x6f\x69\x6e\x3d\x22\x72\x6f\x75\
\x6e\x64\x22\x3e\x3c\x72\x65\x63\x74\x20\x78\x3d\x22\x33\x22\x20\
\x79\x3d\x22\x33\x22\x20\x77\x69\x64\x74\x68\x3d\x22\x31\x38\x22\
\x20\x68\x65\x69\x67\x68\x74\x3d\x22\x31\x38\x22\x20\x72\x78\x3d\
\x22\x32\x22\x20\x72\x79\x3d\x22\x32\x22\x2f\x3e\x3c\x6c\x69\x6e\
\x65\x20\x78\x31\x3d\x22\x39\x22\x20\x79\x31\x3d\x22\x33\x22\x20\
\x78\x32\x3d\x22\x39\x22\x20\x79\x32\x3d\x22\x32\x31\x22\x2f\x3e\
\x3c\x2f\x73\x76\x67\x3e\
\x00\x00\x01\x15\
\x3c\
\x73\x76\x67\x20\x78\x6d\x6c\x6e\x73\x3d\x22\x68\x74\x74\x70\x3a\
\x2f\x2f\x77\x77\x77\x2e\x77\x33\x2e\x6f\x72\x67\x2f\x32\x30\x30\
\x30\x2f\x73\x76\x67\x22\x20\x77\x69\x64\x74\x68\x3d\x22\x32\x34\
\x22\x20\x68\x65\x69\x67\x68\x74\x3d\x22\x32\x34\x22\x20\x76\x69\
\x65\x77\x42\x6f\x78\x3d\x22\x30\x20\x30\x20\x32\x34\x20\x32\x34\
\x22\x20\x66\x69\x6c\x6c\x3d\x22\x6e\x6f\x6e\x65\x22\x20\x73\x74\
\x72\x6f\x6b\x65\x3d\x22\x63\x75\x72\x72\x65\x6e\x74\x43\x6f\x6c\
\x6f\x72\x22\x20\x73\x74\x72\x6f\x6b\x65\x2d\x77\x69\x64\x74\x68\
\x3d\x22\x32\x22\x20\x73\x74\x72\x6f\x6b\x65\x2d\x6c\x69\x6e\x65\
\x63\x61\x70\x3d\x22\x72\x6f\x75\x6e\x64\x22\x20\x73\x74\x72\x6f\
\x6b\x65\x2d\x6c\x69\x6e\x65\x6a\x6f\x69\x6e\x3d\x22\x72\x6f\x75\
\x6e\x64\x22\x3e\x3c\x63\x69\x72\x63\x6c\x65\x20\x63\x78\x3d\x22\
\x31\x32\x22\x20\x63\x79\x3d\x22\x38\x22\x20\x72\x3d\x22\x37\x22\
\x2f\x3e\x3c\x70\x6f\x6c\x79\x6c\x69\x6e\x65\x20\x70\x6f\x69\x6e\
\x74\x73\x3d\x22\x38\x2e\x32\x31\x20\x31\x33\x2e\x38\x39\x20\x37\
\x20\x32\x33\x20\x31\x32\x20\x32\x30\x20\x31\x37\x20\x32\x33\x20\
\x31\x35\x2e\x37\x39\x20\x31\x33\x2e\x38\x38\x22\x2f\x3e\x3c\x2f\
\x73\x76\x67\x3e\
\x00\x00\x01\x38\
\x3c\
\x73\x76\x67\x20\x78\x6d\x6c\x6e\x73\x3d\x22\x68\x74\x74\x70\x3a\
\x2f\x2f\x77\x77\x77\x2e\x77\x33\x2e\x6f\x72\x67\x2f\x32\x30\x30\
\x30\x2f\x73\x76\x67\x22\x20\x77\x69\x64\x74\x68\x3d\x22\x32\x34\
\x22\x20\x68\x65\x69\x67\x68\x74\x3d\x22\x32\x34\x22\x20\x76\x69\
\x65\x77\x42\x6f\x78\x3d\x22\x30\x20\x30\x20\x32\x34\x20\x32\x34\
\x22\x20\x66\x69\x6c\x6c\x3d\x22\x6e\x6f\x6e\x65\x22\x20\x73\x74\
\x72\x6f\x6b\x65\x3d\x22\x63\x75\x72\x72\x65\x6e\x74\x43\x6f\x6c\
\x6f\x72\x22\x20\x73\x74\x72\x6f\x6b\x65\x2d\x77\x69\x64\x74\x68\
\x3d\x22\x32\x22\x20\x73\x74\x72\x6f\x6b\x65\x2d\x6c\x69\x6e\x65\
\x63\x61\x70\x3d\x22\x72\x6f\x75\x6e\x64\x22\x20\x73\x74\x72\x6f\
\x6b\x65\x2d\x6c\x69\x6e\x65\x6a\x6f\x69\x6e\x3d\x22\x72\x6f\x75\
\x6e\x64\x22\x3e\x3c\x70\x61\x74\x68\x20\x64\x3d\x22\x4d\x34\x20\
\x31\x32\x76\x38\x61\x32\x20\x32\x20\x30\x20\x30\x20\x30\x20\x32\
\x20\x32\x68\x31\x32\x61\x32\x20\x32\x20\x30\x20\x30\x20\x30\x20\
\x32\x2d\x32\x76\x2d\x38\x22\x2f\x3e\x3c\x70\x6f\x6c\x79\x6c\x69\
\x6e\x65\x20\x70\x6f\x69\x6e\x74\x73\x3d\x22\x31\x36\x20\x36\x20\
\x31\x32\x20\x32\x20\x38\x20\x36\x22\x2f\x3e\x3c\x6c\x69\x6e\x65\
\x20\x78\x31\x3d\x22\x31\x32\x22\x20\x79\x31\x3d\x22\x32\x22\x20\
\x78\x32\x3d\x22\x31\x32\x22\x20\x79\x32\x3d\x22\x31\x35\x22\x2f\
\x3e\x3c\x2f\x73\x76\x67\x3e\
\x00\x00\x00\xf3\
\x3c\
\x73\x76\x67\x20\x78\x6d\x6c\x6e\x73\x3d\x22\x68\x74\x74\x70\x3a\
\x2f\x2f\x77\x77\x77\x2e\x77\x33\x2e\x6f\x72\x67\x2f\x32\x30\x30\
\x30\x2f\x73\x76\x67\x22\x20\x77\x69\x64\x74\x68\x3d\x22\x32\x34\
\x22\x20\x68\x65\x69\x67\x68\x74\x3d\x22\x32\x34\x22\x20\x76\x69\
\x65\x77\x42\x6f\x78\x3d\x22\x30\x20\x30\x20\x32\x34\x20\x32\x34\
\x22\x20\x66\x69\x6c\x6c\x3d\x22\x6e\x6f\x6e\x65\x22\x20\x73\x74\
\x72\x6f\x6b\x65\x3d\x22\x63\x75\x72\x72\x65\x6e\x74\x43\x6f\x6c\
\x6f\x72\x22\x20\x73\x74\x72\x6f\x6b\x65\x2d\x77\x69\x64\x74\x68\
\x3d\x22\x32\x22\x20\x73\x74\x72\x6f\x6b\x65\x2d\x6c\x69\x6e\x65\
\x63\x61\x70\x3d\x22\x72\x6f\x75\x6e\x64\x22\x20\x73\x74\x72\x6f\
\x6b\x65\x2d\x6c\x69\x6e\x65\x6a\x6f\x69\x6e\x3d\x22\x72\x6f\x75\
\x6e\x64\x22\x3e\x3c\x72\x65\x63\x74\x20\x78\x3d\x22\x33\x22\x20\
\x79\x3d\x22\x33\x22\x20\x77\x69\x64\x74\x68\x3d\x22\x31\x38\x22\
\x20\x68\x65\x69\x67\x68\x74\x3d\x22\x31\x38\x22\x20\x72\x78\x3d\
\x22\x32\x22\x20\x72\x79\x3d\x22\x32\x22\x2f\x3e\x3c\x2f\x73\x76\
\x67\x3e\
\x00\x00\x01\x7f\
\x3c\
\x73\x76\x67\x20\x78\x6d\x6c\x6e\x73\x3d\x22\x68\x74\x74\x70\x3a\
\x2f\x2f\x77\x77\x77\x2e\x77\x33\x2e\x6f\x72\x67\x2f\x32\x30\x30\
\x30\x2f\x73\x76\x67\x22\x20\x77\x69\x64\x74\x68\x3d\x22\x32\x34\
\x22\x20\x68\x65\x69\x67\x68\x74\x3d\x22\x32\x34\x22\x20\x76\x69\
\x65\x77\x42\x6f\x78\x3d\x22\x30\x20\x30\x20\x32\x34\x20\x32\x34\
\x22\x20\x66\x69\x6c\x6c\x3d\x22\x6e\x6f\x6e\x65\x22\x20\x73\x74\
\x72\x6f\x6b\x65\x3d\x22\x63\x75\x72\x72\x65\x6e\x74\x43\x6f\x6c\
\x6f\x72\x22\x20\x73\x74\x72\x6f\x6b\x65\x2d\x77\x69\x64\x74\x68\
\x3d\x22\x32\x22\x20\x73\x74\x72\x6f\x6b\x65\x2d\x6c\x69\x6e\x65\
\x63\x61\x70\x3d\x22\x72\x6f\x75\x6e\x64\x22\x20\x73\x74\x72\x6f\
\x6b\x65\x2d\x6c\x69\x6e\x65\x6a\x6f\x69\x6e\x3d\x22\x72\x6f\x75\
\x6e\x64\x22\x3e\x3c\x70\x61\x74\x68\x20\x64\x3d\x22\x4d\x31\x38\
\x20\x33\x61\x33\x20\x33\x20\x30\x20\x30\x20\x30\x2d\x33\x20\x33\
\x76\x31\x32\x61\x33\x20\x33\x20\x30\x20\x30\x20\x30\x20\x33\x20\
\x33\x20\x33\x20\x33\x20\x30\x20\x30\x20\x30\x20\x33\x2d\x33\x20\
\x33\x20\x33\x20\x30\x20\x30\x20\x30\x2d\x33\x2d\x33\x48\x36\x61\
\x33\x20\x33\x20\x30\x20\x30\x20\x30\x2d\x33\x20\x33\x20\x33\x20\
\x33\x20\x30\x20\x30\x20\x30\x20\x33\x20\x33\x20\x33\x20\x33\x20\
\x30\x20\x30\x20\x30\x20\x33\x2d\x33\x56\x36\x61\x33\x20\x33\x20\
\x30\x20\x30\x20\x30\x2d\x33\x2d\x33\x20\x33\x20\x33\x20\x30\x20\
\x30\x20\x30\x2d\x33\x20\x33\x20\x33\x20\x33\x20\x30\x20\x30\x20\
\x30\x20\x33\x20\x33\x68\x31\x32\x61\x33\x20\x33\x20\x30\x20\x30\
\x20\x30\x20\x33\x2d\x33\x20\x33\x20\x33\x20\x30\x20\x30\x20\x30\
\x2d\x33\x2d\x33\x7a\x22\x2f\x3e\x3c\x2f\x73\x76\x67\x3e\
\x00\x00\x01\x07\
\x3c\
\x73\x76\x67\x20\x78\x6d\x6c\x6e\x73\x3d\x22\x68\x74\x74\x70\x3a\
\x2f\x2f\x77\x77\x77\x2e\x77\x33\x2e\x6f\x72\x67\x2f\x32\x30\x30\
\x30\x2f\x73\x76\x67\x22\x20\x77\x69\x64\x74\x68\x3d\x22\x32\x34\
\x22\x20\x68\x65\x69\x67\x68\x74\x3d\x22\x32\x34\x22\x20\x76\x69\
\x65\x77\x42\x6f\x78\x3d\x22\x30\x20\x30\x20\x32\x34\x20\x32\x34\
\x22\x20\x66\x69\x6c\x6c\x3d\x22\x6e\x6f\x6e\x65\x22\x20\x73\x74\
\x72\x6f\x6b\x65\x3d\x22\x63\x75\x72\x72\x65\x6e\x74\x43\x6f\x6c\
\x6f\x72\x22\x20\x73\x74\x72\x6f\x6b\x65\x2d\x77\x69\x64\x74\x68\
\x3d\x22\x32\x22\x20\x73\x74\x72\x6f\x6b\x65\x2d\x6c\x69\x6e\x65\
\x63\x61\x70\x3d\x22\x72\x6f\x75\x6e\x64\x22\x20\x73\x74\x72\x6f\
\x6b\x65\x2d\x6c\x69\x6e\x65\x6a\x6f\x69\x6e\x3d\x22\x72\x6f\x75\
\x6e\x64\x22\x3e\x3c\x63\x69\x72\x63\x6c\x65\x20\x63\x78\x3d\x22\
\x31\x31\x22\x20\x63\x79\x3d\x22\x31\x31\x22\x20\x72\x3d\x22\x38\
\x22\x2f\x3e\x3c\x6c\x69\x6e\x65\x20\x78\x31\x3d\x22\x32\x31\x22\
\x20\x79\x31\x3d\x22\x32\x31\x22\x20\x78\x32\x3d\x22\x31\x36\x2e\
\x36\x35\x22\x20\x79\x32\x3d\x22\x31\x36\x2e\x36\x35\x22\x2f\x3e\
\x3c\x2f\x73\x76\x67\x3e\
\x00\x00\x01\x4f\
\x3c\
\x73\x76\x67\x20\x78\x6d\x6c\x6e\x73\x3d\x22\x68\x74\x74\x70\x3a\
\x2f\x2f\x77\x77\x77\x2e\x77\x33\x2e\x6f\x72\x67\x2f\x32\x30\x30\
\x30\x2f\x73\x76\x67\x22\x20\x77\x69\x64\x74\x68\x3d\x22\x32\x34\
\x22\x20\x68\x65\x69\x67\x68\x74\x3d\x22\x32\x34\x22\x20\x76\x69\
\x65\x77\x42\x6f\x78\x3d\x22\x30\x20\x30\x20\x32\x34\x20\x32\x34\
\x22\x20\x66\x69\x6c\x6c\x3d\x22\x6e\x6f\x6e\x65\x22\x20\x73\x74\
\x72\x6f\x6b\x65\x3d\x22\x63\x75\x72\x72\x65\x6e\x74\x43\x6f\x6c\
\x6f\x72\x22\x20\x73\x74\x72\x6f\x6b\x65\x2d\x77\x69\x64\x74\x68\
\x3d\x22\x32\x22\x20\x73\x74\x72\x6f\x6b\x65\x2d\x6c\x69\x6e\x65\
\x63\x61\x70\x3d\x22\x72\x6f\x75\x6e\x64\x22\x20\x73\x74\x72\x6f\
\x6b\x65\x2d\x6c\x69\x6e\x65\x6a\x6f\x69\x6e\x3d\x22\x72\x6f\x75\
\x6e\x64\x22\x3e\x3c\x70\x61\x74\x68\x20\x64\x3d\x22\x4d\x32\x30\
\x2e\x38\x34\x20\x34\x2e\x36\x31\x61\x35\x2e\x35\x20\x35\x2e\x35\
\x20\x30\x20\x30\x20\x30\x2d\x37\x2e\x37\x38\x20\x30\x4c\x31\x32\
\x20\x35\x2e\x36\x37\x6c\x2d\x31\x2e\x30\x36\x2d\x31\x2e\x30\x36\
\x61\x35\x2e\x35\x20\x35\x2e\x35\x20\x30\x20\x30\x20\x30\x2d\x37\
\x2e\x37\x38\x20\x37\x2e\x37\x38\x6c\x31\x2e\x30\x36\x20\x31\x2e\
\x30\x36\x4c\x31\x32\x20\x32\x31\x2e\x32\x33\x6c\x37\x2e\x37\x38\
\x2d\x37\x2e\x37\x38\x20\x31\x2e\x30\x36\x2d\x31\x2e\x30\x36\x61\
\x35\x2e\x35\x20\x35\x2e\x35\x20\x30\x20\x30\x20\x30\x20\x30\x2d\
\x37\x2e\x37\x38\x7a\x22\x2f\x3e\x3c\x2f\x73\x76\x67\x3e\
\x00\x00\x01\x50\
\x3c\
\x73\x76\x67\x20\x78\x6d\x6c\x6e\x73\x3d\x22\x68\x74\x74\x70\x3a\
\x2f\x2f\x77\x77\x77\x2e\x77\x33\x2e\x6f\x72\x67\x2f\x32\x30\x30\
\x30\x2f\x73\x76\x67\x22\x20\x77\x69\x64\x74\x68\x3d\x22\x32\x34\
\x22\x20\x68\x65\x69\x67\x68\x74\x3d\x22\x32\x34\x22\x20\x76\x69\
\x65\x77\x42\x6f\x78\x3d\x22\x30\x20\x30\x20\x32\x34\x20\x32\x34\
\x22\x20\x66\x69\x6c\x6c\x3d\x22\x6e\x6f\x6e\x65\x22\x20\x73\x74\
\x72\x6f\x6b\x65\x3d\x22\x63\x75\x72\x72\x65\x6e\x74\x43\x6f\x6c\
\x6f\x72\x22\x20\x73\x74\x72\x6f\x6b\x65\x2d\x77\x69\x64\x74\x68\
\x3d\x22\x32\x22\x20\x73\x74\x72\x6f\x6b\x65\x2d\x6c\x69\x6e\x65\
\x63\x61\x70\x3d\x22\x72\x6f\x75\x6e\x64\x22\x20\x73\x74\x72\x6f\
\x6b\x65\x2d\x6c\x69\x6e\x65\x6a\x6f\x69\x6e\x3d\x22\x72\x6f\x75\
\x6e\x64\x22\x3e\x3c\x6c\x69\x6e\x65\x20\x78\x31\x3d\x22\x34\x22\
\x20\x79\x31\x3d\x22\x39\x22\x20\x78\x32\x3d\x22\x32\x30\x22\x20\
\x79\x32\x3d\x22\x39\x22\x2f\x3e\x3c\x6c\x69\x6e\x65\x20\x78\x31\
\x3d\x22\x34\x22\x20\x79\x31\x3d\x22\x31\x35\x22\x20\x78\x32\x3d\
\x22\x32\x30\x22\x20\x79\x32\x3d\x22\x31\x35\x22\x2f\x3e\x3c\x6c\
\x69\x6e\x65\x20\x78\x31\x3d\x22\x31\x30\x22\x20\x79\x31\x3d\x22\
\x33\x22\x20\x78\x32\x3d\x22\x38\x22\x20\x79\x32\x3d\x22\x32\x31\
\x22\x2f\x3e\x3c\x6c\x69\x6e\x65\x20\x78\x31\x3d\x22\x31\x36\x22\
\x20\x79\x31\x3d\x22\x33\x22\x20\x78\x32\x3d\x22\x31\x34\x22\x20\
\x79\x32\x3d\x22\x32\x31\x22\x2f\x3e\x3c\x2f\x73\x76\x67\x3e\
\x00\x00\x01\x36\
\x3c\
\x73\x76\x67\x20\x78\x6d\x6c\x6e\x73\x3d\x22\x68\x74\x74\x70\x3a\
\x2f\x2f\x77\x77\x77\x2e\x77\x33\x2e\x6f\x72\x67\x2f\x32\x30\x30\
\x30\x2f\x73\x76\x67\x22\x20\x77\x69\x64\x74\x68\x3d\x22\x32\x34\
\x22\x20\x68\x65\x69\x67\x68\x74\x3d\x22\x32\x34\x22\x20\x76\x69\
\x65\x77\x42\x6f\x78\x3d\x22\x30\x20\x30\x20\x32\x34\x20\x32\x34\
\x22\x20\x66\x69\x6c\x6c\x3d\x22\x6e\x6f\x6e\x65\x22\x20\x73\x74\
\x72\x6f\x6b\x65\x3d\x22\x63\x75\x72\x72\x65\x6e\x74\x43\x6f\x6c\
\x6f\x72\x22\x20\x73\x74\x72\x6f\x6b\x65\x2d\x77\x69\x64\x74\x68\
\x3d\x22\x32\x22\x20\x73\x74\x72\x6f\x6b\x65\x2d\x6c\x69\x6e\x65\
\x63\x61\x70\x3d\x22\x72\x6f\x75\x6e\x64\x22\x20\x73\x74\x72\x6f\
\x6b\x65\x2d\x6c\x69\x6e\x65\x6a\x6f\x69\x6e\x3d\x22\x72\x6f\x75\
\x6e\x64\x22\x3e\x3c\x70\x6f\x6c\x79\x6c\x69\x6e\x65\x20\x70\x6f\
\x69\x6e\x74\x73\x3d\x22\x33\x20\x36\x20\x35\x20\x36\x20\x32\x31\
\x20\x36\x22\x2f\x3e\x3c\x70\x61\x74\x68\x20\x64\x3d\x22\x4d\x31\
\x39\x20\x36\x76\x31\x34\x61\x32\x20\x32\x20\x30\x20\x30\x20\x31\
\x2d\x32\x20\x32\x48\x37\x61\x32\x20\x32\x20\x30\x20\x30\x20\x31\
\x2d\x32\x2d\x32\x56\x36\x6d\x33\x20\x30\x56\x34\x61\x32\x20\x32\
\x20\x30\x20\x30\x20\x31\x20\x32\x2d\x32\x68\x34\x61\x32\x20\x32\
\x20\x30\x20\x30\x20\x31\x20\x32\x20\x32\x76\x32\x22\x2f\x3e\x3c\
\x2f\x73\x76\x67\x3e\
\x00\x00\x01\x0c\
\x3c\
\x73\x76\x67\x20\x78\x6d\x6c\x6e\x73\x3d\x22\x68\x74\x74\x70\x3a\
\x2f\x2f\x77\x77\x77\x2e\x77\x33\x2e\x6f\x72\x67\x2f\x32\x30\x30\
\x30\x2f\x73\x76\x67\x22\x20\x77\x69\x64\x74\x68\x3d\x22\x32\x34\
\x22\x20\x68\x65\x69\x67\x68\x74\x3d\x22\x32\x34\x22\x20\x76\x69\
\x65\x77\x42\x6f\x78\x3d\x22\x30\x20\x30\x20\x32\x34\x20\x32\x34\
\x22\x20\x66\x69\x6c\x6c\x3d\x22\x6e\x6f\x6e\x65\x22\x20\x73\x74\
\x72\x6f\x6b\x65\x3d\x22\x63\x75\x72\x72\x65\x6e\x74\x43\x6f\x6c\
\x6f\x72\x22\x20\x73\x74\x72\x6f\x6b\x65\x2d\x77\x69\x64\x74\x68\
\x3d\x22\x32\x22\x20\x73\x74\x72\x6f\x6b\x65\x2d\x6c\x69\x6e\x65\
\x63\x61\x70\x3d\x22\x72\x6f\x75\x6e\x64\x22\x20\x73\x74\x72\x6f\
\x6b\x65\x2d\x6c\x69\x6e\x65\x6a\x6f\x69\x6e\x3d\x22\x72\x6f\x75\
\x6e\x64\x22\x3e\x3c\x63\x69\x72\x63\x6c\x65\x20\x63\x78\x3d\x22\
\x31\x32\x22\x20\x63\x79\x3d\x22\x31\x32\x22\x20\x72\x3d\x22\x31\
\x30\x22\x2f\x3e\x3c\x6c\x69\x6e\x65\x20\x78\x31\x3d\x22\x34\x2e\
\x39\x33\x22\x20\x79\x31\x3d\x22\x34\x2e\x39\x33\x22\x20\x78\x32\
\x3d\x22\x31\x39\x2e\x30\x37\x22\x20\x79\x32\x3d\x22\x31\x39\x2e\
\x30\x37\x22\x2f\x3e\x3c\x2f\x73\x76\x67\x3e\
\x00\x00\x01\x51\
\x3c\
\x73\x76\x67\x20\x78\x6d\x6c\x6e\x73\x3d\x22\x68\x74\x74\x70\x3a\
\x2f\x2f\x77\x77\x77\x2e\x77\x33\x2e\x6f\x72\x67\x2f\x32\x30\x30\
\x30\x2f\x73\x76\x67\x22\x20\x77\x69\x64\x74\x68\x3d\x22\x32\x34\
\x22\x20\x68\x65\x69\x67\x68\x74\x3d\x22\x32\x34\x22\x20\x76\x69\
\x65\x77\x42\x6f\x78\x3d\x22\x30\x20\x30\x20\x32\x34\x20\x32\x34\
\x22\x20\x66\x69\x6c\x6c\x3d\x22\x6e\x6f\x6e\x65\x22\x20\x73\x74\
\x72\x6f\x6b\x65\x3d\x22\x63\x75\x72\x72\x65\x6e\x74\x43\x6f\x6c\
\x6f\x72\x22\x20\x73\x74\x72\x6f\x6b\x65\x2d\x77\x69\x64\x74\x68\
\x3d\x22\x32\x22\x20\x73\x74\x72\x6f\x6b\x65\x2d\x6c\x69\x6e\x65\
\x63\x61\x70\x3d\x22\x72\x6f\x75\x6e\x64\x22\x20\x73\x74\x72\x6f\
\x6b\x65\x2d\x6c\x69\x6e\x65\x6a\x6f\x69\x6e\x3d\x22\x72\x6f\x75\
\x6e\x64\x22\x3e\x3c\x70\x6f\x6c\x79\x6c\x69\x6e\x65\x20\x70\x6f\
\x69\x6e\x74\x73\x3d\x22\x34\x20\x31\x34\x20\x31\x30\x20\x31\x34\
\x20\x31\x30\x20\x32\x30\x22\x2f\x3e\x3c\x70\x6f\x6c\x79\x6c\x69\
\x6e\x65\x20\x70\x6f\x69\x6e\x74\x73\x3d\x22\x32\x30\x20\x31\x30\
\x20\x31\x34\x20\x31\x30\x20\x31\x34\x20\x34\x22\x2f\x3e\x3c\x6c\
\x69\x6e\x65\x20\x78\x31\x3d\x22\x31\x34\x22\x20\x79\x31\x3d\x22\
\x31\x30\x22\x20\x78\x32\x3d\x22\x32\x31\x22\x20\x79\x32\x3d\x22\
\x33\x22\x2f\x3e\x3c\x6c\x69\x6e\x65\x20\x78\x31\x3d\x22\x33\x22\
\x20\x79\x31\x3d\x22\x32\x31\x22\x20\x78\x32\x3d\x22\x31\x30\x22\
\x20\x79\x32\x3d\x22\x31\x34\x22\x2f\x3e\x3c\x2f\x73\x76\x67\x3e\
\
\x00\x00\x01\x5a\
\x3c\
\x73\x76\x67\x20\x78\x6d\x6c\x6e\x73\x3d\x22\x68\x74\x74\x70\x3a\
\x2f\x2f\x77\x77\x77\x2e\x77\x33\x2e\x6f\x72\x67\x2f\x32\x30\x30\
\x30\x2f\x73\x76\x67\x22\x20\x77\x69\x64\x74\x68\x3d\x22\x32\x34\
\x22\x20\x68\x65\x69\x67\x68\x74\x3d\x22\x32\x34\x22\x20\x76\x69\
\x65\x77\x42\x6f\x78\x3d\x22\x30\x20\x30\x20\x32\x34\x20\x32\x34\
\x22\x20\x66\x69\x6c\x6c\x3d\x22\x6e\x6f\x6e\x65\x22\x20\x73\x74\
\x72\x6f\x6b\x65\x3d\x22\x63\x75\x72\x72\x65\x6e\x74\x43\x6f\x6c\
\x6f\x72\x22\x20\x73\x74\x72\x6f\x6b\x65\x2d\x77\x69\x64\x74\x68\
\x3d\x22\x32\x22\x20\x73\x74\x72\x6f\x6b\x65\x2d\x6c\x69\x6e\x65\
\x63\x61\x70\x3d\x22\x72\x6f\x75\x6e\x64\x22\x20\x73\x74\x72\x6f\
\x6b\x65\x2d\x6c\x69\x6e\x65\x6a\x6f\x69\x6e\x3d\x22\x72\x6f\x75\
\x6e\x64\x22\x3e\x3c\x70\x61\x74\x68\x20\x64\x3d\x22\x4d\x32\x20\
\x31\x36\x2e\x31\x41\x35\x20\x35\x20\x30\x20\x30\x20\x31\x20\x35\
\x2e\x39\x20\x32\x30\x4d\x32\x20\x31\x32\x2e\x30\x35\x41\x39\x20\
\x39\x20\x30\x20\x30\x20\x31\x20\x39\x2e\x39\x35\x20\x32\x30\x4d\
\x32\x20\x38\x56\x36\x61\x32\x20\x32\x20\x30\x20\x30\x20\x31\x20\
\x32\x2d\x32\x68\x31\x36\x61\x32\x20\x32\x20\x30\x20\x30\x20\x31\
\x20\x32\x20\x32\x76\x31\x32\x61\x32\x20\x32\x20\x30\x20\x30\x20\
\x31\x2d\x32\x20\x32\x68\x2d\x36\x22\x2f\x3e\x3c\x6c\x69\x6e\x65\
\x20\x78\x31\x3d\x22\x32\x22\x20\x79\x31\x3d\x22\x32\x30\x22\x20\
\x78\x32\x3d\x22\x32\x2e\x30\x31\x22\x20\x79\x32\x3d\x22\x32\x30\
\x22\x2f\x3e\x3c\x2f\x73\x76\x67\x3e\
\x00\x00\x01\x04\
\x3c\
\x73\x76\x67\x20\x78\x6d\x6c\x6e\x73\x3d\x22\x68\x74\x74\x70\x3a\
\x2f\x2f\x77\x77\x77\x2e\x77\x33\x2e\x6f\x72\x67\x2f\x32\x30\x30\
\x30\x2f\x73\x76\x67\x22\x20\x77\x69\x64\x74\x68\x3d\x22\x32\x34\
\x22\x20\x68\x65\x69\x67\x68\x74\x3d\x22\x32\x34\x22\x20\x76\x69\
\x65\x77\x42\x6f\x78\x3d\x22\x30\x20\x30\x20\x32\x34\x20\x32\x34\
\x22\x20\x66\x69\x6c\x6c\x3d\x22\x6e\x6f\x6e\x65\x22\x20\x73\x74\
\x72\x6f\x6b\x65\x3d\x22\x63\x75\x72\x72\x65\x6e\x74\x43\x6f\x6c\
\x6f\x72\x22\x20\x73\x74\x72\x6f\x6b\x65\x2d\x77\x69\x64\x74\x68\
\x3d\x22\x32\x22\x20\x73\x74\x72\x6f\x6b\x65\x2d\x6c\x69\x6e\x65\
\x63\x61\x70\x3d\x22\x72\x6f\x75\x6e\x64\x22\x20\x73\x74\x72\x6f\
\x6b\x65\x2d\x6c\x69\x6e\x65\x6a\x6f\x69\x6e\x3d\x22\x72\x6f\x75\
\x6e\x64\x22\x3e\x3c\x70\x6f\x6c\x79\x6c\x69\x6e\x65\x20\x70\x6f\
\x69\x6e\x74\x73\x3d\x22\x31\x31\x20\x31\x37\x20\x36\x20\x31\x32\
\x20\x31\x31\x20\x37\x22\x2f\x3e\x3c\x70\x6f\x6c\x79\x6c\x69\x6e\
\x65\x20\x70\x6f\x69\x6e\x74\x73\x3d\x22\x31\x38\x20\x31\x37\x20\
\x31\x33\x20\x31\x32\x20\x31\x38\x20\x37\x22\x2f\x3e\x3c\x2f\x73\
\x76\x67\x3e\
\x00\x00\x01\x51\
\x3c\
\x73\x76\x67\x20\x78\x6d\x6c\x6e\x73\x3d\x22\x68\x74\x74\x70\x3a\
\x2f\x2f\x77\x77\x77\x2e\x77\x33\x2e\x6f\x72\x67\x2f\x32\x30\x30\
\x30\x2f\x73\x76\x67\x22\x20\x77\x69\x64\x74\x68\x3d\x22\x32\x34\
\x22\x20\x68\x65\x69\x67\x68\x74\x3d\x22\x32\x34\x22\x20\x76\x69\
\x65\x77\x42\x6f\x78\x3d\x22\x30\x20\x30\x20\x32\x34\x20\x32\x34\
\x22\x20\x66\x69\x6c\x6c\x3d\x22\x6e\x6f\x6e\x65\x22\x20\x73\x74\
\x72\x6f\x6b\x65\x3d\x22\x63\x75\x72\x72\x65\x6e\x74\x43\x6f\x6c\
\x6f\x72\x22\x20\x73\x74\x72\x6f\x6b\x65\x2d\x77\x69\x64\x74\x68\
\x3d\x22\x32\x22\x20\x73\x74\x72\x6f\x6b\x65\x2d\x6c\x69\x6e\x65\
\x63\x61\x70\x3d\x22\x72\x6f\x75\x6e\x64\x22\x20\x73\x74\x72\x6f\
\x6b\x65\x2d\x6c\x69\x6e\x65\x6a\x6f\x69\x6e\x3d\x22\x72\x6f\x75\
\x6e\x64\x22\x3e\x3c\x70\x61\x74\x68\x20\x64\x3d\x22\x4d\x31\x39\
\x20\x32\x31\x48\x35\x61\x32\x20\x32\x20\x30\x20\x30\x20\x31\x2d\
\x32\x2d\x32\x56\x35\x61\x32\x20\x32\x20\x30\x20\x30\x20\x31\x20\
\x32\x2d\x32\x68\x31\x31\x6c\x35\x20\x35\x76\x31\x31\x61\x32\x20\
\x32\x20\x30\x20\x30\x20\x31\x2d\x32\x20\x32\x7a\x22\x2f\x3e\x3c\
\x70\x6f\x6c\x79\x6c\x69\x6e\x65\x20\x70\x6f\x69\x6e\x74\x73\x3d\
\x22\x31\x37\x20\x32\x31\x20\x31\x37\x20\x31\x33\x20\x37\x20\x31\
\x33\x20\x37\x20\x32\x31\x22\x2f\x3e\x3c\x70\x6f\x6c\x79\x6c\x69\
\x6e\x65\x20\x70\x6f\x69\x6e\x74\x73\x3d\x22\x37\x20\x33\x20\x37\
\x20\x38\x20\x31\x35\x20\x38\x22\x2f\x3e\x3c\x2f\x73\x76\x67\x3e\
\
\x00\x00\x01\x5c\
\x3c\
\x73\x76\x67\x20\x78\x6d\x6c\x6e\x73\x3d\x22\x68\x74\x74\x70\x3a\
\x2f\x2f\x77\x77\x77\x2e\x77\x33\x2e\x6f\x72\x67\x2f\x32\x30\x30\
\x30\x2f\x73\x76\x67\x22\x20\x77\x69\x64\x74\x68\x3d\x22\x32\x34\
\x22\x20\x68\x65\x69\x67\x68\x74\x3d\x22\x32\x34\x22\x20\x76\x69\
\x65\x77\x42\x6f\x78\x3d\x22\x30\x20\x30\x20\x32\x34\x20\x32\x34\
\x22\x20\x66\x69\x6c\x6c\x3d\x22\x6e\x6f\x6e\x65\x22\x20\x73\x74\
\x72\x6f\x6b\x65\x3d\x22\x63\x75\x72\x72\x65\x6e\x74\x43\x6f\x6c\
\x6f\x72\x22\x20\x73\x74\x72\x6f\x6b\x65\x2d\x77\x69\x64\x74\x68\
\x3d\x22\x32\x22\x20\x73\x74\x72\x6f\x6b\x65\x2d\x6c\x69\x6e\x65\
\x63\x61\x70\x3d\x22\x72\x6f\x75\x6e\x64\x22\x20\x73\x74\x72\x6f\
\x6b\x65\x2d\x6c\x69\x6e\x65\x6a\x6f\x69\x6e\x3d\x22\x72\x6f\x75\
\x6e\x64\x22\x3e\x3c\x72\x65\x63\x74\x20\x78\x3d\x22\x32\x22\x20\
\x79\x3d\x22\x32\x22\x20\x77\x69\x64\x74\x68\x3d\x22\x32\x30\x22\
\x20\x68\x65\x69\x67\x68\x74\x3d\x22\x32\x30\x22\x20\x72\x78\x3d\
\x22\x35\x22\x20\x72\x79\x3d\x22\x35\x22\x2f\x3e\x3c\x70\x61\x74\
\x68\x20\x64\x3d\x22\x4d\x31\x36\x20\x31\x31\x2e\x33\x37\x41\x34\
\x20\x34\x20\x30\x20\x31\x20\x31\x20\x31\x32\x2e\x36\x33\x20\x38\
\x20\x34\x20\x34\x20\x30\x20\x30\x20\x31\x20\x31\x36\x20\x31\x31\
\x2e\x33\x37\x7a\x22\x2f\x3e\x3c\x6c\x69\x6e\x65\x20\x78\x31\x3d\
\x22\x31\x37\x2e\x35\x22\x20\x79\x31\x3d\x22\x36\x2e\x35\x22\x20\
\x78\x32\x3d\x22\x31\x37\x2e\x35\x31\x22\x20\x79\x32\x3d\x22\x36\
\x2e\x35\x22\x2f\x3e\x3c\x2f\x73\x76\x67\x3e\
\x00\x00\x01\x8d\
\x3c\
\x73\x76\x67\x20\x78\x6d\x6c\x6e\x73\x3d\x22\x68\x74\x74\x70\x3a\
\x2f\x2f\x77\x77\x77\x2e\x77\x33\x2e\x6f\x72\x67\x2f\x32\x30\x30\
\x30\x2f\x73\x76\x67\x22\x20\x77\x69\x64\x74\x68\x3d\x22\x32\x34\
\x22\x20\x68\x65\x69\x67\x68\x74\x3d\x22\x32\x34\x22\x20\x76\x69\
\x65\x77\x42\x6f\x78\x3d\x22\x30\x20\x30\x20\x32\x34\x20\x32\x34\
\x22\x20\x66\x69\x6c\x6c\x3d\x22\x6e\x6f\x6e\x65\x22\x20\x73\x74\
\x72\x6f\x6b\x65\x3d\x22\x63\x75\x72\x72\x65\x6e\x74\x43\x6f\x6c\
\x6f\x72\x22\x20\x73\x74\x72\x6f\x6b\x65\x2d\x77\x69\x64\x74\x68\
\x3d\x22\x32\x22\x20\x73\x74\x72\x6f\x6b\x65\x2d\x6c\x69\x6e\x65\
\x63\x61\x70\x3d\x22\x72\x6f\x75\x6e\x64\x22\x20\x73\x74\x72\x6f\
\x6b\x65\x2d\x6c\x69\x6e\x65\x6a\x6f\x69\x6e\x3d\x22\x72\x6f\x75\
\x6e\x64\x22\x3e\x3c\x70\x61\x74\x68\x20\x64\x3d\x22\x4d\x31\x33\
\x2e\x37\x33\x20\x32\x31\x61\x32\x20\x32\x20\x30\x20\x30\x20\x31\
\x2d\x33\x2e\x34\x36\x20\x30\x22\x2f\x3e\x3c\x70\x61\x74\x68\x20\
\x64\x3d\x22\x4d\x31\x38\x2e\x36\x33\x20\x31\x33\x41\x31\x37\x2e\
\x38\x39\x20\x31\x37\x2e\x38\x39\x20\x30\x20\x30\x20\x31\x20\x31\
\x38\x20\x38\x22\x2f\x3e\x3c\x70\x61\x74\x68\x20\x64\x3d\x22\x4d\
\x36\x2e\x32\x36\x20\x36\x2e\x32\x36\x41\x35\x2e\x38\x36\x20\x35\
\x2e\x38\x36\x20\x30\x20\x30\x20\x30\x20\x36\x20\x38\x63\x30\x20\
\x37\x2d\x33\x20\x39\x2d\x33\x20\x39\x68\x31\x34\x22\x2f\x3e\x3c\
\x70\x61\x74\x68\x20\x64\x3d\x22\x4d\x31\x38\x20\x38\x61\x36\x20\
\x36\x20\x30\x20\x30\x20\x30\x2d\x39\x2e\x33\x33\x2d\x35\x22\x2f\
\x3e\x3c\x6c\x69\x6e\x65\x20\x78\x31\x3d\x22\x31\x22\x20\x79\x31\
\x3d\x22\x31\x22\x20\x78\x32\x3d\x22\x32\x33\x22\x20\x79\x32\x3d\
\x22\x32\x33\x22\x2f\x3e\x3c\x2f\x73\x76\x67\x3e\
\x00\x00\x01\x11\
\x3c\
\x73\x76\x67\x20\x78\x6d\x6c\x6e\x73\x3d\x22\x68\x74\x74\x70\x3a\
\x2f\x2f\x77\x77\x77\x2e\x77\x33\x2e\x6f\x72\x67\x2f\x32\x30\x30\
\x30\x2f\x73\x76\x67\x22\x20\x77\x69\x64\x74\x68\x3d\x22\x32\x34\
\x22\x20\x68\x65\x69\x67\x68\x74\x3d\x22\x32\x34\x22\x20\x76\x69\
\x65\x77\x42\x6f\x78\x3d\x22\x30\x20\x30\x20\x32\x34\x20\x32\x34\
\x22\x20\x66\x69\x6c\x6c\x3d\x22\x6e\x6f\x6e\x65\x22\x20\x73\x74\
\x72\x6f\x6b\x65\x3d\x22\x63\x75\x72\x72\x65\x6e\x74\x43\x6f\x6c\
\x6f\x72\x22\x20\x73\x74\x72\x6f\x6b\x65\x2d\x77\x69\x64\x74\x68\
\x3d\x22\x32\x22\x20\x73\x74\x72\x6f\x6b\x65\x2d\x6c\x69\x6e\x65\
\x63\x61\x70\x3d\x22\x72\x6f\x75\x6e\x64\x22\x20\x73\x74\x72\x6f\
\x6b\x65\x2d\x6c\x69\x6e\x65\x6a\x6f\x69\x6e\x3d\x22\x72\x6f\x75\
\x6e\x64\x22\x3e\x3c\x70\x61\x74\x68\x20\x64\x3d\x22\x4d\x36\x20\
\x33\x76\x37\x61\x36\x20\x36\x20\x30\x20\x30\x20\x30\x20\x36\x20\
\x36\x20\x36\x20\x36\x20\x30\x20\x30\x20\x30\x20\x36\x2d\x36\x56\
\x33\x22\x2f\x3e\x3c\x6c\x69\x6e\x65\x20\x78\x31\x3d\x22\x34\x22\
\x20\x79\x31\x3d\x22\x32\x31\x22\x20\x78\x32\x3d\x22\x32\x30\x22\
\x20\x79\x32\x3d\x22\x32\x31\x22\x2f\x3e\x3c\x2f\x73\x76\x67\x3e\
\
\x00\x00\x01\x79\
\x3c\
\x73\x76\x67\x20\x78\x6d\x6c\x6e\x73\x3d\x22\x68\x74\x74\x70\x3a\
\x2f\x2f\x77\x77\x77\x2e\x77\x33\x2e\x6f\x72\x67\x2f\x32\x30\x30\
\x30\x2f\x73\x76\x67\x22\x20\x77\x69\x64\x74\x68\x3d\x22\x32\x34\
\x22\x20\x68\x65\x69\x67\x68\x74\x3d\x22\x32\x34\x22\x20\x76\x69\
\x65\x77\x42\x6f\x78\x3d\x22\x30\x20\x30\x20\x32\x34\x20\x32\x34\
\x22\x20\x66\x69\x6c\x6c\x3d\x22\x6e\x6f\x6e\x65\x22\x20\x73\x74\
\x72\x6f\x6b\x65\x3d\x22\x63\x75\x72\x72\x65\x6e\x74\x43\x6f\x6c\
\x6f\x72\x22\x20\x73\x74\x72\x6f\x6b\x65\x2d\x77\x69\x64\x74\x68\
\x3d\x22\x32\x22\x20\x73\x74\x72\x6f\x6b\x65\x2d\x6c\x69\x6e\x65\
\x63\x61\x70\x3d\x22\x72\x6f\x75\x6e\x64\x22\x20\x73\x74\x72\x6f\
\x6b\x65\x2d\x6c\x69\x6e\x65\x6a\x6f\x69\x6e\x3d\x22\x72\x6f\x75\
\x6e\x64\x22\x3e\x3c\x63\x69\x72\x63\x6c\x65\x20\x63\x78\x3d\x22\
\x31\x38\x22\x20\x63\x79\x3d\x22\x35\x22\x20\x72\x3d\x22\x33\x22\
\x2f\x3e\x3c\x63\x69\x72\x63\x6c\x65\x20\x63\x78\x3d\x22\x36\x22\
\x20\x63\x79\x3d\x22\x31\x32\x22\x20\x72\x3d\x22\x33\x22\x2f\x3e\
\x3c\x63\x69\x72\x63\x6c\x65\x20\x63\x78\x3d\x22\x31\x38\x22\x20\
\x63\x79\x3d\x22\x31\x39\x22\x20\x72\x3d\x22\x33\x22\x2f\x3e\x3c\
\x6c\x69\x6e\x65\x20\x78\x31\x3d\x22\x38\x2e\x35\x39\x22\x20\x79\
\x31\x3d\x22\x31\x33\x2e\x35\x31\x22\x20\x78\x32\x3d\x22\x31\x35\
\x2e\x34\x32\x22\x20\x79\x32\x3d\x22\x31\x37\x2e\x34\x39\x22\x2f\
\x3e\x3c\x6c\x69\x6e\x65\x20\x78\x31\x3d\x22\x31\x35\x2e\x34\x31\
\x22\x20\x79\x31\x3d\x22\x36\x2e\x35\x31\x22\x20\x78\x32\x3d\x22\
\x38\x2e\x35\x39\x22\x20\x79\x32\x3d\x22\x31\x30\x2e\x34\x39\x22\
\x2f\x3e\x3c\x2f\x73\x76\x67\x3e\
\x00\x00\x01\x5f\
\x3c\
\x73\x76\x67\x20\x78\x6d\x6c\x6e\x73\x3d\x22\x68\x74\x74\x70\x3a\
\x2f\x2f\x77\x77\x77\x2e\x77\x33\x2e\x6f\x72\x67\x2f\x32\x30\x30\
\x30\x2f\x73\x76\x67\x22\x20\x77\x69\x64\x74\x68\x3d\x22\x32\x34\
\x22\x20\x68\x65\x69\x67\x68\x74\x3d\x22\x32\x34\x22\x20\x76\x69\
\x65\x77\x42\x6f\x78\x3d\x22\x30\x20\x30\x20\x32\x34\x20\x32\x34\
\x22\x20\x66\x69\x6c\x6c\x3d\x22\x6e\x6f\x6e\x65\x22\x20\x73\x74\
\x72\x6f\x6b\x65\x3d\x22\x63\x75\x72\x72\x65\x6e\x74\x43\x6f\x6c\
\x6f\x72\x22\x20\x73\x74\x72\x6f\x6b\x65\x2d\x77\x69\x64\x74\x68\
\x3d\x22\x32\x22\x20\x73\x74\x72\x6f\x6b\x65\x2d\x6c\x69\x6e\x65\
\x63\x61\x70\x3d\x22\x72\x6f\x75\x6e\x64\x22\x20\x73\x74\x72\x6f\
\x6b\x65\x2d\x6c\x69\x6e\x65\x6a\x6f\x69\x6e\x3d\x22\x72\x6f\x75\
\x6e\x64\x22\x3e\x3c\x72\x65\x63\x74\x20\x78\x3d\x22\x33\x22\x20\
\x79\x3d\x22\x33\x22\x20\x77\x69\x64\x74\x68\x3d\x22\x37\x22\x20\
\x68\x65\x69\x67\x68\x74\x3d\x22\x37\x22\x2f\x3e\x3c\x72\x65\x63\
\x74\x20\x78\x3d\x22\x31\x34\x22\x20\x79\x3d\x22\x33\x22\x20\x77\
\x69\x64\x74\x68\x3d\x22\x37\x22\x20\x68\x65\x69\x67\x68\x74\x3d\
\x22\x37\x22\x2f\x3e\x3c\x72\x65\x63\x74\x20\x78\x3d\x22\x31\x34\
\x22\x20\x79\x3d\x22\x31\x34\x22\x20\x77\x69\x64\x74\x68\x3d\x22\
\x37\x22\x20\x68\x65\x69\x67\x68\x74\x3d\x22\x37\x22\x2f\x3e\x3c\
\x72\x65\x63\x74\x20\x78\x3d\x22\x33\x22\x20\x79\x3d\x22\x31\x34\
\x22\x20\x77\x69\x64\x74\x68\x3d\x22\x37\x22\x20\x68\x65\x69\x67\
\x68\x74\x3d\x22\x37\x22\x2f\x3e\x3c\x2f\x73\x76\x67\x3e\
\x00\x00\x01\x05\
\x3c\
\x73\x76\x67\x20\x78\x6d\x6c\x6e\x73\x3d\x22\x68\x74\x74\x70\x3a\
\x2f\x2f\x77\x77\x77\x2e\x77\x33\x2e\x6f\x72\x67\x2f\x32\x30\x30\
\x30\x2f\x73\x76\x67\x22\x20\x77\x69\x64\x74\x68\x3d\x22\x32\x34\
\x22\x20\x68\x65\x69\x67\x68\x74\x3d\x22\x32\x34\x22\x20\x76\x69\
\x65\x77\x42\x6f\x78\x3d\x22\x30\x20\x30\x20\x32\x34\x20\x32\x34\
\x22\x20\x66\x69\x6c\x6c\x3d\x22\x6e\x6f\x6e\x65\x22\x20\x73\x74\
\x72\x6f\x6b\x65\x3d\x22\x63\x75\x72\x72\x65\x6e\x74\x43\x6f\x6c\
\x6f\x72\x22\x20\x73\x74\x72\x6f\x6b\x65\x2d\x77\x69\x64\x74\x68\
\x3d\x22\x32\x22\x20\x73\x74\x72\x6f\x6b\x65\x2d\x6c\x69\x6e\x65\
\x63\x61\x70\x3d\x22\x72\x6f\x75\x6e\x64\x22\x20\x73\x74\x72\x6f\
\x6b\x65\x2d\x6c\x69\x6e\x65\x6a\x6f\x69\x6e\x3d\x22\x72\x6f\x75\
\x6e\x64\x22\x3e\x3c\x6c\x69\x6e\x65\x20\x78\x31\x3d\x22\x31\x39\
\x22\x20\x79\x31\x3d\x22\x31\x32\x22\x20\x78\x32\x3d\x22\x35\x22\
\x20\x79\x32\x3d\x22\x31\x32\x22\x2f\x3e\x3c\x70\x6f\x6c\x79\x6c\
\x69\x6e\x65\x20\x70\x6f\x69\x6e\x74\x73\x3d\x22\x31\x32\x20\x31\
\x39\x20\x35\x20\x31\x32\x20\x31\x32\x20\x35\x22\x2f\x3e\x3c\x2f\
\x73\x76\x67\x3e\
\x00\x00\x01\x30\
\x3c\
\x73\x76\x67\x20\x77\x69\x64\x74\x68\x3d\x22\x32\x34\x22\x20\x68\
\x65\x69\x67\x68\x74\x3d\x22\x32\x34\x22\x20\x76\x69\x65\x77\x42\
\x6f\x78\x3d\x22\x30\x20\x30\x20\x32\x34\x20\x32\x34\x22\x20\x78\
\x6d\x6c\x6e\x73\x3d\x22\x68\x74\x74\x70\x3a\x2f\x2f\x77\x77\x77\
\x2e\x77\x33\x2e\x6f\x72\x67\x2f\x32\x30\x30\x30\x2f\x73\x76\x67\
\x22\x20\x66\x69\x6c\x6c\x3d\x22\x6e\x6f\x6e\x65\x22\x20\x73\x74\
\x72\x6f\x6b\x65\x3d\x22\x63\x75\x72\x72\x65\x6e\x74\x43\x6f\x6c\
\x6f\x72\x22\x20\x73\x74\x72\x6f\x6b\x65\x2d\x77\x69\x64\x74\x68\
\x3d\x22\x32\x22\x20\x73\x74\x72\x6f\x6b\x65\x2d\x6c\x69\x6e\x65\
\x63\x61\x70\x3d\x22\x72\x6f\x75\x6e\x64\x22\x20\x73\x74\x72\x6f\
\x6b\x65\x2d\x6c\x69\x6e\x65\x6a\x6f\x69\x6e\x3d\x22\x72\x6f\x75\
\x6e\x64\x22\x3e\x3c\x70\x61\x74\x68\x20\x64\x3d\x22\x4d\x39\x20\
\x33\x48\x35\x61\x32\x20\x32\x20\x30\x20\x30\x20\x30\x2d\x32\x20\
\x32\x76\x34\x6d\x36\x2d\x36\x68\x31\x30\x61\x32\x20\x32\x20\x30\
\x20\x30\x20\x31\x20\x32\x20\x32\x76\x34\x4d\x39\x20\x33\x76\x31\
\x38\x6d\x30\x20\x30\x68\x31\x30\x61\x32\x20\x32\x20\x30\x20\x30\
\x20\x30\x20\x32\x2d\x32\x56\x39\x4d\x39\x20\x32\x31\x48\x35\x61\
\x32\x20\x32\x20\x30\x20\x30\x20\x31\x2d\x32\x2d\x32\x56\x39\x6d\
\x30\x20\x30\x68\x31\x38\x22\x2f\x3e\x3c\x2f\x73\x76\x67\x3e\
\x00\x00\x01\x25\
\x3c\
\x73\x76\x67\x20\x78\x6d\x6c\x6e\x73\x3d\x22\x68\x74\x74\x70\x3a\
\x2f\x2f\x77\x77\x77\x2e\x77\x33\x2e\x6f\x72\x67\x2f\x32\x30\x30\
\x30\x2f\x73\x76\x67\x22\x20\x77\x69\x64\x74\x68\x3d\x22\x32\x34\
\x22\x20\x68\x65\x69\x67\x68\x74\x3d\x22\x32\x34\x22\x20\x76\x69\
\x65\x77\x42\x6f\x78\x3d\x22\x30\x20\x30\x20\x32\x34\x20\x32\x34\
\x22\x20\x66\x69\x6c\x6c\x3d\x22\x6e\x6f\x6e\x65\x22\x20\x73\x74\
\x72\x6f\x6b\x65\x3d\x22\x63\x75\x72\x72\x65\x6e\x74\x43\x6f\x6c\
\x6f\x72\x22\x20\x73\x74\x72\x6f\x6b\x65\x2d\x77\x69\x64\x74\x68\
\x3d\x22\x32\x22\x20\x73\x74\x72\x6f\x6b\x65\x2d\x6c\x69\x6e\x65\
\x63\x61\x70\x3d\x22\x72\x6f\x75\x6e\x64\x22\x20\x73\x74\x72\x6f\
\x6b\x65\x2d\x6c\x69\x6e\x65\x6a\x6f\x69\x6e\x3d\x22\x72\x6f\x75\
\x6e\x64\x22\x3e\x3c\x63\x69\x72\x63\x6c\x65\x20\x63\x78\x3d\x22\
\x31\x32\x22\x20\x63\x79\x3d\x22\x31\x32\x22\x20\x72\x3d\x22\x31\
\x30\x22\x2f\x3e\x3c\x6c\x69\x6e\x65\x20\x78\x31\x3d\x22\x31\x35\
\x22\x20\x79\x31\x3d\x22\x39\x22\x20\x78\x32\x3d\x22\x39\x22\x20\
\x79\x32\x3d\x22\x31\x35\x22\x2f\x3e\x3c\x6c\x69\x6e\x65\x20\x78\
\x31\x3d\x22\x39\x22\x20\x79\x31\x3d\x22\x39\x22\x20\x78\x32\x3d\
\x22\x31\x35\x22\x20\x79\x32\x3d\x22\x31\x35\x22\x2f\x3e\x3c\x2f\
\x73\x76\x67\x3e\
\x00\x00\x00\xdf\
\x3c\
\x73\x76\x67\x20\x78\x6d\x6c\x6e\x73\x3d\x22\x68\x74\x74\x70\x3a\
\x2f\x2f\x77\x77\x77\x2e\x77\x33\x2e\x6f\x72\x67\x2f\x32\x30\x30\
\x30\x2f\x73\x76\x67\x22\x20\x77\x69\x64\x74\x68\x3d\x22\x32\x34\
\x22\x20\x68\x65\x69\x67\x68\x74\x3d\x22\x32\x34\x22\x20\x76\x69\
\x65\x77\x42\x6f\x78\x3d\x22\x30\x20\x30\x20\x32\x34\x20\x32\x34\
\x22\x20\x66\x69\x6c\x6c\x3d\x22\x6e\x6f\x6e\x65\x22\x20\x73\x74\
\x72\x6f\x6b\x65\x3d\x22\x63\x75\x72\x72\x65\x6e\x74\x43\x6f\x6c\
\x6f\x72\x22\x20\x73\x74\x72\x6f\x6b\x65\x2d\x77\x69\x64\x74\x68\
\x3d\x22\x32\x22\x20\x73\x74\x72\x6f\x6b\x65\x2d\x6c\x69\x6e\x65\
\x63\x61\x70\x3d\x22\x72\x6f\x75\x6e\x64\x22\x20\x73\x74\x72\x6f\
\x6b\x65\x2d\x6c\x69\x6e\x65\x6a\x6f\x69\x6e\x3d\x22\x72\x6f\x75\
\x6e\x64\x22\x3e\x3c\x70\x6f\x6c\x79\x6c\x69\x6e\x65\x20\x70\x6f\
\x69\x6e\x74\x73\x3d\x22\x31\x38\x20\x31\x35\x20\x31\x32\x20\x39\
\x20\x36\x20\x31\x35\x22\x2f\x3e\x3c\x2f\x73\x76\x67\x3e\
\x00\x00\x01\x0d\
\x3c\
\x73\x76\x67\x20\x78\x6d\x6c\x6e\x73\x3d\x22\x68\x74\x74\x70\x3a\
\x2f\x2f\x77\x77\x77\x2e\x77\x33\x2e\x6f\x72\x67\x2f\x32\x30\x30\
\x30\x2f\x73\x76\x67\x22\x20\x77\x69\x64\x74\x68\x3d\x22\x32\x34\
\x22\x20\x68\x65\x69\x67\x68\x74\x3d\x22\x32\x34\x22\x20\x76\x69\
\x65\x77\x42\x6f\x78\x3d\x22\x30\x20\x30\x20\x32\x34\x20\x32\x34\
\x22\x20\x66\x69\x6c\x6c\x3d\x22\x6e\x6f\x6e\x65\x22\x20\x73\x74\
\x72\x6f\x6b\x65\x3d\x22\x63\x75\x72\x72\x65\x6e\x74\x43\x6f\x6c\
\x6f\x72\x22\x20\x73\x74\x72\x6f\x6b\x65\x2d\x77\x69\x64\x74\x68\
\x3d\x22\x32\x22\x20\x73\x74\x72\x6f\x6b\x65\x2d\x6c\x69\x6e\x65\
\x63\x61\x70\x3d\x22\x72\x6f\x75\x6e\x64\x22\x20\x73\x74\x72\x6f\
\x6b\x65\x2d\x6c\x69\x6e\x65\x6a\x6f\x69\x6e\x3d\x22\x72\x6f\x75\
\x6e\x64\x22\x3e\x3c\x70\x61\x74\x68\x20\x64\x3d\x22\x4d\x36\x2e\
\x31\x33\x20\x31\x4c\x36\x20\x31\x36\x61\x32\x20\x32\x20\x30\x20\
\x30\x20\x30\x20\x32\x20\x32\x68\x31\x35\x22\x2f\x3e\x3c\x70\x61\
\x74\x68\x20\x64\x3d\x22\x4d\x31\x20\x36\x2e\x31\x33\x4c\x31\x36\
\x20\x36\x61\x32\x20\x32\x20\x30\x20\x30\x20\x31\x20\x32\x20\x32\
\x76\x31\x35\x22\x2f\x3e\x3c\x2f\x73\x76\x67\x3e\
\x00\x00\x01\x9c\
\x3c\
\x73\x76\x67\x20\x78\x6d\x6c\x6e\x73\x3d\x22\x68\x74\x74\x70\x3a\
\x2f\x2f\x77\x77\x77\x2e\x77\x33\x2e\x6f\x72\x67\x2f\x32\x30\x30\
\x30\x2f\x73\x76\x67\x22\x20\x77\x69\x64\x74\x68\x3d\x22\x32\x34\
\x22\x20\x68\x65\x69\x67\x68\x74\x3d\x22\x32\x34\x22\x20\x76\x69\
\x65\x77\x42\x6f\x78\x3d\x22\x30\x20\x30\x20\x32\x34\x20\x32\x34\
\x22\x20\x66\x69\x6c\x6c\x3d\x22\x6e\x6f\x6e\x65\x22\x20\x73\x74\
\x72\x6f\x6b\x65\x3d\x22\x63\x75\x72\x72\x65\x6e\x74\x43\x6f\x6c\
\x6f\x72\x22\x20\x73\x74\x72\x6f\x6b\x65\x2d\x77\x69\x64\x74\x68\
\x3d\x22\x32\x22\x20\x73\x74\x72\x6f\x6b\x65\x2d\x6c\x69\x6e\x65\
\x63\x61\x70\x3d\x22\x72\x6f\x75\x6e\x64\x22\x20\x73\x74\x72\x6f\
\x6b\x65\x2d\x6c\x69\x6e\x65\x6a\x6f\x69\x6e\x3d\x22\x72\x6f\x75\
\x6e\x64\x22\x3e\x3c\x70\x61\x74\x68\x20\x64\x3d\x22\x4d\x32\x31\
\x20\x31\x36\x56\x38\x61\x32\x20\x32\x20\x30\x20\x30\x20\x30\x2d\
\x31\x2d\x31\x2e\x37\x33\x6c\x2d\x37\x2d\x34\x61\x32\x20\x32\x20\
\x30\x20\x30\x20\x30\x2d\x32\x20\x30\x6c\x2d\x37\x20\x34\x41\x32\
\x20\x32\x20\x30\x20\x30\x20\x30\x20\x33\x20\x38\x76\x38\x61\x32\
\x20\x32\x20\x30\x20\x30\x20\x30\x20\x31\x20\x31\x2e\x37\x33\x6c\
\x37\x20\x34\x61\x32\x20\x32\x20\x30\x20\x30\x20\x30\x20\x32\x20\
\x30\x6c\x37\x2d\x34\x41\x32\x20\x32\x20\x30\x20\x30\x20\x30\x20\
\x32\x31\x20\x31\x36\x7a\x22\x2f\x3e\x3c\x70\x6f\x6c\x79\x6c\x69\
\x6e\x65\x20\x70\x6f\x69\x6e\x74\x73\x3d\x22\x33\x2e\x32\x37\x20\
\x36\x2e\x39\x36\x20\x31\x32\x20\x31\x32\x2e\x30\x31\x20\x32\x30\
\x2e\x37\x33\x20\x36\x2e\x39\x36\x22\x2f\x3e\x3c\x6c\x69\x6e\x65\
\x20\x78\x31\x3d\x22\x31\x32\x22\x20\x79\x31\x3d\x22\x32\x32\x2e\
\x30\x38\x22\x20\x78\x32\x3d\x22\x31\x32\x22\x20\x79\x32\x3d\x22\
\x31\x32\x22\x2f\x3e\x3c\x2f\x73\x76\x67\x3e\
\x00\x00\x01\x67\
\x3c\
\x73\x76\x67\x20\x78\x6d\x6c\x6e\x73\x3d\x22\x68\x74\x74\x70\x3a\
\x2f\x2f\x77\x77\x77\x2e\x77\x33\x2e\x6f\x72\x67\x2f\x32\x30\x30\
\x30\x2f\x73\x76\x67\x22\x20\x77\x69\x64\x74\x68\x3d\x22\x32\x34\
\x22\x20\x68\x65\x69\x67\x68\x74\x3d\x22\x32\x34\x22\x20\x76\x69\
\x65\x77\x42\x6f\x78\x3d\x22\x30\x20\x30\x20\x32\x34\x20\x32\x34\
\x22\x20\x66\x69\x6c\x6c\x3d\x22\x6e\x6f\x6e\x65\x22\x20\x73\x74\
\x72\x6f\x6b\x65\x3d\x22\x63\x75\x72\x72\x65\x6e\x74\x43\x6f\x6c\
\x6f\x72\x22\x20\x73\x74\x72\x6f\x6b\x65\x2d\x77\x69\x64\x74\x68\
\x3d\x22\x32\x22\x20\x73\x74\x72\x6f\x6b\x65\x2d\x6c\x69\x6e\x65\
\x63\x61\x70\x3d\x22\x72\x6f\x75\x6e\x64\x22\x20\x73\x74\x72\x6f\
\x6b\x65\x2d\x6c\x69\x6e\x65\x6a\x6f\x69\x6e\x3d\x22\x72\x6f\x75\
\x6e\x64\x22\x3e\x3c\x70\x6f\x6c\x79\x6c\x69\x6e\x65\x20\x70\x6f\
\x69\x6e\x74\x73\x3d\x22\x32\x32\x20\x31\x32\x20\x31\x36\x20\x31\
\x32\x20\x31\x34\x20\x31\x35\x20\x31\x30\x20\x31\x35\x20\x38\x20\
\x31\x32\x20\x32\x20\x31\x32\x22\x2f\x3e\x3c\x70\x61\x74\x68\x20\
\x64\x3d\x22\x4d\x35\x2e\x34\x35\x20\x35\x2e\x31\x31\x4c\x32\x20\
\x31\x32\x76\x36\x61\x32\x20\x32\x20\x30\x20\x30\x20\x30\x20\x32\
\x20\x32\x68\x31\x36\x61\x32\x20\x32\x20\x30\x20\x30\x20\x30\x20\
\x32\x2d\x32\x76\x2d\x36\x6c\x2d\x33\x2e\x34\x35\x2d\x36\x2e\x38\
\x39\x41\x32\x20\x32\x20\x30\x20\x30\x20\x30\x20\x31\x36\x2e\x37\
\x36\x20\x34\x48\x37\x2e\x32\x34\x61\x32\x20\x32\x20\x30\x20\x30\
\x20\x30\x2d\x31\x2e\x37\x39\x20\x31\x2e\x31\x31\x7a\x22\x2f\x3e\
\x3c\x2f\x73\x76\x67\x3e\
\x00\x00\x01\x25\
\x3c\
\x73\x76\x67\x20\x78\x6d\x6c\x6e\x73\x3d\x22\x68\x74\x74\x70\x3a\
\x2f\x2f\x77\x77\x77\x2e\x77\x33\x2e\x6f\x72\x67\x2f\x32\x30\x30\
\x30\x2f\x73\x76\x67\x22\x20\x77\x69\x64\x74\x68\x3d\x22\x32\x34\
\x22\x20\x68\x65\x69\x67\x68\x74\x3d\x22\x32\x34\x22\x20\x76\x69\
\x65\x77\x42\x6f\x78\x3d\x22\x30\x20\x30\x20\x32\x34\x20\x32\x34\
\x22\x20\x66\x69\x6c\x6c\x3d\x22\x6e\x6f\x6e\x65\x22\x20\x73\x74\
\x72\x6f\x6b\x65\x3d\x22\x63\x75\x72\x72\x65\x6e\x74\x43\x6f\x6c\
\x6f\x72\x22\x20\x73\x74\x72\x6f\x6b\x65\x2d\x77\x69\x64\x74\x68\
\x3d\x22\x32\x22\x20\x73\x74\x72\x6f\x6b\x65\x2d\x6c\x69\x6e\x65\
\x63\x61\x70\x3d\x22\x72\x6f\x75\x6e\x64\x22\x20\x73\x74\x72\x6f\
\x6b\x65\x2d\x6c\x69\x6e\x65\x6a\x6f\x69\x6e\x3d\x22\x72\x6f\x75\
\x6e\x64\x22\x3e\x3c\x63\x69\x72\x63\x6c\x65\x20\x63\x78\x3d\x22\
\x31\x32\x22\x20\x63\x79\x3d\x22\x31\x32\x22\x20\x72\x3d\x22\x31\
\x30\x22\x2f\x3e\x3c\x70\x6f\x6c\x79\x6c\x69\x6e\x65\x20\x70\x6f\
\x69\x6e\x74\x73\x3d\x22\x31\x32\x20\x38\x20\x38\x20\x31\x32\x20\
\x31\x32\x20\x31\x36\x22\x2f\x3e\x3c\x6c\x69\x6e\x65\x20\x78\x31\
\x3d\x22\x31\x36\x22\x20\x79\x31\x3d\x22\x31\x32\x22\x20\x78\x32\
\x3d\x22\x38\x22\x20\x79\x32\x3d\x22\x31\x32\x22\x2f\x3e\x3c\x2f\
\x73\x76\x67\x3e\
\x00\x00\x01\x2d\
\x3c\
\x73\x76\x67\x20\x78\x6d\x6c\x6e\x73\x3d\x22\x68\x74\x74\x70\x3a\
\x2f\x2f\x77\x77\x77\x2e\x77\x33\x2e\x6f\x72\x67\x2f\x32\x30\x30\
\x30\x2f\x73\x76\x67\x22\x20\x77\x69\x64\x74\x68\x3d\x22\x32\x34\
\x22\x20\x68\x65\x69\x67\x68\x74\x3d\x22\x32\x34\x22\x20\x76\x69\
\x65\x77\x42\x6f\x78\x3d\x22\x30\x20\x30\x20\x32\x34\x20\x32\x34\
\x22\x20\x66\x69\x6c\x6c\x3d\x22\x6e\x6f\x6e\x65\x22\x20\x73\x74\
\x72\x6f\x6b\x65\x3d\x22\x63\x75\x72\x72\x65\x6e\x74\x43\x6f\x6c\
\x6f\x72\x22\x20\x73\x74\x72\x6f\x6b\x65\x2d\x77\x69\x64\x74\x68\
\x3d\x22\x32\x22\x20\x73\x74\x72\x6f\x6b\x65\x2d\x6c\x69\x6e\x65\
\x63\x61\x70\x3d\x22\x72\x6f\x75\x6e\x64\x22\x20\x73\x74\x72\x6f\
\x6b\x65\x2d\x6c\x69\x6e\x65\x6a\x6f\x69\x6e\x3d\x22\x72\x6f\x75\
\x6e\x64\x22\x3e\x3c\x6c\x69\x6e\x65\x20\x78\x31\x3d\x22\x31\x32\
\x22\x20\x79\x31\x3d\x22\x32\x30\x22\x20\x78\x32\x3d\x22\x31\x32\
\x22\x20\x79\x32\x3d\x22\x31\x30\x22\x2f\x3e\x3c\x6c\x69\x6e\x65\
\x20\x78\x31\x3d\x22\x31\x38\x22\x20\x79\x31\x3d\x22\x32\x30\x22\
\x20\x78\x32\x3d\x22\x31\x38\x22\x20\x79\x32\x3d\x22\x34\x22\x2f\
\x3e\x3c\x6c\x69\x6e\x65\x20\x78\x31\x3d\x22\x36\x22\x20\x79\x31\
\x3d\x22\x32\x30\x22\x20\x78\x32\x3d\x22\x36\x22\x20\x79\x32\x3d\
\x22\x31\x36\x22\x2f\x3e\x3c\x2f\x73\x76\x67\x3e\
\x00\x00\x01\x79\
\x3c\
\x73\x76\x67\x20\x78\x6d\x6c\x6e\x73\x3d\x22\x68\x74\x74\x70\x3a\
\x2f\x2f\x77\x77\x77\x2e\x77\x33\x2e\x6f\x72\x67\x2f\x32\x30\x30\
\x30\x2f\x73\x76\x67\x22\x20\x77\x69\x64\x74\x68\x3d\x22\x32\x34\
\x22\x20\x68\x65\x69\x67\x68\x74\x3d\x22\x32\x34\x22\x20\x76\x69\
\x65\x77\x42\x6f\x78\x3d\x22\x30\x20\x30\x20\x32\x34\x20\x32\x34\
\x22\x20\x66\x69\x6c\x6c\x3d\x22\x6e\x6f\x6e\x65\x22\x20\x73\x74\
\x72\x6f\x6b\x65\x3d\x22\x63\x75\x72\x72\x65\x6e\x74\x43\x6f\x6c\
\x6f\x72\x22\x20\x73\x74\x72\x6f\x6b\x65\x2d\x77\x69\x64\x74\x68\
\x3d\x22\x32\x22\x20\x73\x74\x72\x6f\x6b\x65\x2d\x6c\x69\x6e\x65\
\x63\x61\x70\x3d\x22\x72\x6f\x75\x6e\x64\x22\x20\x73\x74\x72\x6f\
\x6b\x65\x2d\x6c\x69\x6e\x65\x6a\x6f\x69\x6e\x3d\x22\x72\x6f\x75\
\x6e\x64\x22\x3e\x3c\x63\x69\x72\x63\x6c\x65\x20\x63\x78\x3d\x22\
\x36\x22\x20\x63\x79\x3d\x22\x36\x22\x20\x72\x3d\x22\x33\x22\x2f\
\x3e\x3c\x63\x69\x72\x63\x6c\x65\x20\x63\x78\x3d\x22\x36\x22\x20\
\x63\x79\x3d\x22\x31\x38\x22\x20\x72\x3d\x22\x33\x22\x2f\x3e\x3c\
\x6c\x69\x6e\x65\x20\x78\x31\x3d\x22\x32\x30\x22\x20\x79\x31\x3d\
\x22\x34\x22\x20\x78\x32\x3d\x22\x38\x2e\x31\x32\x22\x20\x79\x32\
\x3d\x22\x31\x35\x2e\x38\x38\x22\x2f\x3e\x3c\x6c\x69\x6e\x65\x20\
\x78\x31\x3d\x22\x31\x34\x2e\x34\x37\x22\x20\x79\x31\x3d\x22\x31\
\x34\x2e\x34\x38\x22\x20\x78\x32\x3d\x22\x32\x30\x22\x20\x79\x32\
\x3d\x22\x32\x30\x22\x2f\x3e\x3c\x6c\x69\x6e\x65\x20\x78\x31\x3d\
\x22\x38\x2e\x31\x32\x22\x20\x79\x31\x3d\x22\x38\x2e\x31\x32\x22\
\x20\x78\x32\x3d\x22\x31\x32\x22\x20\x79\x32\x3d\x22\x31\x32\x22\
\x2f\x3e\x3c\x2f\x73\x76\x67\x3e\
\x00\x00\x01\x1a\
\x3c\
\x73\x76\x67\x20\x78\x6d\x6c\x6e\x73\x3d\x22\x68\x74\x74\x70\x3a\
\x2f\x2f\x77\x77\x77\x2e\x77\x33\x2e\x6f\x72\x67\x2f\x32\x30\x30\
\x30\x2f\x73\x76\x67\x22\x20\x77\x69\x64\x74\x68\x3d\x22\x32\x34\
\x22\x20\x68\x65\x69\x67\x68\x74\x3d\x22\x32\x34\x22\x20\x76\x69\
\x65\x77\x42\x6f\x78\x3d\x22\x30\x20\x30\x20\x32\x34\x20\x32\x34\
\x22\x20\x66\x69\x6c\x6c\x3d\x22\x6e\x6f\x6e\x65\x22\x20\x73\x74\
\x72\x6f\x6b\x65\x3d\x22\x63\x75\x72\x72\x65\x6e\x74\x43\x6f\x6c\
\x6f\x72\x22\x20\x73\x74\x72\x6f\x6b\x65\x2d\x77\x69\x64\x74\x68\
\x3d\x22\x32\x22\x20\x73\x74\x72\x6f\x6b\x65\x2d\x6c\x69\x6e\x65\
\x63\x61\x70\x3d\x22\x72\x6f\x75\x6e\x64\x22\x20\x73\x74\x72\x6f\
\x6b\x65\x2d\x6c\x69\x6e\x65\x6a\x6f\x69\x6e\x3d\x22\x72\x6f\x75\
\x6e\x64\x22\x3e\x3c\x70\x61\x74\x68\x20\x64\x3d\x22\x4d\x34\x20\
\x31\x31\x61\x39\x20\x39\x20\x30\x20\x30\x20\x31\x20\x39\x20\x39\
\x22\x2f\x3e\x3c\x70\x61\x74\x68\x20\x64\x3d\x22\x4d\x34\x20\x34\
\x61\x31\x36\x20\x31\x36\x20\x30\x20\x30\x20\x31\x20\x31\x36\x20\
\x31\x36\x22\x2f\x3e\x3c\x63\x69\x72\x63\x6c\x65\x20\x63\x78\x3d\
\x22\x35\x22\x20\x63\x79\x3d\x22\x31\x39\x22\x20\x72\x3d\x22\x31\
\x22\x2f\x3e\x3c\x2f\x73\x76\x67\x3e\
\x00\x00\x01\x1e\
\x3c\
\x73\x76\x67\x20\x78\x6d\x6c\x6e\x73\x3d\x22\x68\x74\x74\x70\x3a\
\x2f\x2f\x77\x77\x77\x2e\x77\x33\x2e\x6f\x72\x67\x2f\x32\x30\x30\
\x30\x2f\x73\x76\x67\x22\x20\x77\x69\x64\x74\x68\x3d\x22\x32\x34\
\x22\x20\x68\x65\x69\x67\x68\x74\x3d\x22\x32\x34\x22\x20\x76\x69\
\x65\x77\x42\x6f\x78\x3d\x22\x30\x20\x30\x20\x32\x34\x20\x32\x34\
\x22\x20\x66\x69\x6c\x6c\x3d\x22\x6e\x6f\x6e\x65\x22\x20\x73\x74\
\x72\x6f\x6b\x65\x3d\x22\x63\x75\x72\x72\x65\x6e\x74\x43\x6f\x6c\
\x6f\x72\x22\x20\x73\x74\x72\x6f\x6b\x65\x2d\x77\x69\x64\x74\x68\
\x3d\x22\x32\x22\x20\x73\x74\x72\x6f\x6b\x65\x2d\x6c\x69\x6e\x65\
\x63\x61\x70\x3d\x22\x72\x6f\x75\x6e\x64\x22\x20\x73\x74\x72\x6f\
\x6b\x65\x2d\x6c\x69\x6e\x65\x6a\x6f\x69\x6e\x3d\x22\x72\x6f\x75\
\x6e\x64\x22\x3e\x3c\x6c\x69\x6e\x65\x20\x78\x31\x3d\x22\x31\x32\
\x22\x20\x79\x31\x3d\x22\x31\x22\x20\x78\x32\x3d\x22\x31\x32\x22\
\x20\x79\x32\x3d\x22\x32\x33\x22\x2f\x3e\x3c\x70\x61\x74\x68\x20\
\x64\x3d\x22\x4d\x31\x37\x20\x35\x48\x39\x2e\x35\x61\x33\x2e\x35\
\x20\x33\x2e\x35\x20\x30\x20\x30\x20\x30\x20\x30\x20\x37\x68\x35\
\x61\x33\x2e\x35\x20\x33\x2e\x35\x20\x30\x20\x30\x20\x31\x20\x30\
\x20\x37\x48\x36\x22\x2f\x3e\x3c\x2f\x73\x76\x67\x3e\
\x00\x00\x01\x71\
\x3c\
\x73\x76\x67\x20\x78\x6d\x6c\x6e\x73\x3d\x22\x68\x74\x74\x70\x3a\
\x2f\x2f\x77\x77\x77\x2e\x77\x33\x2e\x6f\x72\x67\x2f\x32\x30\x30\
\x30\x2f\x73\x76\x67\x22\x20\x77\x69\x64\x74\x68\x3d\x22\x32\x34\
\x22\x20\x68\x65\x69\x67\x68\x74\x3d\x22\x32\x34\x22\x20\x76\x69\
\x65\x77\x42\x6f\x78\x3d\x22\x30\x20\x30\x20\x32\x34\x20\x32\x34\
\x22\x20\x66\x69\x6c\x6c\x3d\x22\x6e\x6f\x6e\x65\x22\x20\x73\x74\
\x72\x6f\x6b\x65\x3d\x22\x63\x75\x72\x72\x65\x6e\x74\x43\x6f\x6c\
\x6f\x72\x22\x20\x73\x74\x72\x6f\x6b\x65\x2d\x77\x69\x64\x74\x68\
\x3d\x22\x32\x22\x20\x73\x74\x72\x6f\x6b\x65\x2d\x6c\x69\x6e\x65\
\x63\x61\x70\x3d\x22\x72\x6f\x75\x6e\x64\x22\x20\x73\x74\x72\x6f\
\x6b\x65\x2d\x6c\x69\x6e\x65\x6a\x6f\x69\x6e\x3d\x22\x72\x6f\x75\
\x6e\x64\x22\x3e\x3c\x70\x61\x74\x68\x20\x64\x3d\x22\x4d\x31\x34\
\x20\x32\x48\x36\x61\x32\x20\x32\x20\x30\x20\x30\x20\x30\x2d\x32\
\x20\x32\x76\x31\x36\x61\x32\x20\x32\x20\x30\x20\x30\x20\x30\x20\
\x32\x20\x32\x68\x31\x32\x61\x32\x20\x32\x20\x30\x20\x30\x20\x30\
\x20\x32\x2d\x32\x56\x38\x7a\x22\x2f\x3e\x3c\x70\x6f\x6c\x79\x6c\
\x69\x6e\x65\x20\x70\x6f\x69\x6e\x74\x73\x3d\x22\x31\x34\x20\x32\
\x20\x31\x34\x20\x38\x20\x32\x30\x20\x38\x22\x2f\x3e\x3c\x6c\x69\
\x6e\x65\x20\x78\x31\x3d\x22\x31\x32\x22\x20\x79\x31\x3d\x22\x31\
\x38\x22\x20\x78\x32\x3d\x22\x31\x32\x22\x20\x79\x32\x3d\x22\x31\
\x32\x22\x2f\x3e\x3c\x6c\x69\x6e\x65\x20\x78\x31\x3d\x22\x39\x22\
\x20\x79\x31\x3d\x22\x31\x35\x22\x20\x78\x32\x3d\x22\x31\x35\x22\
\x20\x79\x32\x3d\x22\x31\x35\x22\x2f\x3e\x3c\x2f\x73\x76\x67\x3e\
\
\x00\x00\x01\x0e\
\x3c\
\x73\x76\x67\x20\x78\x6d\x6c\x6e\x73\x3d\x22\x68\x74\x74\x70\x3a\
\x2f\x2f\x77\x77\x77\x2e\x77\x33\x2e\x6f\x72\x67\x2f\x32\x30\x30\
\x30\x2f\x73\x76\x67\x22\x20\x77\x69\x64\x74\x68\x3d\x22\x32\x34\
\x22\x20\x68\x65\x69\x67\x68\x74\x3d\x22\x32\x34\x22\x20\x76\x69\
\x65\x77\x42\x6f\x78\x3d\x22\x30\x20\x30\x20\x32\x34\x20\x32\x34\
\x22\x20\x66\x69\x6c\x6c\x3d\x22\x6e\x6f\x6e\x65\x22\x20\x73\x74\
\x72\x6f\x6b\x65\x3d\x22\x63\x75\x72\x72\x65\x6e\x74\x43\x6f\x6c\
\x6f\x72\x22\x20\x73\x74\x72\x6f\x6b\x65\x2d\x77\x69\x64\x74\x68\
\x3d\x22\x32\x22\x20\x73\x74\x72\x6f\x6b\x65\x2d\x6c\x69\x6e\x65\
\x63\x61\x70\x3d\x22\x72\x6f\x75\x6e\x64\x22\x20\x73\x74\x72\x6f\
\x6b\x65\x2d\x6c\x69\x6e\x65\x6a\x6f\x69\x6e\x3d\x22\x72\x6f\x75\
\x6e\x64\x22\x3e\x3c\x70\x61\x74\x68\x20\x64\x3d\x22\x4d\x32\x30\
\x20\x32\x31\x76\x2d\x32\x61\x34\x20\x34\x20\x30\x20\x30\x20\x30\
\x2d\x34\x2d\x34\x48\x38\x61\x34\x20\x34\x20\x30\x20\x30\x20\x30\
\x2d\x34\x20\x34\x76\x32\x22\x2f\x3e\x3c\x63\x69\x72\x63\x6c\x65\
\x20\x63\x78\x3d\x22\x31\x32\x22\x20\x63\x79\x3d\x22\x37\x22\x20\
\x72\x3d\x22\x34\x22\x2f\x3e\x3c\x2f\x73\x76\x67\x3e\
\x00\x00\x01\xf9\
\x3c\
\x73\x76\x67\x20\x78\x6d\x6c\x6e\x73\x3d\x22\x68\x74\x74\x70\x3a\
\x2f\x2f\x77\x77\x77\x2e\x77\x33\x2e\x6f\x72\x67\x2f\x32\x30\x30\
\x30\x2f\x73\x76\x67\x22\x20\x77\x69\x64\x74\x68\x3d\x22\x32\x34\
\x22\x20\x68\x65\x69\x67\x68\x74\x3d\x22\x32\x34\x22\x20\x76\x69\
\x65\x77\x42\x6f\x78\x3d\x22\x30\x20\x30\x20\x32\x34\x20\x32\x34\
\x22\x20\x66\x69\x6c\x6c\x3d\x22\x6e\x6f\x6e\x65\x22\x20\x73\x74\
\x72\x6f\x6b\x65\x3d\x22\x63\x75\x72\x72\x65\x6e\x74\x43\x6f\x6c\
\x6f\x72\x22\x20\x73\x74\x72\x6f\x6b\x65\x2d\x77\x69\x64\x74\x68\
\x3d\x22\x32\x22\x20\x73\x74\x72\x6f\x6b\x65\x2d\x6c\x69\x6e\x65\
\x63\x61\x70\x3d\x22\x72\x6f\x75\x6e\x64\x22\x20\x73\x74\x72\x6f\
\x6b\x65\x2d\x6c\x69\x6e\x65\x6a\x6f\x69\x6e\x3d\x22\x72\x6f\x75\
\x6e\x64\x22\x3e\x3c\x70\x61\x74\x68\x20\x64\x3d\x22\x4d\x31\x37\
\x20\x31\x38\x61\x35\x20\x35\x20\x30\x20\x30\x20\x30\x2d\x31\x30\
\x20\x30\x22\x2f\x3e\x3c\x6c\x69\x6e\x65\x20\x78\x31\x3d\x22\x31\
\x32\x22\x20\x79\x31\x3d\x22\x39\x22\x20\x78\x32\x3d\x22\x31\x32\
\x22\x20\x79\x32\x3d\x22\x32\x22\x2f\x3e\x3c\x6c\x69\x6e\x65\x20\
\x78\x31\x3d\x22\x34\x2e\x32\x32\x22\x20\x79\x31\x3d\x22\x31\x30\
\x2e\x32\x32\x22\x20\x78\x32\x3d\x22\x35\x2e\x36\x34\x22\x20\x79\
\x32\x3d\x22\x31\x31\x2e\x36\x34\x22\x2f\x3e\x3c\x6c\x69\x6e\x65\
\x20\x78\x31\x3d\x22\x31\x22\x20\x79\x31\x3d\x22\x31\x38\x22\x20\
\x78\x32\x3d\x22\x33\x22\x20\x79\x32\x3d\x22\x31\x38\x22\x2f\x3e\
\x3c\x6c\x69\x6e\x65\x20\x78\x31\x3d\x22\x32\x31\x22\x20\x79\x31\
\x3d\x22\x31\x38\x22\x20\x78\x32\x3d\x22\x32\x33\x22\x20\x79\x32\
\x3d\x22\x31\x38\x22\x2f\x3e\x3c\x6c\x69\x6e\x65\x20\x78\x31\x3d\
\x22\x31\x38\x2e\x33\x36\x22\x20\x79\x31\x3d\x22\x31\x31\x2e\x36\
\x34\x22\x20\x78\x32\x3d\x22\x31\x39\x2e\x37\x38\x22\x20\x79\x32\
\x3d\x22\x31\x30\x2e\x32\x32\x22\x2f\x3e\x3c\x6c\x69\x6e\x65\x20\
\x78\x31\x3d\x22\x32\x33\x22\x20\x79\x31\x3d\x22\x32\x32\x22\x20\
\x78\x32\x3d\x22\x31\x22\x20\x79\x32\x3d\x22\x32\x32\x22\x2f\x3e\
\x3c\x70\x6f\x6c\x79\x6c\x69\x6e\x65\x20\x70\x6f\x69\x6e\x74\x73\
\x3d\x22\x31\x36\x20\x35\x20\x31\x32\x20\x39\x20\x38\x20\x35\x22\
\x2f\x3e\x3c\x2f\x73\x76\x67\x3e\
\x00\x00\x01\x05\
\x3c\
\x73\x76\x67\x20\x78\x6d\x6c\x6e\x73\x3d\x22\x68\x74\x74\x70\x3a\
\x2f\x2f\x77\x77\x77\x2e\x77\x33\x2e\x6f\x72\x67\x2f\x32\x30\x30\
\x30\x2f\x73\x76\x67\x22\x20\x77\x69\x64\x74\x68\x3d\x22\x32\x34\
\x22\x20\x68\x65\x69\x67\x68\x74\x3d\x22\x32\x34\x22\x20\x76\x69\
\x65\x77\x42\x6f\x78\x3d\x22\x30\x20\x30\x20\x32\x34\x20\x32\x34\
\x22\x20\x66\x69\x6c\x6c\x3d\x22\x6e\x6f\x6e\x65\x22\x20\x73\x74\
\x72\x6f\x6b\x65\x3d\x22\x63\x75\x72\x72\x65\x6e\x74\x43\x6f\x6c\
\x6f\x72\x22\x20\x73\x74\x72\x6f\x6b\x65\x2d\x77\x69\x64\x74\x68\
\x3d\x22\x32\x22\x20\x73\x74\x72\x6f\x6b\x65\x2d\x6c\x69\x6e\x65\
\x63\x61\x70\x3d\x22\x72\x6f\x75\x6e\x64\x22\x20\x73\x74\x72\x6f\
\x6b\x65\x2d\x6c\x69\x6e\x65\x6a\x6f\x69\x6e\x3d\x22\x72\x6f\x75\
\x6e\x64\x22\x3e\x3c\x6c\x69\x6e\x65\x20\x78\x31\x3d\x22\x31\x32\
\x22\x20\x79\x31\x3d\x22\x31\x39\x22\x20\x78\x32\x3d\x22\x31\x32\
\x22\x20\x79\x32\x3d\x22\x35\x22\x2f\x3e\x3c\x70\x6f\x6c\x79\x6c\
\x69\x6e\x65\x20\x70\x6f\x69\x6e\x74\x73\x3d\x22\x35\x20\x31\x32\
\x20\x31\x32\x20\x35\x20\x31\x39\x20\x31\x32\x22\x2f\x3e\x3c\x2f\
\x73\x76\x67\x3e\
\x00\x00\x00\xcd\
\x89\
\x50\x4e\x47\x0d\x0a\x1a\x0a\x00\x00\x00\x0d\x49\x48\x44\x52\x00\
\x00\x00\x10\x00\x00\x00\x10\x08\x04\x00\x00\x00\xb5\xfa\x37\xea\
\x00\x00\x00\x09\x70\x48\x59\x73\x00\x00\x09\xd7\x00\x00\x09\xd7\
\x01\xb1\x6e\x17\xb7\x00\x00\x00\x19\x74\x45\x58\x74\x53\x6f\x66\
\x74\x77\x61\x72\x65\x00\x77\x77\x77\x2e\x69\x6e\x6b\x73\x63\x61\
\x70\x65\x2e\x6f\x72\x67\x9b\xee\x3c\x1a\x00\x00\x00\x5a\x49\x44\
\x41\x54\x28\xcf\x63\xf8\xcf\x80\x1f\x32\xd0\x59\x81\x94\x08\xef\
\x2b\xde\x57\x52\x22\x38\x14\x48\x89\xf0\xbd\xe3\xfd\x0f\x84\xef\
\xc5\xc5\xb0\x28\x00\x4a\xbf\x05\x4b\x83\xe0\x07\x31\x71\x34\x05\
\x28\xd2\x28\x4a\xb0\x4b\x23\x29\xc1\x25\x0d\x57\x02\x54\xc0\x7b\
\x12\xab\x34\x08\x9e\x04\x2b\xe0\x34\xe7\xc9\xe4\x09\xc5\x02\xb3\
\x38\xcd\xe9\x1f\xd4\xd8\x20\x00\x54\x4c\xee\x15\x99\x52\xa0\xd1\
\x00\x00\x00\x00\x49\x45\x4e\x44\xae\x42\x60\x82\
\x00\x00\x01\x4d\
\x3c\
\x73\x76\x67\x20\x78\x6d\x6c\x6e\x73\x3d\x22\x68\x74\x74\x70\x3a\
\x2f\x2f\x77\x77\x77\x2e\x77\x33\x2e\x6f\x72\x67\x2f\x32\x30\x30\
\x30\x2f\x73\x76\x67\x22\x20\x77\x69\x64\x74\x68\x3d\x22\x32\x34\
\x22\x20\x68\x65\x69\x67\x68\x74\x3d\x22\x32\x34\x22\x20\x76\x69\
\x65\x77\x42\x6f\x78\x3d\x22\x30\x20\x30\x20\x32\x34\x20\x32\x34\
\x22\x20\x66\x69\x6c\x6c\x3d\x22\x6e\x6f\x6e\x65\x22\x20\x73\x74\
\x72\x6f\x6b\x65\x3d\x22\x63\x75\x72\x72\x65\x6e\x74\x43\x6f\x6c\
\x6f\x72\x22\x20\x73\x74\x72\x6f\x6b\x65\x2d\x77\x69\x64\x74\x68\
\x3d\x22\x32\x22\x20\x73\x74\x72\x6f\x6b\x65\x2d\x6c\x69\x6e\x65\
\x63\x61\x70\x3d\x22\x72\x6f\x75\x6e\x64\x22\x20\x73\x74\x72\x6f\
\x6b\x65\x2d\x6c\x69\x6e\x65\x6a\x6f\x69\x6e\x3d\x22\x72\x6f\x75\
\x6e\x64\x22\x3e\x3c\x70\x6f\x6c\x79\x6c\x69\x6e\x65\x20\x70\x6f\
\x69\x6e\x74\x73\x3d\x22\x31\x35\x20\x33\x20\x32\x31\x20\x33\x20\
\x32\x31\x20\x39\x22\x2f\x3e\x3c\x70\x6f\x6c\x79\x6c\x69\x6e\x65\
\x20\x70\x6f\x69\x6e\x74\x73\x3d\x22\x39\x20\x32\x31\x20\x33\x20\
\x32\x31\x20\x33\x20\x31\x35\x22\x2f\x3e\x3c\x6c\x69\x6e\x65\x20\
\x78\x31\x3d\x22\x32\x31\x22\x20\x79\x31\x3d\x22\x33\x22\x20\x78\
\x32\x3d\x22\x31\x34\x22\x20\x79\x32\x3d\x22\x31\x30\x22\x2f\x3e\
\x3c\x6c\x69\x6e\x65\x20\x78\x31\x3d\x22\x33\x22\x20\x79\x31\x3d\
\x22\x32\x31\x22\x20\x78\x32\x3d\x22\x31\x30\x22\x20\x79\x32\x3d\
\x22\x31\x34\x22\x2f\x3e\x3c\x2f\x73\x76\x67\x3e\
\x00\x00\x01\x13\
\x3c\
\x73\x76\x67\x20\x77\x69\x64\x74\x68\x3d\x22\x32\x34\x22\x20\x68\
\x65\x69\x67\x68\x74\x3d\x22\x32\x34\x22\x20\x76\x69\x65\x77\x42\
\x6f\x78\x3d\x22\x30\x20\x30\x20\x32\x34\x20\x32\x34\x22\x20\x78\
\x6d\x6c\x6e\x73\x3d\x22\x68\x74\x74\x70\x3a\x2f\x2f\x77\x77\x77\
\x2e\x77\x33\x2e\x6f\x72\x67\x2f\x32\x30\x30\x30\x2f\x73\x76\x67\
\x22\x20\x66\x69\x6c\x6c\x3d\x22\x6e\x6f\x6e\x65\x22\x20\x73\x74\
\x72\x6f\x6b\x65\x3d\x22\x63\x75\x72\x72\x65\x6e\x74\x43\x6f\x6c\
\x6f\x72\x22\x20\x73\x74\x72\x6f\x6b\x65\x2d\x77\x69\x64\x74\x68\
\x3d\x22\x32\x22\x20\x73\x74\x72\x6f\x6b\x65\x2d\x6c\x69\x6e\x65\
\x63\x61\x70\x3d\x22\x72\x6f\x75\x6e\x64\x22\x20\x73\x74\x72\x6f\
\x6b\x65\x2d\x6c\x69\x6e\x65\x6a\x6f\x69\x6e\x3d\x22\x72\x6f\x75\
\x6e\x64\x22\x3e\x3c\x70\x61\x74\x68\x20\x64\x3d\x22\x4d\x39\x20\
\x31\x38\x56\x35\x6c\x31\x32\x2d\x32\x76\x31\x33\x22\x2f\x3e\x3c\
\x63\x69\x72\x63\x6c\x65\x20\x63\x78\x3d\x22\x36\x22\x20\x63\x79\
\x3d\x22\x31\x38\x22\x20\x72\x3d\x22\x33\x22\x2f\x3e\x3c\x63\x69\
\x72\x63\x6c\x65\x20\x63\x78\x3d\x22\x31\x38\x22\x20\x63\x79\x3d\
\x22\x31\x36\x22\x20\x72\x3d\x22\x33\x22\x2f\x3e\x3c\x2f\x73\x76\
\x67\x3e\
\x00\x00\x01\x04\
\x3c\
\x73\x76\x67\x20\x78\x6d\x6c\x6e\x73\x3d\x22\x68\x74\x74\x70\x3a\
\x2f\x2f\x77\x77\x77\x2e\x77\x33\x2e\x6f\x72\x67\x2f\x32\x30\x30\
\x30\x2f\x73\x76\x67\x22\x20\x77\x69\x64\x74\x68\x3d\x22\x32\x34\
\x22\x20\x68\x65\x69\x67\x68\x74\x3d\x22\x32\x34\x22\x20\x76\x69\
\x65\x77\x42\x6f\x78\x3d\x22\x30\x20\x30\x20\x32\x34\x20\x32\x34\
\x22\x20\x66\x69\x6c\x6c\x3d\x22\x6e\x6f\x6e\x65\x22\x20\x73\x74\
\x72\x6f\x6b\x65\x3d\x22\x63\x75\x72\x72\x65\x6e\x74\x43\x6f\x6c\
\x6f\x72\x22\x20\x73\x74\x72\x6f\x6b\x65\x2d\x77\x69\x64\x74\x68\
\x3d\x22\x32\x22\x20\x73\x74\x72\x6f\x6b\x65\x2d\x6c\x69\x6e\x65\
\x63\x61\x70\x3d\x22\x72\x6f\x75\x6e\x64\x22\x20\x73\x74\x72\x6f\
\x6b\x65\x2d\x6c\x69\x6e\x65\x6a\x6f\x69\x6e\x3d\x22\x72\x6f\x75\
\x6e\x64\x22\x3e\x3c\x70\x6f\x6c\x79\x6c\x69\x6e\x65\x20\x70\x6f\
\x69\x6e\x74\x73\x3d\x22\x31\x34\x20\x31\x35\x20\x39\x20\x32\x30\
\x20\x34\x20\x31\x35\x22\x2f\x3e\x3c\x70\x61\x74\x68\x20\x64\x3d\
\x22\x4d\x32\x30\x20\x34\x68\x2d\x37\x61\x34\x20\x34\x20\x30\x20\
\x30\x20\x30\x2d\x34\x20\x34\x76\x31\x32\x22\x2f\x3e\x3c\x2f\x73\
\x76\x67\x3e\
\x00\x00\x01\x61\
\x3c\
\x73\x76\x67\x20\x78\x6d\x6c\x6e\x73\x3d\x22\x68\x74\x74\x70\x3a\
\x2f\x2f\x77\x77\x77\x2e\x77\x33\x2e\x6f\x72\x67\x2f\x32\x30\x30\
\x30\x2f\x73\x76\x67\x22\x20\x77\x69\x64\x74\x68\x3d\x22\x32\x34\
\x22\x20\x68\x65\x69\x67\x68\x74\x3d\x22\x32\x34\x22\x20\x76\x69\
\x65\x77\x42\x6f\x78\x3d\x22\x30\x20\x30\x20\x32\x34\x20\x32\x34\
\x22\x20\x66\x69\x6c\x6c\x3d\x22\x6e\x6f\x6e\x65\x22\x20\x73\x74\
\x72\x6f\x6b\x65\x3d\x22\x63\x75\x72\x72\x65\x6e\x74\x43\x6f\x6c\
\x6f\x72\x22\x20\x73\x74\x72\x6f\x6b\x65\x2d\x77\x69\x64\x74\x68\
\x3d\x22\x32\x22\x20\x73\x74\x72\x6f\x6b\x65\x2d\x6c\x69\x6e\x65\
\x63\x61\x70\x3d\x22\x72\x6f\x75\x6e\x64\x22\x20\x73\x74\x72\x6f\
\x6b\x65\x2d\x6c\x69\x6e\x65\x6a\x6f\x69\x6e\x3d\x22\x72\x6f\x75\
\x6e\x64\x22\x3e\x3c\x70\x6f\x6c\x79\x6c\x69\x6e\x65\x20\x70\x6f\
\x69\x6e\x74\x73\x3d\x22\x36\x20\x39\x20\x36\x20\x32\x20\x31\x38\
\x20\x32\x20\x31\x38\x20\x39\x22\x2f\x3e\x3c\x70\x61\x74\x68\x20\
\x64\x3d\x22\x4d\x36\x20\x31\x38\x48\x34\x61\x32\x20\x32\x20\x30\
\x20\x30\x20\x31\x2d\x32\x2d\x32\x76\x2d\x35\x61\x32\x20\x32\x20\
\x30\x20\x30\x20\x31\x20\x32\x2d\x32\x68\x31\x36\x61\x32\x20\x32\
\x20\x30\x20\x30\x20\x31\x20\x32\x20\x32\x76\x35\x61\x32\x20\x32\
\x20\x30\x20\x30\x20\x31\x2d\x32\x20\x32\x68\x2d\x32\x22\x2f\x3e\
\x3c\x72\x65\x63\x74\x20\x78\x3d\x22\x36\x22\x20\x79\x3d\x22\x31\
\x34\x22\x20\x77\x69\x64\x74\x68\x3d\x22\x31\x32\x22\x20\x68\x65\
\x69\x67\x68\x74\x3d\x22\x38\x22\x2f\x3e\x3c\x2f\x73\x76\x67\x3e\
\
\x00\x00\x00\xdb\
\x3c\
\x73\x76\x67\x20\x78\x6d\x6c\x6e\x73\x3d\x22\x68\x74\x74\x70\x3a\
\x2f\x2f\x77\x77\x77\x2e\x77\x33\x2e\x6f\x72\x67\x2f\x32\x30\x30\
\x30\x2f\x73\x76\x67\x22\x20\x77\x69\x64\x74\x68\x3d\x22\x32\x34\
\x22\x20\x68\x65\x69\x67\x68\x74\x3d\x22\x32\x34\x22\x20\x76\x69\
\x65\x77\x42\x6f\x78\x3d\x22\x30\x20\x30\x20\x32\x34\x20\x32\x34\
\x22\x20\x66\x69\x6c\x6c\x3d\x22\x6e\x6f\x6e\x65\x22\x20\x73\x74\
\x72\x6f\x6b\x65\x3d\x22\x63\x75\x72\x72\x65\x6e\x74\x43\x6f\x6c\
\x6f\x72\x22\x20\x73\x74\x72\x6f\x6b\x65\x2d\x77\x69\x64\x74\x68\
\x3d\x22\x32\x22\x20\x73\x74\x72\x6f\x6b\x65\x2d\x6c\x69\x6e\x65\
\x63\x61\x70\x3d\x22\x72\x6f\x75\x6e\x64\x22\x20\x73\x74\x72\x6f\
\x6b\x65\x2d\x6c\x69\x6e\x65\x6a\x6f\x69\x6e\x3d\x22\x72\x6f\x75\
\x6e\x64\x22\x3e\x3c\x63\x69\x72\x63\x6c\x65\x20\x63\x78\x3d\x22\
\x31\x32\x22\x20\x63\x79\x3d\x22\x31\x32\x22\x20\x72\x3d\x22\x31\
\x30\x22\x2f\x3e\x3c\x2f\x73\x76\x67\x3e\
\x00\x00\x01\x72\
\x3c\
\x73\x76\x67\x20\x78\x6d\x6c\x6e\x73\x3d\x22\x68\x74\x74\x70\x3a\
\x2f\x2f\x77\x77\x77\x2e\x77\x33\x2e\x6f\x72\x67\x2f\x32\x30\x30\
\x30\x2f\x73\x76\x67\x22\x20\x77\x69\x64\x74\x68\x3d\x22\x32\x34\
\x22\x20\x68\x65\x69\x67\x68\x74\x3d\x22\x32\x34\x22\x20\x76\x69\
\x65\x77\x42\x6f\x78\x3d\x22\x30\x20\x30\x20\x32\x34\x20\x32\x34\
\x22\x20\x66\x69\x6c\x6c\x3d\x22\x6e\x6f\x6e\x65\x22\x20\x73\x74\
\x72\x6f\x6b\x65\x3d\x22\x63\x75\x72\x72\x65\x6e\x74\x43\x6f\x6c\
\x6f\x72\x22\x20\x73\x74\x72\x6f\x6b\x65\x2d\x77\x69\x64\x74\x68\
\x3d\x22\x32\x22\x20\x73\x74\x72\x6f\x6b\x65\x2d\x6c\x69\x6e\x65\
\x63\x61\x70\x3d\x22\x72\x6f\x75\x6e\x64\x22\x20\x73\x74\x72\x6f\
\x6b\x65\x2d\x6c\x69\x6e\x65\x6a\x6f\x69\x6e\x3d\x22\x72\x6f\x75\
\x6e\x64\x22\x3e\x3c\x70\x61\x74\x68\x20\x64\x3d\x22\x4d\x32\x33\
\x20\x33\x61\x31\x30\x2e\x39\x20\x31\x30\x2e\x39\x20\x30\x20\x30\
\x20\x31\x2d\x33\x2e\x31\x34\x20\x31\x2e\x35\x33\x20\x34\x2e\x34\
\x38\x20\x34\x2e\x34\x38\x20\x30\x20\x30\x20\x30\x2d\x37\x2e\x38\
\x36\x20\x33\x76\x31\x41\x31\x30\x2e\x36\x36\x20\x31\x30\x2e\x36\
\x36\x20\x30\x20\x30\x20\x31\x20\x33\x20\x34\x73\x2d\x34\x20\x39\
\x20\x35\x20\x31\x33\x61\x31\x31\x2e\x36\x34\x20\x31\x31\x2e\x36\
\x34\x20\x30\x20\x30\x20\x31\x2d\x37\x20\x32\x63\x39\x20\x35\x20\
\x32\x30\x20\x30\x20\x32\x30\x2d\x31\x31\x2e\x35\x61\x34\x2e\x35\
\x20\x34\x2e\x35\x20\x30\x20\x30\x20\x30\x2d\x2e\x30\x38\x2d\x2e\
\x38\x33\x41\x37\x2e\x37\x32\x20\x37\x2e\x37\x32\x20\x30\x20\x30\
\x20\x30\x20\x32\x33\x20\x33\x7a\x22\x2f\x3e\x3c\x2f\x73\x76\x67\
\x3e\
\x00\x00\x01\xee\
\x3c\
\x73\x76\x67\x20\x78\x6d\x6c\x6e\x73\x3d\x22\x68\x74\x74\x70\x3a\
\x2f\x2f\x77\x77\x77\x2e\x77\x33\x2e\x6f\x72\x67\x2f\x32\x30\x30\
\x30\x2f\x73\x76\x67\x22\x20\x77\x69\x64\x74\x68\x3d\x22\x32\x34\
\x22\x20\x68\x65\x69\x67\x68\x74\x3d\x22\x32\x34\x22\x20\x76\x69\
\x65\x77\x42\x6f\x78\x3d\x22\x30\x20\x30\x20\x32\x34\x20\x32\x34\
\x22\x20\x66\x69\x6c\x6c\x3d\x22\x6e\x6f\x6e\x65\x22\x20\x73\x74\
\x72\x6f\x6b\x65\x3d\x22\x63\x75\x72\x72\x65\x6e\x74\x43\x6f\x6c\
\x6f\x72\x22\x20\x73\x74\x72\x6f\x6b\x65\x2d\x77\x69\x64\x74\x68\
\x3d\x22\x32\x22\x20\x73\x74\x72\x6f\x6b\x65\x2d\x6c\x69\x6e\x65\
\x63\x61\x70\x3d\x22\x72\x6f\x75\x6e\x64\x22\x20\x73\x74\x72\x6f\
\x6b\x65\x2d\x6c\x69\x6e\x65\x6a\x6f\x69\x6e\x3d\x22\x72\x6f\x75\
\x6e\x64\x22\x3e\x3c\x6c\x69\x6e\x65\x20\x78\x31\x3d\x22\x31\x22\
\x20\x79\x31\x3d\x22\x31\x22\x20\x78\x32\x3d\x22\x32\x33\x22\x20\
\x79\x32\x3d\x22\x32\x33\x22\x2f\x3e\x3c\x70\x61\x74\x68\x20\x64\
\x3d\x22\x4d\x31\x36\x2e\x37\x32\x20\x31\x31\x2e\x30\x36\x41\x31\
\x30\x2e\x39\x34\x20\x31\x30\x2e\x39\x34\x20\x30\x20\x30\x20\x31\
\x20\x31\x39\x20\x31\x32\x2e\x35\x35\x22\x2f\x3e\x3c\x70\x61\x74\
\x68\x20\x64\x3d\x22\x4d\x35\x20\x31\x32\x2e\x35\x35\x61\x31\x30\
\x2e\x39\x34\x20\x31\x30\x2e\x39\x34\x20\x30\x20\x30\x20\x31\x20\
\x35\x2e\x31\x37\x2d\x32\x2e\x33\x39\x22\x2f\x3e\x3c\x70\x61\x74\
\x68\x20\x64\x3d\x22\x4d\x31\x30\x2e\x37\x31\x20\x35\x2e\x30\x35\
\x41\x31\x36\x20\x31\x36\x20\x30\x20\x30\x20\x31\x20\x32\x32\x2e\
\x35\x38\x20\x39\x22\x2f\x3e\x3c\x70\x61\x74\x68\x20\x64\x3d\x22\
\x4d\x31\x2e\x34\x32\x20\x39\x61\x31\x35\x2e\x39\x31\x20\x31\x35\
\x2e\x39\x31\x20\x30\x20\x30\x20\x31\x20\x34\x2e\x37\x2d\x32\x2e\
\x38\x38\x22\x2f\x3e\x3c\x70\x61\x74\x68\x20\x64\x3d\x22\x4d\x38\
\x2e\x35\x33\x20\x31\x36\x2e\x31\x31\x61\x36\x20\x36\x20\x30\x20\
\x30\x20\x31\x20\x36\x2e\x39\x35\x20\x30\x22\x2f\x3e\x3c\x6c\x69\
\x6e\x65\x20\x78\x31\x3d\x22\x31\x32\x22\x20\x79\x31\x3d\x22\x32\
\x30\x22\x20\x78\x32\x3d\x22\x31\x32\x2e\x30\x31\x22\x20\x79\x32\
\x3d\x22\x32\x30\x22\x2f\x3e\x3c\x2f\x73\x76\x67\x3e\
\x00\x00\x02\x43\
\x3c\
\x73\x76\x67\x20\x78\x6d\x6c\x6e\x73\x3d\x22\x68\x74\x74\x70\x3a\
\x2f\x2f\x77\x77\x77\x2e\x77\x33\x2e\x6f\x72\x67\x2f\x32\x30\x30\
\x30\x2f\x73\x76\x67\x22\x20\x77\x69\x64\x74\x68\x3d\x22\x32\x34\
\x22\x20\x68\x65\x69\x67\x68\x74\x3d\x22\x32\x34\x22\x20\x76\x69\
\x65\x77\x42\x6f\x78\x3d\x22\x30\x20\x30\x20\x32\x34\x20\x32\x34\
\x22\x20\x66\x69\x6c\x6c\x3d\x22\x6e\x6f\x6e\x65\x22\x20\x73\x74\
\x72\x6f\x6b\x65\x3d\x22\x63\x75\x72\x72\x65\x6e\x74\x43\x6f\x6c\
\x6f\x72\x22\x20\x73\x74\x72\x6f\x6b\x65\x2d\x77\x69\x64\x74\x68\
\x3d\x22\x32\x22\x20\x73\x74\x72\x6f\x6b\x65\x2d\x6c\x69\x6e\x65\
\x63\x61\x70\x3d\x22\x72\x6f\x75\x6e\x64\x22\x20\x73\x74\x72\x6f\
\x6b\x65\x2d\x6c\x69\x6e\x65\x6a\x6f\x69\x6e\x3d\x22\x72\x6f\x75\
\x6e\x64\x22\x3e\x3c\x72\x65\x63\x74\x20\x78\x3d\x22\x34\x22\x20\
\x79\x3d\x22\x34\x22\x20\x77\x69\x64\x74\x68\x3d\x22\x31\x36\x22\
\x20\x68\x65\x69\x67\x68\x74\x3d\x22\x31\x36\x22\x20\x72\x78\x3d\
\x22\x32\x22\x20\x72\x79\x3d\x22\x32\x22\x2f\x3e\x3c\x72\x65\x63\
\x74\x20\x78\x3d\x22\x39\x22\x20\x79\x3d\x22\x39\x22\x20\x77\x69\
\x64\x74\x68\x3d\x22\x36\x22\x20\x68\x65\x69\x67\x68\x74\x3d\x22\
\x36\x22\x2f\x3e\x3c\x6c\x69\x6e\x65\x20\x78\x31\x3d\x22\x39\x22\
\x20\x79\x31\x3d\x22\x31\x22\x20\x78\x32\x3d\x22\x39\x22\x20\x79\
\x32\x3d\x22\x34\x22\x2f\x3e\x3c\x6c\x69\x6e\x65\x20\x78\x31\x3d\
\x22\x31\x35\x22\x20\x79\x31\x3d\x22\x31\x22\x20\x78\x32\x3d\x22\
\x31\x35\x22\x20\x79\x32\x3d\x22\x34\x22\x2f\x3e\x3c\x6c\x69\x6e\
\x65\x20\x78\x31\x3d\x22\x39\x22\x20\x79\x31\x3d\x22\x32\x30\x22\
\x20\x78\x32\x3d\x22\x39\x22\x20\x79\x32\x3d\x22\x32\x33\x22\x2f\
\x3e\x3c\x6c\x69\x6e\x65\x20\x78\x31\x3d\x22\x31\x35\x22\x20\x79\
\x31\x3d\x22\x32\x30\x22\x20\x78\x32\x3d\x22\x31\x35\x22\x20\x79\
\x32\x3d\x22\x32\x33\x22\x2f\x3e\x3c\x6c\x69\x6e\x65\x20\x78\x31\
\x3d\x22\x32\x30\x22\x20\x79\x31\x3d\x22\x39\x22\x20\x78\x32\x3d\
\x22\x32\x33\x22\x20\x79\x32\x3d\x22\x39\x22\x2f\x3e\x3c\x6c\x69\
\x6e\x65\x20\x78\x31\x3d\x22\x32\x30\x22\x20\x79\x31\x3d\x22\x31\
\x34\x22\x20\x78\x32\x3d\x22\x32\x33\x22\x20\x79\x32\x3d\x22\x31\
\x34\x22\x2f\x3e\x3c\x6c\x69\x6e\x65\x20\x78\x31\x3d\x22\x31\x22\
\x20\x79\x31\x3d\x22\x39\x22\x20\x78\x32\x3d\x22\x34\x22\x20\x79\
\x32\x3d\x22\x39\x22\x2f\x3e\x3c\x6c\x69\x6e\x65\x20\x78\x31\x3d\
\x22\x31\x22\x20\x79\x31\x3d\x22\x31\x34\x22\x20\x78\x32\x3d\x22\
\x34\x22\x20\x79\x32\x3d\x22\x31\x34\x22\x2f\x3e\x3c\x2f\x73\x76\
\x67\x3e\
\x00\x00\x01\x3b\
\x3c\
\x73\x76\x67\x20\x78\x6d\x6c\x6e\x73\x3d\x22\x68\x74\x74\x70\x3a\
\x2f\x2f\x77\x77\x77\x2e\x77\x33\x2e\x6f\x72\x67\x2f\x32\x30\x30\
\x30\x2f\x73\x76\x67\x22\x20\x77\x69\x64\x74\x68\x3d\x22\x32\x34\
\x22\x20\x68\x65\x69\x67\x68\x74\x3d\x22\x32\x34\x22\x20\x76\x69\
\x65\x77\x42\x6f\x78\x3d\x22\x30\x20\x30\x20\x32\x34\x20\x32\x34\
\x22\x20\x66\x69\x6c\x6c\x3d\x22\x6e\x6f\x6e\x65\x22\x20\x73\x74\
\x72\x6f\x6b\x65\x3d\x22\x63\x75\x72\x72\x65\x6e\x74\x43\x6f\x6c\
\x6f\x72\x22\x20\x73\x74\x72\x6f\x6b\x65\x2d\x77\x69\x64\x74\x68\
\x3d\x22\x32\x22\x20\x73\x74\x72\x6f\x6b\x65\x2d\x6c\x69\x6e\x65\
\x63\x61\x70\x3d\x22\x72\x6f\x75\x6e\x64\x22\x20\x73\x74\x72\x6f\
\x6b\x65\x2d\x6c\x69\x6e\x65\x6a\x6f\x69\x6e\x3d\x22\x72\x6f\x75\
\x6e\x64\x22\x3e\x3c\x70\x61\x74\x68\x20\x64\x3d\x22\x4d\x32\x30\
\x2e\x35\x39\x20\x31\x33\x2e\x34\x31\x6c\x2d\x37\x2e\x31\x37\x20\
\x37\x2e\x31\x37\x61\x32\x20\x32\x20\x30\x20\x30\x20\x31\x2d\x32\
\x2e\x38\x33\x20\x30\x4c\x32\x20\x31\x32\x56\x32\x68\x31\x30\x6c\
\x38\x2e\x35\x39\x20\x38\x2e\x35\x39\x61\x32\x20\x32\x20\x30\x20\
\x30\x20\x31\x20\x30\x20\x32\x2e\x38\x32\x7a\x22\x2f\x3e\x3c\x6c\
\x69\x6e\x65\x20\x78\x31\x3d\x22\x37\x22\x20\x79\x31\x3d\x22\x37\
\x22\x20\x78\x32\x3d\x22\x37\x2e\x30\x31\x22\x20\x79\x32\x3d\x22\
\x37\x22\x2f\x3e\x3c\x2f\x73\x76\x67\x3e\
\x00\x00\x01\x2d\
\x3c\
\x73\x76\x67\x20\x78\x6d\x6c\x6e\x73\x3d\x22\x68\x74\x74\x70\x3a\
\x2f\x2f\x77\x77\x77\x2e\x77\x33\x2e\x6f\x72\x67\x2f\x32\x30\x30\
\x30\x2f\x73\x76\x67\x22\x20\x77\x69\x64\x74\x68\x3d\x22\x32\x34\
\x22\x20\x68\x65\x69\x67\x68\x74\x3d\x22\x32\x34\x22\x20\x76\x69\
\x65\x77\x42\x6f\x78\x3d\x22\x30\x20\x30\x20\x32\x34\x20\x32\x34\
\x22\x20\x66\x69\x6c\x6c\x3d\x22\x6e\x6f\x6e\x65\x22\x20\x73\x74\
\x72\x6f\x6b\x65\x3d\x22\x63\x75\x72\x72\x65\x6e\x74\x43\x6f\x6c\
\x6f\x72\x22\x20\x73\x74\x72\x6f\x6b\x65\x2d\x77\x69\x64\x74\x68\
\x3d\x22\x32\x22\x20\x73\x74\x72\x6f\x6b\x65\x2d\x6c\x69\x6e\x65\
\x63\x61\x70\x3d\x22\x72\x6f\x75\x6e\x64\x22\x20\x73\x74\x72\x6f\
\x6b\x65\x2d\x6c\x69\x6e\x65\x6a\x6f\x69\x6e\x3d\x22\x72\x6f\x75\
\x6e\x64\x22\x3e\x3c\x70\x6f\x6c\x79\x67\x6f\x6e\x20\x70\x6f\x69\
\x6e\x74\x73\x3d\x22\x31\x32\x20\x32\x20\x31\x35\x2e\x30\x39\x20\
\x38\x2e\x32\x36\x20\x32\x32\x20\x39\x2e\x32\x37\x20\x31\x37\x20\
\x31\x34\x2e\x31\x34\x20\x31\x38\x2e\x31\x38\x20\x32\x31\x2e\x30\
\x32\x20\x31\x32\x20\x31\x37\x2e\x37\x37\x20\x35\x2e\x38\x32\x20\
\x32\x31\x2e\x30\x32\x20\x37\x20\x31\x34\x2e\x31\x34\x20\x32\x20\
\x39\x2e\x32\x37\x20\x38\x2e\x39\x31\x20\x38\x2e\x32\x36\x20\x31\
\x32\x20\x32\x22\x2f\x3e\x3c\x2f\x73\x76\x67\x3e\
\x00\x00\x02\x06\
\x3c\
\x73\x76\x67\x20\x78\x6d\x6c\x6e\x73\x3d\x22\x68\x74\x74\x70\x3a\
\x2f\x2f\x77\x77\x77\x2e\x77\x33\x2e\x6f\x72\x67\x2f\x32\x30\x30\
\x30\x2f\x73\x76\x67\x22\x20\x77\x69\x64\x74\x68\x3d\x22\x32\x34\
\x22\x20\x68\x65\x69\x67\x68\x74\x3d\x22\x32\x34\x22\x20\x76\x69\
\x65\x77\x42\x6f\x78\x3d\x22\x30\x20\x30\x20\x32\x34\x20\x32\x34\
\x22\x20\x66\x69\x6c\x6c\x3d\x22\x6e\x6f\x6e\x65\x22\x20\x73\x74\
\x72\x6f\x6b\x65\x3d\x22\x63\x75\x72\x72\x65\x6e\x74\x43\x6f\x6c\
\x6f\x72\x22\x20\x73\x74\x72\x6f\x6b\x65\x2d\x77\x69\x64\x74\x68\
\x3d\x22\x32\x22\x20\x73\x74\x72\x6f\x6b\x65\x2d\x6c\x69\x6e\x65\
\x63\x61\x70\x3d\x22\x72\x6f\x75\x6e\x64\x22\x20\x73\x74\x72\x6f\
\x6b\x65\x2d\x6c\x69\x6e\x65\x6a\x6f\x69\x6e\x3d\x22\x72\x6f\x75\
\x6e\x64\x22\x3e\x3c\x70\x61\x74\x68\x20\x64\x3d\x22\x4d\x32\x32\
\x2e\x35\x34\x20\x36\x2e\x34\x32\x61\x32\x2e\x37\x38\x20\x32\x2e\
\x37\x38\x20\x30\x20\x30\x20\x30\x2d\x31\x2e\x39\x34\x2d\x32\x43\
\x31\x38\x2e\x38\x38\x20\x34\x20\x31\x32\x20\x34\x20\x31\x32\x20\
\x34\x73\x2d\x36\x2e\x38\x38\x20\x30\x2d\x38\x2e\x36\x2e\x34\x36\
\x61\x32\x2e\x37\x38\x20\x32\x2e\x37\x38\x20\x30\x20\x30\x20\x30\
\x2d\x31\x2e\x39\x34\x20\x32\x41\x32\x39\x20\x32\x39\x20\x30\x20\
\x30\x20\x30\x20\x31\x20\x31\x31\x2e\x37\x35\x61\x32\x39\x20\x32\
\x39\x20\x30\x20\x30\x20\x30\x20\x2e\x34\x36\x20\x35\x2e\x33\x33\
\x41\x32\x2e\x37\x38\x20\x32\x2e\x37\x38\x20\x30\x20\x30\x20\x30\
\x20\x33\x2e\x34\x20\x31\x39\x63\x31\x2e\x37\x32\x2e\x34\x36\x20\
\x38\x2e\x36\x2e\x34\x36\x20\x38\x2e\x36\x2e\x34\x36\x73\x36\x2e\
\x38\x38\x20\x30\x20\x38\x2e\x36\x2d\x2e\x34\x36\x61\x32\x2e\x37\
\x38\x20\x32\x2e\x37\x38\x20\x30\x20\x30\x20\x30\x20\x31\x2e\x39\
\x34\x2d\x32\x20\x32\x39\x20\x32\x39\x20\x30\x20\x30\x20\x30\x20\
\x2e\x34\x36\x2d\x35\x2e\x32\x35\x20\x32\x39\x20\x32\x39\x20\x30\
\x20\x30\x20\x30\x2d\x2e\x34\x36\x2d\x35\x2e\x33\x33\x7a\x22\x2f\
\x3e\x3c\x70\x6f\x6c\x79\x67\x6f\x6e\x20\x70\x6f\x69\x6e\x74\x73\
\x3d\x22\x39\x2e\x37\x35\x20\x31\x35\x2e\x30\x32\x20\x31\x35\x2e\
\x35\x20\x31\x31\x2e\x37\x35\x20\x39\x2e\x37\x35\x20\x38\x2e\x34\
\x38\x20\x39\x2e\x37\x35\x20\x31\x35\x2e\x30\x32\x22\x2f\x3e\x3c\
\x2f\x73\x76\x67\x3e\
\x00\x00\x00\xf0\
\x3c\
\x73\x76\x67\x20\x78\x6d\x6c\x6e\x73\x3d\x22\x68\x74\x74\x70\x3a\
\x2f\x2f\x77\x77\x77\x2e\x77\x33\x2e\x6f\x72\x67\x2f\x32\x30\x30\
\x30\x2f\x73\x76\x67\x22\x20\x77\x69\x64\x74\x68\x3d\x22\x32\x34\
\x22\x20\x68\x65\x69\x67\x68\x74\x3d\x22\x32\x34\x22\x20\x76\x69\
\x65\x77\x42\x6f\x78\x3d\x22\x30\x20\x30\x20\x32\x34\x20\x32\x34\
\x22\x20\x66\x69\x6c\x6c\x3d\x22\x6e\x6f\x6e\x65\x22\x20\x73\x74\
\x72\x6f\x6b\x65\x3d\x22\x63\x75\x72\x72\x65\x6e\x74\x43\x6f\x6c\
\x6f\x72\x22\x20\x73\x74\x72\x6f\x6b\x65\x2d\x77\x69\x64\x74\x68\
\x3d\x22\x32\x22\x20\x73\x74\x72\x6f\x6b\x65\x2d\x6c\x69\x6e\x65\
\x63\x61\x70\x3d\x22\x72\x6f\x75\x6e\x64\x22\x20\x73\x74\x72\x6f\
\x6b\x65\x2d\x6c\x69\x6e\x65\x6a\x6f\x69\x6e\x3d\x22\x72\x6f\x75\
\x6e\x64\x22\x3e\x3c\x70\x61\x74\x68\x20\x64\x3d\x22\x4d\x32\x31\
\x20\x32\x48\x33\x76\x31\x36\x68\x35\x76\x34\x6c\x34\x2d\x34\x68\
\x35\x6c\x34\x2d\x34\x56\x32\x7a\x6d\x2d\x31\x30\x20\x39\x56\x37\
\x6d\x35\x20\x34\x56\x37\x22\x2f\x3e\x3c\x2f\x73\x76\x67\x3e\
\x00\x00\x01\x98\
\x3c\
\x73\x76\x67\x20\x78\x6d\x6c\x6e\x73\x3d\x22\x68\x74\x74\x70\x3a\
\x2f\x2f\x77\x77\x77\x2e\x77\x33\x2e\x6f\x72\x67\x2f\x32\x30\x30\
\x30\x2f\x73\x76\x67\x22\x20\x77\x69\x64\x74\x68\x3d\x22\x32\x34\
\x22\x20\x68\x65\x69\x67\x68\x74\x3d\x22\x32\x34\x22\x20\x76\x69\
\x65\x77\x42\x6f\x78\x3d\x22\x30\x20\x30\x20\x32\x34\x20\x32\x34\
\x22\x20\x66\x69\x6c\x6c\x3d\x22\x6e\x6f\x6e\x65\x22\x20\x73\x74\
\x72\x6f\x6b\x65\x3d\x22\x63\x75\x72\x72\x65\x6e\x74\x43\x6f\x6c\
\x6f\x72\x22\x20\x73\x74\x72\x6f\x6b\x65\x2d\x77\x69\x64\x74\x68\
\x3d\x22\x32\x22\x20\x73\x74\x72\x6f\x6b\x65\x2d\x6c\x69\x6e\x65\
\x63\x61\x70\x3d\x22\x72\x6f\x75\x6e\x64\x22\x20\x73\x74\x72\x6f\
\x6b\x65\x2d\x6c\x69\x6e\x65\x6a\x6f\x69\x6e\x3d\x22\x72\x6f\x75\
\x6e\x64\x22\x3e\x3c\x63\x69\x72\x63\x6c\x65\x20\x63\x78\x3d\x22\
\x31\x32\x22\x20\x63\x79\x3d\x22\x31\x32\x22\x20\x72\x3d\x22\x37\
\x22\x2f\x3e\x3c\x70\x6f\x6c\x79\x6c\x69\x6e\x65\x20\x70\x6f\x69\
\x6e\x74\x73\x3d\x22\x31\x32\x20\x39\x20\x31\x32\x20\x31\x32\x20\
\x31\x33\x2e\x35\x20\x31\x33\x2e\x35\x22\x2f\x3e\x3c\x70\x61\x74\
\x68\x20\x64\x3d\x22\x4d\x31\x36\x2e\x35\x31\x20\x31\x37\x2e\x33\
\x35\x6c\x2d\x2e\x33\x35\x20\x33\x2e\x38\x33\x61\x32\x20\x32\x20\
\x30\x20\x30\x20\x31\x2d\x32\x20\x31\x2e\x38\x32\x48\x39\x2e\x38\
\x33\x61\x32\x20\x32\x20\x30\x20\x30\x20\x31\x2d\x32\x2d\x31\x2e\
\x38\x32\x6c\x2d\x2e\x33\x35\x2d\x33\x2e\x38\x33\x6d\x2e\x30\x31\
\x2d\x31\x30\x2e\x37\x6c\x2e\x33\x35\x2d\x33\x2e\x38\x33\x41\x32\
\x20\x32\x20\x30\x20\x30\x20\x31\x20\x39\x2e\x38\x33\x20\x31\x68\
\x34\x2e\x33\x35\x61\x32\x20\x32\x20\x30\x20\x30\x20\x31\x20\x32\
\x20\x31\x2e\x38\x32\x6c\x2e\x33\x35\x20\x33\x2e\x38\x33\x22\x2f\
\x3e\x3c\x2f\x73\x76\x67\x3e\
\x00\x00\x02\x36\
\x3c\
\x73\x76\x67\x20\x78\x6d\x6c\x6e\x73\x3d\x22\x68\x74\x74\x70\x3a\
\x2f\x2f\x77\x77\x77\x2e\x77\x33\x2e\x6f\x72\x67\x2f\x32\x30\x30\
\x30\x2f\x73\x76\x67\x22\x20\x77\x69\x64\x74\x68\x3d\x22\x32\x34\
\x22\x20\x68\x65\x69\x67\x68\x74\x3d\x22\x32\x34\x22\x20\x76\x69\
\x65\x77\x42\x6f\x78\x3d\x22\x30\x20\x30\x20\x32\x34\x20\x32\x34\
\x22\x20\x66\x69\x6c\x6c\x3d\x22\x6e\x6f\x6e\x65\x22\x20\x73\x74\
\x72\x6f\x6b\x65\x3d\x22\x63\x75\x72\x72\x65\x6e\x74\x43\x6f\x6c\
\x6f\x72\x22\x20\x73\x74\x72\x6f\x6b\x65\x2d\x77\x69\x64\x74\x68\
\x3d\x22\x32\x22\x20\x73\x74\x72\x6f\x6b\x65\x2d\x6c\x69\x6e\x65\
\x63\x61\x70\x3d\x22\x72\x6f\x75\x6e\x64\x22\x20\x73\x74\x72\x6f\
\x6b\x65\x2d\x6c\x69\x6e\x65\x6a\x6f\x69\x6e\x3d\x22\x72\x6f\x75\
\x6e\x64\x22\x3e\x3c\x63\x69\x72\x63\x6c\x65\x20\x63\x78\x3d\x22\
\x31\x32\x22\x20\x63\x79\x3d\x22\x31\x32\x22\x20\x72\x3d\x22\x35\
\x22\x2f\x3e\x3c\x6c\x69\x6e\x65\x20\x78\x31\x3d\x22\x31\x32\x22\
\x20\x79\x31\x3d\x22\x31\x22\x20\x78\x32\x3d\x22\x31\x32\x22\x20\
\x79\x32\x3d\x22\x33\x22\x2f\x3e\x3c\x6c\x69\x6e\x65\x20\x78\x31\
\x3d\x22\x31\x32\x22\x20\x79\x31\x3d\x22\x32\x31\x22\x20\x78\x32\
\x3d\x22\x31\x32\x22\x20\x79\x32\x3d\x22\x32\x33\x22\x2f\x3e\x3c\
\x6c\x69\x6e\x65\x20\x78\x31\x3d\x22\x34\x2e\x32\x32\x22\x20\x79\
\x31\x3d\x22\x34\x2e\x32\x32\x22\x20\x78\x32\x3d\x22\x35\x2e\x36\
\x34\x22\x20\x79\x32\x3d\x22\x35\x2e\x36\x34\x22\x2f\x3e\x3c\x6c\
\x69\x6e\x65\x20\x78\x31\x3d\x22\x31\x38\x2e\x33\x36\x22\x20\x79\
\x31\x3d\x22\x31\x38\x2e\x33\x36\x22\x20\x78\x32\x3d\x22\x31\x39\
\x2e\x37\x38\x22\x20\x79\x32\x3d\x22\x31\x39\x2e\x37\x38\x22\x2f\
\x3e\x3c\x6c\x69\x6e\x65\x20\x78\x31\x3d\x22\x31\x22\x20\x79\x31\
\x3d\x22\x31\x32\x22\x20\x78\x32\x3d\x22\x33\x22\x20\x79\x32\x3d\
\x22\x31\x32\x22\x2f\x3e\x3c\x6c\x69\x6e\x65\x20\x78\x31\x3d\x22\
\x32\x31\x22\x20\x79\x31\x3d\x22\x31\x32\x22\x20\x78\x32\x3d\x22\
\x32\x33\x22\x20\x79\x32\x3d\x22\x31\x32\x22\x2f\x3e\x3c\x6c\x69\
\x6e\x65\x20\x78\x31\x3d\x22\x34\x2e\x32\x32\x22\x20\x79\x31\x3d\
\x22\x31\x39\x2e\x37\x38\x22\x20\x78\x32\x3d\x22\x35\x2e\x36\x34\
\x22\x20\x79\x32\x3d\x22\x31\x38\x2e\x33\x36\x22\x2f\x3e\x3c\x6c\
\x69\x6e\x65\x20\x78\x31\x3d\x22\x31\x38\x2e\x33\x36\x22\x20\x79\
\x31\x3d\x22\x35\x2e\x36\x34\x22\x20\x78\x32\x3d\x22\x31\x39\x2e\
\x37\x38\x22\x20\x79\x32\x3d\x22\x34\x2e\x32\x32\x22\x2f\x3e\x3c\
\x2f\x73\x76\x67\x3e\
\x00\x00\x01\x1c\
\x3c\
\x73\x76\x67\x20\x78\x6d\x6c\x6e\x73\x3d\x22\x68\x74\x74\x70\x3a\
\x2f\x2f\x77\x77\x77\x2e\x77\x33\x2e\x6f\x72\x67\x2f\x32\x30\x30\
\x30\x2f\x73\x76\x67\x22\x20\x77\x69\x64\x74\x68\x3d\x22\x32\x34\
\x22\x20\x68\x65\x69\x67\x68\x74\x3d\x22\x32\x34\x22\x20\x76\x69\
\x65\x77\x42\x6f\x78\x3d\x22\x30\x20\x30\x20\x32\x34\x20\x32\x34\
\x22\x20\x66\x69\x6c\x6c\x3d\x22\x6e\x6f\x6e\x65\x22\x20\x73\x74\
\x72\x6f\x6b\x65\x3d\x22\x63\x75\x72\x72\x65\x6e\x74\x43\x6f\x6c\
\x6f\x72\x22\x20\x73\x74\x72\x6f\x6b\x65\x2d\x77\x69\x64\x74\x68\
\x3d\x22\x32\x22\x20\x73\x74\x72\x6f\x6b\x65\x2d\x6c\x69\x6e\x65\
\x63\x61\x70\x3d\x22\x72\x6f\x75\x6e\x64\x22\x20\x73\x74\x72\x6f\
\x6b\x65\x2d\x6c\x69\x6e\x65\x6a\x6f\x69\x6e\x3d\x22\x72\x6f\x75\
\x6e\x64\x22\x3e\x3c\x70\x6f\x6c\x79\x67\x6f\x6e\x20\x70\x6f\x69\
\x6e\x74\x73\x3d\x22\x32\x33\x20\x37\x20\x31\x36\x20\x31\x32\x20\
\x32\x33\x20\x31\x37\x20\x32\x33\x20\x37\x22\x2f\x3e\x3c\x72\x65\
\x63\x74\x20\x78\x3d\x22\x31\x22\x20\x79\x3d\x22\x35\x22\x20\x77\
\x69\x64\x74\x68\x3d\x22\x31\x35\x22\x20\x68\x65\x69\x67\x68\x74\
\x3d\x22\x31\x34\x22\x20\x72\x78\x3d\x22\x32\x22\x20\x72\x79\x3d\
\x22\x32\x22\x2f\x3e\x3c\x2f\x73\x76\x67\x3e\
\x00\x00\x01\x12\
\x3c\
\x73\x76\x67\x20\x78\x6d\x6c\x6e\x73\x3d\x22\x68\x74\x74\x70\x3a\
\x2f\x2f\x77\x77\x77\x2e\x77\x33\x2e\x6f\x72\x67\x2f\x32\x30\x30\
\x30\x2f\x73\x76\x67\x22\x20\x77\x69\x64\x74\x68\x3d\x22\x32\x34\
\x22\x20\x68\x65\x69\x67\x68\x74\x3d\x22\x32\x34\x22\x20\x76\x69\
\x65\x77\x42\x6f\x78\x3d\x22\x30\x20\x30\x20\x32\x34\x20\x32\x34\
\x22\x20\x66\x69\x6c\x6c\x3d\x22\x6e\x6f\x6e\x65\x22\x20\x73\x74\
\x72\x6f\x6b\x65\x3d\x22\x63\x75\x72\x72\x65\x6e\x74\x43\x6f\x6c\
\x6f\x72\x22\x20\x73\x74\x72\x6f\x6b\x65\x2d\x77\x69\x64\x74\x68\
\x3d\x22\x32\x22\x20\x73\x74\x72\x6f\x6b\x65\x2d\x6c\x69\x6e\x65\
\x63\x61\x70\x3d\x22\x72\x6f\x75\x6e\x64\x22\x20\x73\x74\x72\x6f\
\x6b\x65\x2d\x6c\x69\x6e\x65\x6a\x6f\x69\x6e\x3d\x22\x72\x6f\x75\
\x6e\x64\x22\x3e\x3c\x70\x61\x74\x68\x20\x64\x3d\x22\x4d\x32\x32\
\x20\x31\x39\x61\x32\x20\x32\x20\x30\x20\x30\x20\x31\x2d\x32\x20\
\x32\x48\x34\x61\x32\x20\x32\x20\x30\x20\x30\x20\x31\x2d\x32\x2d\
\x32\x56\x35\x61\x32\x20\x32\x20\x30\x20\x30\x20\x31\x20\x32\x2d\
\x32\x68\x35\x6c\x32\x20\x33\x68\x39\x61\x32\x20\x32\x20\x30\x20\
\x30\x20\x31\x20\x32\x20\x32\x7a\x22\x2f\x3e\x3c\x2f\x73\x76\x67\
\x3e\
\x00\x00\x00\xfa\
\x3c\
\x73\x76\x67\x20\x78\x6d\x6c\x6e\x73\x3d\x22\x68\x74\x74\x70\x3a\
\x2f\x2f\x77\x77\x77\x2e\x77\x33\x2e\x6f\x72\x67\x2f\x32\x30\x30\
\x30\x2f\x73\x76\x67\x22\x20\x77\x69\x64\x74\x68\x3d\x22\x32\x34\
\x22\x20\x68\x65\x69\x67\x68\x74\x3d\x22\x32\x34\x22\x20\x76\x69\
\x65\x77\x42\x6f\x78\x3d\x22\x30\x20\x30\x20\x32\x34\x20\x32\x34\
\x22\x20\x66\x69\x6c\x6c\x3d\x22\x6e\x6f\x6e\x65\x22\x20\x73\x74\
\x72\x6f\x6b\x65\x3d\x22\x63\x75\x72\x72\x65\x6e\x74\x43\x6f\x6c\
\x6f\x72\x22\x20\x73\x74\x72\x6f\x6b\x65\x2d\x77\x69\x64\x74\x68\
\x3d\x22\x32\x22\x20\x73\x74\x72\x6f\x6b\x65\x2d\x6c\x69\x6e\x65\
\x63\x61\x70\x3d\x22\x72\x6f\x75\x6e\x64\x22\x20\x73\x74\x72\x6f\
\x6b\x65\x2d\x6c\x69\x6e\x65\x6a\x6f\x69\x6e\x3d\x22\x72\x6f\x75\
\x6e\x64\x22\x3e\x3c\x70\x6f\x6c\x79\x67\x6f\x6e\x20\x70\x6f\x69\
\x6e\x74\x73\x3d\x22\x32\x32\x20\x33\x20\x32\x20\x33\x20\x31\x30\
\x20\x31\x32\x2e\x34\x36\x20\x31\x30\x20\x31\x39\x20\x31\x34\x20\
\x32\x31\x20\x31\x34\x20\x31\x32\x2e\x34\x36\x20\x32\x32\x20\x33\
\x22\x2f\x3e\x3c\x2f\x73\x76\x67\x3e\
\x00\x00\x02\x17\
\x3c\
\x73\x76\x67\x20\x78\x6d\x6c\x6e\x73\x3d\x22\x68\x74\x74\x70\x3a\
\x2f\x2f\x77\x77\x77\x2e\x77\x33\x2e\x6f\x72\x67\x2f\x32\x30\x30\
\x30\x2f\x73\x76\x67\x22\x20\x77\x69\x64\x74\x68\x3d\x22\x32\x34\
\x22\x20\x68\x65\x69\x67\x68\x74\x3d\x22\x32\x34\x22\x20\x76\x69\
\x65\x77\x42\x6f\x78\x3d\x22\x30\x20\x30\x20\x32\x34\x20\x32\x34\
\x22\x20\x66\x69\x6c\x6c\x3d\x22\x6e\x6f\x6e\x65\x22\x20\x73\x74\
\x72\x6f\x6b\x65\x3d\x22\x63\x75\x72\x72\x65\x6e\x74\x43\x6f\x6c\
\x6f\x72\x22\x20\x73\x74\x72\x6f\x6b\x65\x2d\x77\x69\x64\x74\x68\
\x3d\x22\x32\x22\x20\x73\x74\x72\x6f\x6b\x65\x2d\x6c\x69\x6e\x65\
\x63\x61\x70\x3d\x22\x72\x6f\x75\x6e\x64\x22\x20\x73\x74\x72\x6f\
\x6b\x65\x2d\x6c\x69\x6e\x65\x6a\x6f\x69\x6e\x3d\x22\x72\x6f\x75\
\x6e\x64\x22\x3e\x3c\x6c\x69\x6e\x65\x20\x78\x31\x3d\x22\x31\x32\
\x22\x20\x79\x31\x3d\x22\x32\x22\x20\x78\x32\x3d\x22\x31\x32\x22\
\x20\x79\x32\x3d\x22\x36\x22\x2f\x3e\x3c\x6c\x69\x6e\x65\x20\x78\
\x31\x3d\x22\x31\x32\x22\x20\x79\x31\x3d\x22\x31\x38\x22\x20\x78\
\x32\x3d\x22\x31\x32\x22\x20\x79\x32\x3d\x22\x32\x32\x22\x2f\x3e\
\x3c\x6c\x69\x6e\x65\x20\x78\x31\x3d\x22\x34\x2e\x39\x33\x22\x20\
\x79\x31\x3d\x22\x34\x2e\x39\x33\x22\x20\x78\x32\x3d\x22\x37\x2e\
\x37\x36\x22\x20\x79\x32\x3d\x22\x37\x2e\x37\x36\x22\x2f\x3e\x3c\
\x6c\x69\x6e\x65\x20\x78\x31\x3d\x22\x31\x36\x2e\x32\x34\x22\x20\
\x79\x31\x3d\x22\x31\x36\x2e\x32\x34\x22\x20\x78\x32\x3d\x22\x31\
\x39\x2e\x30\x37\x22\x20\x79\x32\x3d\x22\x31\x39\x2e\x30\x37\x22\
\x2f\x3e\x3c\x6c\x69\x6e\x65\x20\x78\x31\x3d\x22\x32\x22\x20\x79\
\x31\x3d\x22\x31\x32\x22\x20\x78\x32\x3d\x22\x36\x22\x20\x79\x32\
\x3d\x22\x31\x32\x22\x2f\x3e\x3c\x6c\x69\x6e\x65\x20\x78\x31\x3d\
\x22\x31\x38\x22\x20\x79\x31\x3d\x22\x31\x32\x22\x20\x78\x32\x3d\
\x22\x32\x32\x22\x20\x79\x32\x3d\x22\x31\x32\x22\x2f\x3e\x3c\x6c\
\x69\x6e\x65\x20\x78\x31\x3d\x22\x34\x2e\x39\x33\x22\x20\x79\x31\
\x3d\x22\x31\x39\x2e\x30\x37\x22\x20\x78\x32\x3d\x22\x37\x2e\x37\
\x36\x22\x20\x79\x32\x3d\x22\x31\x36\x2e\x32\x34\x22\x2f\x3e\x3c\
\x6c\x69\x6e\x65\x20\x78\x31\x3d\x22\x31\x36\x2e\x32\x34\x22\x20\
\x79\x31\x3d\x22\x37\x2e\x37\x36\x22\x20\x78\x32\x3d\x22\x31\x39\
\x2e\x30\x37\x22\x20\x79\x32\x3d\x22\x34\x2e\x39\x33\x22\x2f\x3e\
\x3c\x2f\x73\x76\x67\x3e\
\x00\x00\x02\x17\
\x3c\
\x73\x76\x67\x20\x78\x6d\x6c\x6e\x73\x3d\x22\x68\x74\x74\x70\x3a\
\x2f\x2f\x77\x77\x77\x2e\x77\x33\x2e\x6f\x72\x67\x2f\x32\x30\x30\
\x30\x2f\x73\x76\x67\x22\x20\x77\x69\x64\x74\x68\x3d\x22\x32\x34\
\x22\x20\x68\x65\x69\x67\x68\x74\x3d\x22\x32\x34\x22\x20\x76\x69\
\x65\x77\x42\x6f\x78\x3d\x22\x30\x20\x30\x20\x32\x34\x20\x32\x34\
\x22\x20\x66\x69\x6c\x6c\x3d\x22\x6e\x6f\x6e\x65\x22\x20\x73\x74\
\x72\x6f\x6b\x65\x3d\x22\x63\x75\x72\x72\x65\x6e\x74\x43\x6f\x6c\
\x6f\x72\x22\x20\x73\x74\x72\x6f\x6b\x65\x2d\x77\x69\x64\x74\x68\
\x3d\x22\x32\x22\x20\x73\x74\x72\x6f\x6b\x65\x2d\x6c\x69\x6e\x65\
\x63\x61\x70\x3d\x22\x72\x6f\x75\x6e\x64\x22\x20\x73\x74\x72\x6f\
\x6b\x65\x2d\x6c\x69\x6e\x65\x6a\x6f\x69\x6e\x3d\x22\x72\x6f\x75\
\x6e\x64\x22\x3e\x3c\x70\x61\x74\x68\x20\x64\x3d\x22\x4d\x31\x35\
\x2e\x30\x35\x20\x35\x41\x35\x20\x35\x20\x30\x20\x30\x20\x31\x20\
\x31\x39\x20\x38\x2e\x39\x35\x4d\x31\x35\x2e\x30\x35\x20\x31\x41\
\x39\x20\x39\x20\x30\x20\x30\x20\x31\x20\x32\x33\x20\x38\x2e\x39\
\x34\x6d\x2d\x31\x20\x37\x2e\x39\x38\x76\x33\x61\x32\x20\x32\x20\
\x30\x20\x30\x20\x31\x2d\x32\x2e\x31\x38\x20\x32\x20\x31\x39\x2e\
\x37\x39\x20\x31\x39\x2e\x37\x39\x20\x30\x20\x30\x20\x31\x2d\x38\
\x2e\x36\x33\x2d\x33\x2e\x30\x37\x20\x31\x39\x2e\x35\x20\x31\x39\
\x2e\x35\x20\x30\x20\x30\x20\x31\x2d\x36\x2d\x36\x20\x31\x39\x2e\
\x37\x39\x20\x31\x39\x2e\x37\x39\x20\x30\x20\x30\x20\x31\x2d\x33\
\x2e\x30\x37\x2d\x38\x2e\x36\x37\x41\x32\x20\x32\x20\x30\x20\x30\
\x20\x31\x20\x34\x2e\x31\x31\x20\x32\x68\x33\x61\x32\x20\x32\x20\
\x30\x20\x30\x20\x31\x20\x32\x20\x31\x2e\x37\x32\x20\x31\x32\x2e\
\x38\x34\x20\x31\x32\x2e\x38\x34\x20\x30\x20\x30\x20\x30\x20\x2e\
\x37\x20\x32\x2e\x38\x31\x20\x32\x20\x32\x20\x30\x20\x30\x20\x31\
\x2d\x2e\x34\x35\x20\x32\x2e\x31\x31\x4c\x38\x2e\x30\x39\x20\x39\
\x2e\x39\x31\x61\x31\x36\x20\x31\x36\x20\x30\x20\x30\x20\x30\x20\
\x36\x20\x36\x6c\x31\x2e\x32\x37\x2d\x31\x2e\x32\x37\x61\x32\x20\
\x32\x20\x30\x20\x30\x20\x31\x20\x32\x2e\x31\x31\x2d\x2e\x34\x35\
\x20\x31\x32\x2e\x38\x34\x20\x31\x32\x2e\x38\x34\x20\x30\x20\x30\
\x20\x30\x20\x32\x2e\x38\x31\x2e\x37\x41\x32\x20\x32\x20\x30\x20\
\x30\x20\x31\x20\x32\x32\x20\x31\x36\x2e\x39\x32\x7a\x22\x2f\x3e\
\x3c\x2f\x73\x76\x67\x3e\
\x00\x00\x01\x5c\
\x3c\
\x73\x76\x67\x20\x78\x6d\x6c\x6e\x73\x3d\x22\x68\x74\x74\x70\x3a\
\x2f\x2f\x77\x77\x77\x2e\x77\x33\x2e\x6f\x72\x67\x2f\x32\x30\x30\
\x30\x2f\x73\x76\x67\x22\x20\x77\x69\x64\x74\x68\x3d\x22\x32\x34\
\x22\x20\x68\x65\x69\x67\x68\x74\x3d\x22\x32\x34\x22\x20\x76\x69\
\x65\x77\x42\x6f\x78\x3d\x22\x30\x20\x30\x20\x32\x34\x20\x32\x34\
\x22\x20\x66\x69\x6c\x6c\x3d\x22\x6e\x6f\x6e\x65\x22\x20\x73\x74\
\x72\x6f\x6b\x65\x3d\x22\x63\x75\x72\x72\x65\x6e\x74\x43\x6f\x6c\
\x6f\x72\x22\x20\x73\x74\x72\x6f\x6b\x65\x2d\x77\x69\x64\x74\x68\
\x3d\x22\x32\x22\x20\x73\x74\x72\x6f\x6b\x65\x2d\x6c\x69\x6e\x65\
\x63\x61\x70\x3d\x22\x72\x6f\x75\x6e\x64\x22\x20\x73\x74\x72\x6f\
\x6b\x65\x2d\x6c\x69\x6e\x65\x6a\x6f\x69\x6e\x3d\x22\x72\x6f\x75\
\x6e\x64\x22\x3e\x3c\x70\x61\x74\x68\x20\x64\x3d\x22\x4d\x31\x36\
\x20\x32\x31\x76\x2d\x32\x61\x34\x20\x34\x20\x30\x20\x30\x20\x30\
\x2d\x34\x2d\x34\x48\x35\x61\x34\x20\x34\x20\x30\x20\x30\x20\x30\
\x2d\x34\x20\x34\x76\x32\x22\x2f\x3e\x3c\x63\x69\x72\x63\x6c\x65\
\x20\x63\x78\x3d\x22\x38\x2e\x35\x22\x20\x63\x79\x3d\x22\x37\x22\
\x20\x72\x3d\x22\x34\x22\x2f\x3e\x3c\x6c\x69\x6e\x65\x20\x78\x31\
\x3d\x22\x32\x30\x22\x20\x79\x31\x3d\x22\x38\x22\x20\x78\x32\x3d\
\x22\x32\x30\x22\x20\x79\x32\x3d\x22\x31\x34\x22\x2f\x3e\x3c\x6c\
\x69\x6e\x65\x20\x78\x31\x3d\x22\x32\x33\x22\x20\x79\x31\x3d\x22\
\x31\x31\x22\x20\x78\x32\x3d\x22\x31\x37\x22\x20\x79\x32\x3d\x22\
\x31\x31\x22\x2f\x3e\x3c\x2f\x73\x76\x67\x3e\
\x00\x00\x01\x59\
\x3c\
\x73\x76\x67\x20\x78\x6d\x6c\x6e\x73\x3d\x22\x68\x74\x74\x70\x3a\
\x2f\x2f\x77\x77\x77\x2e\x77\x33\x2e\x6f\x72\x67\x2f\x32\x30\x30\
\x30\x2f\x73\x76\x67\x22\x20\x77\x69\x64\x74\x68\x3d\x22\x32\x34\
\x22\x20\x68\x65\x69\x67\x68\x74\x3d\x22\x32\x34\x22\x20\x76\x69\
\x65\x77\x42\x6f\x78\x3d\x22\x30\x20\x30\x20\x32\x34\x20\x32\x34\
\x22\x20\x66\x69\x6c\x6c\x3d\x22\x6e\x6f\x6e\x65\x22\x20\x73\x74\
\x72\x6f\x6b\x65\x3d\x22\x63\x75\x72\x72\x65\x6e\x74\x43\x6f\x6c\
\x6f\x72\x22\x20\x73\x74\x72\x6f\x6b\x65\x2d\x77\x69\x64\x74\x68\
\x3d\x22\x32\x22\x20\x73\x74\x72\x6f\x6b\x65\x2d\x6c\x69\x6e\x65\
\x63\x61\x70\x3d\x22\x72\x6f\x75\x6e\x64\x22\x20\x73\x74\x72\x6f\
\x6b\x65\x2d\x6c\x69\x6e\x65\x6a\x6f\x69\x6e\x3d\x22\x72\x6f\x75\
\x6e\x64\x22\x3e\x3c\x63\x69\x72\x63\x6c\x65\x20\x63\x78\x3d\x22\
\x31\x32\x22\x20\x63\x79\x3d\x22\x31\x32\x22\x20\x72\x3d\x22\x32\
\x22\x2f\x3e\x3c\x70\x61\x74\x68\x20\x64\x3d\x22\x4d\x31\x36\x2e\
\x32\x34\x20\x37\x2e\x37\x36\x61\x36\x20\x36\x20\x30\x20\x30\x20\
\x31\x20\x30\x20\x38\x2e\x34\x39\x6d\x2d\x38\x2e\x34\x38\x2d\x2e\
\x30\x31\x61\x36\x20\x36\x20\x30\x20\x30\x20\x31\x20\x30\x2d\x38\
\x2e\x34\x39\x6d\x31\x31\x2e\x33\x31\x2d\x32\x2e\x38\x32\x61\x31\
\x30\x20\x31\x30\x20\x30\x20\x30\x20\x31\x20\x30\x20\x31\x34\x2e\
\x31\x34\x6d\x2d\x31\x34\x2e\x31\x34\x20\x30\x61\x31\x30\x20\x31\
\x30\x20\x30\x20\x30\x20\x31\x20\x30\x2d\x31\x34\x2e\x31\x34\x22\
\x2f\x3e\x3c\x2f\x73\x76\x67\x3e\
\x00\x00\x01\x44\
\x3c\
\x73\x76\x67\x20\x77\x69\x64\x74\x68\x3d\x22\x32\x34\x22\x20\x68\
\x65\x69\x67\x68\x74\x3d\x22\x32\x34\x22\x20\x76\x69\x65\x77\x42\
\x6f\x78\x3d\x22\x30\x20\x30\x20\x32\x34\x20\x32\x34\x22\x20\x78\
\x6d\x6c\x6e\x73\x3d\x22\x68\x74\x74\x70\x3a\x2f\x2f\x77\x77\x77\
\x2e\x77\x33\x2e\x6f\x72\x67\x2f\x32\x30\x30\x30\x2f\x73\x76\x67\
\x22\x20\x66\x69\x6c\x6c\x3d\x22\x6e\x6f\x6e\x65\x22\x20\x73\x74\
\x72\x6f\x6b\x65\x3d\x22\x63\x75\x72\x72\x65\x6e\x74\x43\x6f\x6c\
\x6f\x72\x22\x20\x73\x74\x72\x6f\x6b\x65\x2d\x77\x69\x64\x74\x68\
\x3d\x22\x32\x22\x20\x73\x74\x72\x6f\x6b\x65\x2d\x6c\x69\x6e\x65\
\x63\x61\x70\x3d\x22\x72\x6f\x75\x6e\x64\x22\x20\x73\x74\x72\x6f\
\x6b\x65\x2d\x6c\x69\x6e\x65\x6a\x6f\x69\x6e\x3d\x22\x72\x6f\x75\
\x6e\x64\x22\x3e\x3c\x70\x61\x74\x68\x20\x64\x3d\x22\x4d\x31\x31\
\x20\x34\x48\x34\x61\x32\x20\x32\x20\x30\x20\x30\x20\x30\x2d\x32\
\x20\x32\x76\x31\x34\x61\x32\x20\x32\x20\x30\x20\x30\x20\x30\x20\
\x32\x20\x32\x68\x31\x34\x61\x32\x20\x32\x20\x30\x20\x30\x20\x30\
\x20\x32\x2d\x32\x76\x2d\x37\x22\x2f\x3e\x3c\x70\x61\x74\x68\x20\
\x64\x3d\x22\x4d\x31\x38\x2e\x35\x20\x32\x2e\x35\x61\x32\x2e\x31\
\x32\x31\x20\x32\x2e\x31\x32\x31\x20\x30\x20\x30\x20\x31\x20\x33\
\x20\x33\x4c\x31\x32\x20\x31\x35\x6c\x2d\x34\x20\x31\x20\x31\x2d\
\x34\x20\x39\x2e\x35\x2d\x39\x2e\x35\x7a\x22\x2f\x3e\x3c\x2f\x73\
\x76\x67\x3e\
\x00\x00\x01\x03\
\x3c\
\x73\x76\x67\x20\x78\x6d\x6c\x6e\x73\x3d\x22\x68\x74\x74\x70\x3a\
\x2f\x2f\x77\x77\x77\x2e\x77\x33\x2e\x6f\x72\x67\x2f\x32\x30\x30\
\x30\x2f\x73\x76\x67\x22\x20\x77\x69\x64\x74\x68\x3d\x22\x32\x34\
\x22\x20\x68\x65\x69\x67\x68\x74\x3d\x22\x32\x34\x22\x20\x76\x69\
\x65\x77\x42\x6f\x78\x3d\x22\x30\x20\x30\x20\x32\x34\x20\x32\x34\
\x22\x20\x66\x69\x6c\x6c\x3d\x22\x6e\x6f\x6e\x65\x22\x20\x73\x74\
\x72\x6f\x6b\x65\x3d\x22\x63\x75\x72\x72\x65\x6e\x74\x43\x6f\x6c\
\x6f\x72\x22\x20\x73\x74\x72\x6f\x6b\x65\x2d\x77\x69\x64\x74\x68\
\x3d\x22\x32\x22\x20\x73\x74\x72\x6f\x6b\x65\x2d\x6c\x69\x6e\x65\
\x63\x61\x70\x3d\x22\x72\x6f\x75\x6e\x64\x22\x20\x73\x74\x72\x6f\
\x6b\x65\x2d\x6c\x69\x6e\x65\x6a\x6f\x69\x6e\x3d\x22\x72\x6f\x75\
\x6e\x64\x22\x3e\x3c\x70\x6f\x6c\x79\x6c\x69\x6e\x65\x20\x70\x6f\
\x69\x6e\x74\x73\x3d\x22\x31\x33\x20\x31\x37\x20\x31\x38\x20\x31\
\x32\x20\x31\x33\x20\x37\x22\x2f\x3e\x3c\x70\x6f\x6c\x79\x6c\x69\
\x6e\x65\x20\x70\x6f\x69\x6e\x74\x73\x3d\x22\x36\x20\x31\x37\x20\
\x31\x31\x20\x31\x32\x20\x36\x20\x37\x22\x2f\x3e\x3c\x2f\x73\x76\
\x67\x3e\
\x00\x00\x01\x05\
\x3c\
\x73\x76\x67\x20\x78\x6d\x6c\x6e\x73\x3d\x22\x68\x74\x74\x70\x3a\
\x2f\x2f\x77\x77\x77\x2e\x77\x33\x2e\x6f\x72\x67\x2f\x32\x30\x30\
\x30\x2f\x73\x76\x67\x22\x20\x77\x69\x64\x74\x68\x3d\x22\x32\x34\
\x22\x20\x68\x65\x69\x67\x68\x74\x3d\x22\x32\x34\x22\x20\x76\x69\
\x65\x77\x42\x6f\x78\x3d\x22\x30\x20\x30\x20\x32\x34\x20\x32\x34\
\x22\x20\x66\x69\x6c\x6c\x3d\x22\x6e\x6f\x6e\x65\x22\x20\x73\x74\
\x72\x6f\x6b\x65\x3d\x22\x63\x75\x72\x72\x65\x6e\x74\x43\x6f\x6c\
\x6f\x72\x22\x20\x73\x74\x72\x6f\x6b\x65\x2d\x77\x69\x64\x74\x68\
\x3d\x22\x32\x22\x20\x73\x74\x72\x6f\x6b\x65\x2d\x6c\x69\x6e\x65\
\x63\x61\x70\x3d\x22\x72\x6f\x75\x6e\x64\x22\x20\x73\x74\x72\x6f\
\x6b\x65\x2d\x6c\x69\x6e\x65\x6a\x6f\x69\x6e\x3d\x22\x72\x6f\x75\
\x6e\x64\x22\x3e\x3c\x70\x6f\x6c\x79\x6c\x69\x6e\x65\x20\x70\x6f\
\x69\x6e\x74\x73\x3d\x22\x34\x20\x31\x37\x20\x31\x30\x20\x31\x31\
\x20\x34\x20\x35\x22\x2f\x3e\x3c\x6c\x69\x6e\x65\x20\x78\x31\x3d\
\x22\x31\x32\x22\x20\x79\x31\x3d\x22\x31\x39\x22\x20\x78\x32\x3d\
\x22\x32\x30\x22\x20\x79\x32\x3d\x22\x31\x39\x22\x2f\x3e\x3c\x2f\
\x73\x76\x67\x3e\
\x00\x00\x01\x24\
\x3c\
\x73\x76\x67\x20\x78\x6d\x6c\x6e\x73\x3d\x22\x68\x74\x74\x70\x3a\
\x2f\x2f\x77\x77\x77\x2e\x77\x33\x2e\x6f\x72\x67\x2f\x32\x30\x30\
\x30\x2f\x73\x76\x67\x22\x20\x77\x69\x64\x74\x68\x3d\x22\x32\x34\
\x22\x20\x68\x65\x69\x67\x68\x74\x3d\x22\x32\x34\x22\x20\x76\x69\
\x65\x77\x42\x6f\x78\x3d\x22\x30\x20\x30\x20\x32\x34\x20\x32\x34\
\x22\x20\x66\x69\x6c\x6c\x3d\x22\x6e\x6f\x6e\x65\x22\x20\x73\x74\
\x72\x6f\x6b\x65\x3d\x22\x63\x75\x72\x72\x65\x6e\x74\x43\x6f\x6c\
\x6f\x72\x22\x20\x73\x74\x72\x6f\x6b\x65\x2d\x77\x69\x64\x74\x68\
\x3d\x22\x32\x22\x20\x73\x74\x72\x6f\x6b\x65\x2d\x6c\x69\x6e\x65\
\x63\x61\x70\x3d\x22\x72\x6f\x75\x6e\x64\x22\x20\x73\x74\x72\x6f\
\x6b\x65\x2d\x6c\x69\x6e\x65\x6a\x6f\x69\x6e\x3d\x22\x72\x6f\x75\
\x6e\x64\x22\x3e\x3c\x70\x6f\x6c\x79\x6c\x69\x6e\x65\x20\x70\x6f\
\x69\x6e\x74\x73\x3d\x22\x39\x20\x31\x31\x20\x31\x32\x20\x31\x34\
\x20\x32\x32\x20\x34\x22\x2f\x3e\x3c\x70\x61\x74\x68\x20\x64\x3d\
\x22\x4d\x32\x31\x20\x31\x32\x76\x37\x61\x32\x20\x32\x20\x30\x20\
\x30\x20\x31\x2d\x32\x20\x32\x48\x35\x61\x32\x20\x32\x20\x30\x20\
\x30\x20\x31\x2d\x32\x2d\x32\x56\x35\x61\x32\x20\x32\x20\x30\x20\
\x30\x20\x31\x20\x32\x2d\x32\x68\x31\x31\x22\x2f\x3e\x3c\x2f\x73\
\x76\x67\x3e\
\x00\x00\x01\x49\
\x3c\
\x73\x76\x67\x20\x78\x6d\x6c\x6e\x73\x3d\x22\x68\x74\x74\x70\x3a\
\x2f\x2f\x77\x77\x77\x2e\x77\x33\x2e\x6f\x72\x67\x2f\x32\x30\x30\
\x30\x2f\x73\x76\x67\x22\x20\x77\x69\x64\x74\x68\x3d\x22\x32\x34\
\x22\x20\x68\x65\x69\x67\x68\x74\x3d\x22\x32\x34\x22\x20\x76\x69\
\x65\x77\x42\x6f\x78\x3d\x22\x30\x20\x30\x20\x32\x34\x20\x32\x34\
\x22\x20\x66\x69\x6c\x6c\x3d\x22\x6e\x6f\x6e\x65\x22\x20\x73\x74\
\x72\x6f\x6b\x65\x3d\x22\x63\x75\x72\x72\x65\x6e\x74\x43\x6f\x6c\
\x6f\x72\x22\x20\x73\x74\x72\x6f\x6b\x65\x2d\x77\x69\x64\x74\x68\
\x3d\x22\x32\x22\x20\x73\x74\x72\x6f\x6b\x65\x2d\x6c\x69\x6e\x65\
\x63\x61\x70\x3d\x22\x72\x6f\x75\x6e\x64\x22\x20\x73\x74\x72\x6f\
\x6b\x65\x2d\x6c\x69\x6e\x65\x6a\x6f\x69\x6e\x3d\x22\x72\x6f\x75\
\x6e\x64\x22\x3e\x3c\x70\x6f\x6c\x79\x6c\x69\x6e\x65\x20\x70\x6f\
\x69\x6e\x74\x73\x3d\x22\x31\x37\x20\x31\x20\x32\x31\x20\x35\x20\
\x31\x37\x20\x39\x22\x2f\x3e\x3c\x70\x61\x74\x68\x20\x64\x3d\x22\
\x4d\x33\x20\x31\x31\x56\x39\x61\x34\x20\x34\x20\x30\x20\x30\x20\
\x31\x20\x34\x2d\x34\x68\x31\x34\x22\x2f\x3e\x3c\x70\x6f\x6c\x79\
\x6c\x69\x6e\x65\x20\x70\x6f\x69\x6e\x74\x73\x3d\x22\x37\x20\x32\
\x33\x20\x33\x20\x31\x39\x20\x37\x20\x31\x35\x22\x2f\x3e\x3c\x70\
\x61\x74\x68\x20\x64\x3d\x22\x4d\x32\x31\x20\x31\x33\x76\x32\x61\
\x34\x20\x34\x20\x30\x20\x30\x20\x31\x2d\x34\x20\x34\x48\x33\x22\
\x2f\x3e\x3c\x2f\x73\x76\x67\x3e\
\x00\x00\x01\x29\
\x3c\
\x73\x76\x67\x20\x78\x6d\x6c\x6e\x73\x3d\x22\x68\x74\x74\x70\x3a\
\x2f\x2f\x77\x77\x77\x2e\x77\x33\x2e\x6f\x72\x67\x2f\x32\x30\x30\
\x30\x2f\x73\x76\x67\x22\x20\x77\x69\x64\x74\x68\x3d\x22\x32\x34\
\x22\x20\x68\x65\x69\x67\x68\x74\x3d\x22\x32\x34\x22\x20\x76\x69\
\x65\x77\x42\x6f\x78\x3d\x22\x30\x20\x30\x20\x32\x34\x20\x32\x34\
\x22\x20\x66\x69\x6c\x6c\x3d\x22\x6e\x6f\x6e\x65\x22\x20\x73\x74\
\x72\x6f\x6b\x65\x3d\x22\x63\x75\x72\x72\x65\x6e\x74\x43\x6f\x6c\
\x6f\x72\x22\x20\x73\x74\x72\x6f\x6b\x65\x2d\x77\x69\x64\x74\x68\
\x3d\x22\x32\x22\x20\x73\x74\x72\x6f\x6b\x65\x2d\x6c\x69\x6e\x65\
\x63\x61\x70\x3d\x22\x72\x6f\x75\x6e\x64\x22\x20\x73\x74\x72\x6f\
\x6b\x65\x2d\x6c\x69\x6e\x65\x6a\x6f\x69\x6e\x3d\x22\x72\x6f\x75\
\x6e\x64\x22\x3e\x3c\x72\x65\x63\x74\x20\x78\x3d\x22\x32\x22\x20\
\x79\x3d\x22\x37\x22\x20\x77\x69\x64\x74\x68\x3d\x22\x32\x30\x22\
\x20\x68\x65\x69\x67\x68\x74\x3d\x22\x31\x34\x22\x20\x72\x78\x3d\
\x22\x32\x22\x20\x72\x79\x3d\x22\x32\x22\x2f\x3e\x3c\x70\x61\x74\
\x68\x20\x64\x3d\x22\x4d\x31\x36\x20\x32\x31\x56\x35\x61\x32\x20\
\x32\x20\x30\x20\x30\x20\x30\x2d\x32\x2d\x32\x68\x2d\x34\x61\x32\
\x20\x32\x20\x30\x20\x30\x20\x30\x2d\x32\x20\x32\x76\x31\x36\x22\
\x2f\x3e\x3c\x2f\x73\x76\x67\x3e\
\x00\x00\x01\x40\
\x3c\
\x73\x76\x67\x20\x78\x6d\x6c\x6e\x73\x3d\x22\x68\x74\x74\x70\x3a\
\x2f\x2f\x77\x77\x77\x2e\x77\x33\x2e\x6f\x72\x67\x2f\x32\x30\x30\
\x30\x2f\x73\x76\x67\x22\x20\x77\x69\x64\x74\x68\x3d\x22\x32\x34\
\x22\x20\x68\x65\x69\x67\x68\x74\x3d\x22\x32\x34\x22\x20\x76\x69\
\x65\x77\x42\x6f\x78\x3d\x22\x30\x20\x30\x20\x32\x34\x20\x32\x34\
\x22\x20\x66\x69\x6c\x6c\x3d\x22\x6e\x6f\x6e\x65\x22\x20\x73\x74\
\x72\x6f\x6b\x65\x3d\x22\x63\x75\x72\x72\x65\x6e\x74\x43\x6f\x6c\
\x6f\x72\x22\x20\x73\x74\x72\x6f\x6b\x65\x2d\x77\x69\x64\x74\x68\
\x3d\x22\x32\x22\x20\x73\x74\x72\x6f\x6b\x65\x2d\x6c\x69\x6e\x65\
\x63\x61\x70\x3d\x22\x72\x6f\x75\x6e\x64\x22\x20\x73\x74\x72\x6f\
\x6b\x65\x2d\x6c\x69\x6e\x65\x6a\x6f\x69\x6e\x3d\x22\x72\x6f\x75\
\x6e\x64\x22\x3e\x3c\x72\x65\x63\x74\x20\x78\x3d\x22\x32\x22\x20\
\x79\x3d\x22\x33\x22\x20\x77\x69\x64\x74\x68\x3d\x22\x32\x30\x22\
\x20\x68\x65\x69\x67\x68\x74\x3d\x22\x31\x34\x22\x20\x72\x78\x3d\
\x22\x32\x22\x20\x72\x79\x3d\x22\x32\x22\x2f\x3e\x3c\x6c\x69\x6e\
\x65\x20\x78\x31\x3d\x22\x38\x22\x20\x79\x31\x3d\x22\x32\x31\x22\
\x20\x78\x32\x3d\x22\x31\x36\x22\x20\x79\x32\x3d\x22\x32\x31\x22\
\x2f\x3e\x3c\x6c\x69\x6e\x65\x20\x78\x31\x3d\x22\x31\x32\x22\x20\
\x79\x31\x3d\x22\x31\x37\x22\x20\x78\x32\x3d\x22\x31\x32\x22\x20\
\x79\x32\x3d\x22\x32\x31\x22\x2f\x3e\x3c\x2f\x73\x76\x67\x3e\
\x00\x00\x01\x05\
\x3c\
\x73\x76\x67\x20\x78\x6d\x6c\x6e\x73\x3d\x22\x68\x74\x74\x70\x3a\
\x2f\x2f\x77\x77\x77\x2e\x77\x33\x2e\x6f\x72\x67\x2f\x32\x30\x30\
\x30\x2f\x73\x76\x67\x22\x20\x77\x69\x64\x74\x68\x3d\x22\x32\x34\
\x22\x20\x68\x65\x69\x67\x68\x74\x3d\x22\x32\x34\x22\x20\x76\x69\
\x65\x77\x42\x6f\x78\x3d\x22\x30\x20\x30\x20\x32\x34\x20\x32\x34\
\x22\x20\x66\x69\x6c\x6c\x3d\x22\x6e\x6f\x6e\x65\x22\x20\x73\x74\
\x72\x6f\x6b\x65\x3d\x22\x63\x75\x72\x72\x65\x6e\x74\x43\x6f\x6c\
\x6f\x72\x22\x20\x73\x74\x72\x6f\x6b\x65\x2d\x77\x69\x64\x74\x68\
\x3d\x22\x32\x22\x20\x73\x74\x72\x6f\x6b\x65\x2d\x6c\x69\x6e\x65\
\x63\x61\x70\x3d\x22\x72\x6f\x75\x6e\x64\x22\x20\x73\x74\x72\x6f\
\x6b\x65\x2d\x6c\x69\x6e\x65\x6a\x6f\x69\x6e\x3d\x22\x72\x6f\x75\
\x6e\x64\x22\x3e\x3c\x70\x61\x74\x68\x20\x64\x3d\x22\x4d\x33\x20\
\x33\x6c\x37\x2e\x30\x37\x20\x31\x36\x2e\x39\x37\x20\x32\x2e\x35\
\x31\x2d\x37\x2e\x33\x39\x20\x37\x2e\x33\x39\x2d\x32\x2e\x35\x31\
\x4c\x33\x20\x33\x7a\x22\x2f\x3e\x3c\x70\x61\x74\x68\x20\x64\x3d\
\x22\x4d\x31\x33\x20\x31\x33\x6c\x36\x20\x36\x22\x2f\x3e\x3c\x2f\
\x73\x76\x67\x3e\
\x00\x00\x00\xde\
\x3c\
\x73\x76\x67\x20\x78\x6d\x6c\x6e\x73\x3d\x22\x68\x74\x74\x70\x3a\
\x2f\x2f\x77\x77\x77\x2e\x77\x33\x2e\x6f\x72\x67\x2f\x32\x30\x30\
\x30\x2f\x73\x76\x67\x22\x20\x77\x69\x64\x74\x68\x3d\x22\x32\x34\
\x22\x20\x68\x65\x69\x67\x68\x74\x3d\x22\x32\x34\x22\x20\x76\x69\
\x65\x77\x42\x6f\x78\x3d\x22\x30\x20\x30\x20\x32\x34\x20\x32\x34\
\x22\x20\x66\x69\x6c\x6c\x3d\x22\x6e\x6f\x6e\x65\x22\x20\x73\x74\
\x72\x6f\x6b\x65\x3d\x22\x63\x75\x72\x72\x65\x6e\x74\x43\x6f\x6c\
\x6f\x72\x22\x20\x73\x74\x72\x6f\x6b\x65\x2d\x77\x69\x64\x74\x68\
\x3d\x22\x32\x22\x20\x73\x74\x72\x6f\x6b\x65\x2d\x6c\x69\x6e\x65\
\x63\x61\x70\x3d\x22\x72\x6f\x75\x6e\x64\x22\x20\x73\x74\x72\x6f\
\x6b\x65\x2d\x6c\x69\x6e\x65\x6a\x6f\x69\x6e\x3d\x22\x72\x6f\x75\
\x6e\x64\x22\x3e\x3c\x70\x6f\x6c\x79\x6c\x69\x6e\x65\x20\x70\x6f\
\x69\x6e\x74\x73\x3d\x22\x32\x30\x20\x36\x20\x39\x20\x31\x37\x20\
\x34\x20\x31\x32\x22\x2f\x3e\x3c\x2f\x73\x76\x67\x3e\
\x00\x00\x01\x62\
\x3c\
\x73\x76\x67\x20\x78\x6d\x6c\x6e\x73\x3d\x22\x68\x74\x74\x70\x3a\
\x2f\x2f\x77\x77\x77\x2e\x77\x33\x2e\x6f\x72\x67\x2f\x32\x30\x30\
\x30\x2f\x73\x76\x67\x22\x20\x77\x69\x64\x74\x68\x3d\x22\x32\x34\
\x22\x20\x68\x65\x69\x67\x68\x74\x3d\x22\x32\x34\x22\x20\x76\x69\
\x65\x77\x42\x6f\x78\x3d\x22\x30\x20\x30\x20\x32\x34\x20\x32\x34\
\x22\x20\x66\x69\x6c\x6c\x3d\x22\x6e\x6f\x6e\x65\x22\x20\x73\x74\
\x72\x6f\x6b\x65\x3d\x22\x63\x75\x72\x72\x65\x6e\x74\x43\x6f\x6c\
\x6f\x72\x22\x20\x73\x74\x72\x6f\x6b\x65\x2d\x77\x69\x64\x74\x68\
\x3d\x22\x32\x22\x20\x73\x74\x72\x6f\x6b\x65\x2d\x6c\x69\x6e\x65\
\x63\x61\x70\x3d\x22\x72\x6f\x75\x6e\x64\x22\x20\x73\x74\x72\x6f\
\x6b\x65\x2d\x6c\x69\x6e\x65\x6a\x6f\x69\x6e\x3d\x22\x72\x6f\x75\
\x6e\x64\x22\x3e\x3c\x72\x65\x63\x74\x20\x78\x3d\x22\x31\x22\x20\
\x79\x3d\x22\x33\x22\x20\x77\x69\x64\x74\x68\x3d\x22\x31\x35\x22\
\x20\x68\x65\x69\x67\x68\x74\x3d\x22\x31\x33\x22\x2f\x3e\x3c\x70\
\x6f\x6c\x79\x67\x6f\x6e\x20\x70\x6f\x69\x6e\x74\x73\x3d\x22\x31\
\x36\x20\x38\x20\x32\x30\x20\x38\x20\x32\x33\x20\x31\x31\x20\x32\
\x33\x20\x31\x36\x20\x31\x36\x20\x31\x36\x20\x31\x36\x20\x38\x22\
\x2f\x3e\x3c\x63\x69\x72\x63\x6c\x65\x20\x63\x78\x3d\x22\x35\x2e\
\x35\x22\x20\x63\x79\x3d\x22\x31\x38\x2e\x35\x22\x20\x72\x3d\x22\
\x32\x2e\x35\x22\x2f\x3e\x3c\x63\x69\x72\x63\x6c\x65\x20\x63\x78\
\x3d\x22\x31\x38\x2e\x35\x22\x20\x63\x79\x3d\x22\x31\x38\x2e\x35\
\x22\x20\x72\x3d\x22\x32\x2e\x35\x22\x2f\x3e\x3c\x2f\x73\x76\x67\
\x3e\
\x00\x00\x01\x04\
\x3c\
\x73\x76\x67\x20\x78\x6d\x6c\x6e\x73\x3d\x22\x68\x74\x74\x70\x3a\
\x2f\x2f\x77\x77\x77\x2e\x77\x33\x2e\x6f\x72\x67\x2f\x32\x30\x30\
\x30\x2f\x73\x76\x67\x22\x20\x77\x69\x64\x74\x68\x3d\x22\x32\x34\
\x22\x20\x68\x65\x69\x67\x68\x74\x3d\x22\x32\x34\x22\x20\x76\x69\
\x65\x77\x42\x6f\x78\x3d\x22\x30\x20\x30\x20\x32\x34\x20\x32\x34\
\x22\x20\x66\x69\x6c\x6c\x3d\x22\x6e\x6f\x6e\x65\x22\x20\x73\x74\
\x72\x6f\x6b\x65\x3d\x22\x63\x75\x72\x72\x65\x6e\x74\x43\x6f\x6c\
\x6f\x72\x22\x20\x73\x74\x72\x6f\x6b\x65\x2d\x77\x69\x64\x74\x68\
\x3d\x22\x32\x22\x20\x73\x74\x72\x6f\x6b\x65\x2d\x6c\x69\x6e\x65\
\x63\x61\x70\x3d\x22\x72\x6f\x75\x6e\x64\x22\x20\x73\x74\x72\x6f\
\x6b\x65\x2d\x6c\x69\x6e\x65\x6a\x6f\x69\x6e\x3d\x22\x72\x6f\x75\
\x6e\x64\x22\x3e\x3c\x63\x69\x72\x63\x6c\x65\x20\x63\x78\x3d\x22\
\x31\x32\x22\x20\x63\x79\x3d\x22\x31\x32\x22\x20\x72\x3d\x22\x31\
\x30\x22\x2f\x3e\x3c\x70\x6f\x6c\x79\x67\x6f\x6e\x20\x70\x6f\x69\
\x6e\x74\x73\x3d\x22\x31\x30\x20\x38\x20\x31\x36\x20\x31\x32\x20\
\x31\x30\x20\x31\x36\x20\x31\x30\x20\x38\x22\x2f\x3e\x3c\x2f\x73\
\x76\x67\x3e\
\x00\x00\x01\x37\
\x3c\
\x73\x76\x67\x20\x78\x6d\x6c\x6e\x73\x3d\x22\x68\x74\x74\x70\x3a\
\x2f\x2f\x77\x77\x77\x2e\x77\x33\x2e\x6f\x72\x67\x2f\x32\x30\x30\
\x30\x2f\x73\x76\x67\x22\x20\x77\x69\x64\x74\x68\x3d\x22\x32\x34\
\x22\x20\x68\x65\x69\x67\x68\x74\x3d\x22\x32\x34\x22\x20\x76\x69\
\x65\x77\x42\x6f\x78\x3d\x22\x30\x20\x30\x20\x32\x34\x20\x32\x34\
\x22\x20\x66\x69\x6c\x6c\x3d\x22\x6e\x6f\x6e\x65\x22\x20\x73\x74\
\x72\x6f\x6b\x65\x3d\x22\x63\x75\x72\x72\x65\x6e\x74\x43\x6f\x6c\
\x6f\x72\x22\x20\x73\x74\x72\x6f\x6b\x65\x2d\x77\x69\x64\x74\x68\
\x3d\x22\x32\x22\x20\x73\x74\x72\x6f\x6b\x65\x2d\x6c\x69\x6e\x65\
\x63\x61\x70\x3d\x22\x72\x6f\x75\x6e\x64\x22\x20\x73\x74\x72\x6f\
\x6b\x65\x2d\x6c\x69\x6e\x65\x6a\x6f\x69\x6e\x3d\x22\x72\x6f\x75\
\x6e\x64\x22\x3e\x3c\x70\x6f\x6c\x79\x67\x6f\x6e\x20\x70\x6f\x69\
\x6e\x74\x73\x3d\x22\x31\x31\x20\x35\x20\x36\x20\x39\x20\x32\x20\
\x39\x20\x32\x20\x31\x35\x20\x36\x20\x31\x35\x20\x31\x31\x20\x31\
\x39\x20\x31\x31\x20\x35\x22\x2f\x3e\x3c\x70\x61\x74\x68\x20\x64\
\x3d\x22\x4d\x31\x39\x2e\x30\x37\x20\x34\x2e\x39\x33\x61\x31\x30\
\x20\x31\x30\x20\x30\x20\x30\x20\x31\x20\x30\x20\x31\x34\x2e\x31\
\x34\x4d\x31\x35\x2e\x35\x34\x20\x38\x2e\x34\x36\x61\x35\x20\x35\
\x20\x30\x20\x30\x20\x31\x20\x30\x20\x37\x2e\x30\x37\x22\x2f\x3e\
\x3c\x2f\x73\x76\x67\x3e\
\x00\x00\x01\x26\
\x3c\
\x73\x76\x67\x20\x78\x6d\x6c\x6e\x73\x3d\x22\x68\x74\x74\x70\x3a\
\x2f\x2f\x77\x77\x77\x2e\x77\x33\x2e\x6f\x72\x67\x2f\x32\x30\x30\
\x30\x2f\x73\x76\x67\x22\x20\x77\x69\x64\x74\x68\x3d\x22\x32\x34\
\x22\x20\x68\x65\x69\x67\x68\x74\x3d\x22\x32\x34\x22\x20\x76\x69\
\x65\x77\x42\x6f\x78\x3d\x22\x30\x20\x30\x20\x32\x34\x20\x32\x34\
\x22\x20\x66\x69\x6c\x6c\x3d\x22\x6e\x6f\x6e\x65\x22\x20\x73\x74\
\x72\x6f\x6b\x65\x3d\x22\x63\x75\x72\x72\x65\x6e\x74\x43\x6f\x6c\
\x6f\x72\x22\x20\x73\x74\x72\x6f\x6b\x65\x2d\x77\x69\x64\x74\x68\
\x3d\x22\x32\x22\x20\x73\x74\x72\x6f\x6b\x65\x2d\x6c\x69\x6e\x65\
\x63\x61\x70\x3d\x22\x72\x6f\x75\x6e\x64\x22\x20\x73\x74\x72\x6f\
\x6b\x65\x2d\x6c\x69\x6e\x65\x6a\x6f\x69\x6e\x3d\x22\x72\x6f\x75\
\x6e\x64\x22\x3e\x3c\x63\x69\x72\x63\x6c\x65\x20\x63\x78\x3d\x22\
\x31\x32\x22\x20\x63\x79\x3d\x22\x31\x32\x22\x20\x72\x3d\x22\x31\
\x30\x22\x2f\x3e\x3c\x70\x6f\x6c\x79\x6c\x69\x6e\x65\x20\x70\x6f\
\x69\x6e\x74\x73\x3d\x22\x38\x20\x31\x32\x20\x31\x32\x20\x31\x36\
\x20\x31\x36\x20\x31\x32\x22\x2f\x3e\x3c\x6c\x69\x6e\x65\x20\x78\
\x31\x3d\x22\x31\x32\x22\x20\x79\x31\x3d\x22\x38\x22\x20\x78\x32\
\x3d\x22\x31\x32\x22\x20\x79\x32\x3d\x22\x31\x36\x22\x2f\x3e\x3c\
\x2f\x73\x76\x67\x3e\
\x00\x00\x01\x18\
\x3c\
\x73\x76\x67\x20\x78\x6d\x6c\x6e\x73\x3d\x22\x68\x74\x74\x70\x3a\
\x2f\x2f\x77\x77\x77\x2e\x77\x33\x2e\x6f\x72\x67\x2f\x32\x30\x30\
\x30\x2f\x73\x76\x67\x22\x20\x77\x69\x64\x74\x68\x3d\x22\x32\x34\
\x22\x20\x68\x65\x69\x67\x68\x74\x3d\x22\x32\x34\x22\x20\x76\x69\
\x65\x77\x42\x6f\x78\x3d\x22\x30\x20\x30\x20\x32\x34\x20\x32\x34\
\x22\x20\x66\x69\x6c\x6c\x3d\x22\x6e\x6f\x6e\x65\x22\x20\x73\x74\
\x72\x6f\x6b\x65\x3d\x22\x63\x75\x72\x72\x65\x6e\x74\x43\x6f\x6c\
\x6f\x72\x22\x20\x73\x74\x72\x6f\x6b\x65\x2d\x77\x69\x64\x74\x68\
\x3d\x22\x32\x22\x20\x73\x74\x72\x6f\x6b\x65\x2d\x6c\x69\x6e\x65\
\x63\x61\x70\x3d\x22\x72\x6f\x75\x6e\x64\x22\x20\x73\x74\x72\x6f\
\x6b\x65\x2d\x6c\x69\x6e\x65\x6a\x6f\x69\x6e\x3d\x22\x72\x6f\x75\
\x6e\x64\x22\x3e\x3c\x70\x6f\x6c\x79\x67\x6f\x6e\x20\x70\x6f\x69\
\x6e\x74\x73\x3d\x22\x31\x31\x20\x35\x20\x36\x20\x39\x20\x32\x20\
\x39\x20\x32\x20\x31\x35\x20\x36\x20\x31\x35\x20\x31\x31\x20\x31\
\x39\x20\x31\x31\x20\x35\x22\x2f\x3e\x3c\x70\x61\x74\x68\x20\x64\
\x3d\x22\x4d\x31\x35\x2e\x35\x34\x20\x38\x2e\x34\x36\x61\x35\x20\
\x35\x20\x30\x20\x30\x20\x31\x20\x30\x20\x37\x2e\x30\x37\x22\x2f\
\x3e\x3c\x2f\x73\x76\x67\x3e\
\x00\x00\x02\x2c\
\x3c\
\x73\x76\x67\x20\x78\x6d\x6c\x6e\x73\x3d\x22\x68\x74\x74\x70\x3a\
\x2f\x2f\x77\x77\x77\x2e\x77\x33\x2e\x6f\x72\x67\x2f\x32\x30\x30\
\x30\x2f\x73\x76\x67\x22\x20\x77\x69\x64\x74\x68\x3d\x22\x32\x34\
\x22\x20\x68\x65\x69\x67\x68\x74\x3d\x22\x32\x34\x22\x20\x76\x69\
\x65\x77\x42\x6f\x78\x3d\x22\x30\x20\x30\x20\x32\x34\x20\x32\x34\
\x22\x20\x66\x69\x6c\x6c\x3d\x22\x6e\x6f\x6e\x65\x22\x20\x73\x74\
\x72\x6f\x6b\x65\x3d\x22\x63\x75\x72\x72\x65\x6e\x74\x43\x6f\x6c\
\x6f\x72\x22\x20\x73\x74\x72\x6f\x6b\x65\x2d\x77\x69\x64\x74\x68\
\x3d\x22\x32\x22\x20\x73\x74\x72\x6f\x6b\x65\x2d\x6c\x69\x6e\x65\
\x63\x61\x70\x3d\x22\x72\x6f\x75\x6e\x64\x22\x20\x73\x74\x72\x6f\
\x6b\x65\x2d\x6c\x69\x6e\x65\x6a\x6f\x69\x6e\x3d\x22\x72\x6f\x75\
\x6e\x64\x22\x3e\x3c\x70\x6f\x6c\x79\x6c\x69\x6e\x65\x20\x70\x6f\
\x69\x6e\x74\x73\x3d\x22\x31\x39\x20\x31\x20\x32\x33\x20\x35\x20\
\x31\x39\x20\x39\x22\x2f\x3e\x3c\x6c\x69\x6e\x65\x20\x78\x31\x3d\
\x22\x31\x35\x22\x20\x79\x31\x3d\x22\x35\x22\x20\x78\x32\x3d\x22\
\x32\x33\x22\x20\x79\x32\x3d\x22\x35\x22\x2f\x3e\x3c\x70\x61\x74\
\x68\x20\x64\x3d\x22\x4d\x32\x32\x20\x31\x36\x2e\x39\x32\x76\x33\
\x61\x32\x20\x32\x20\x30\x20\x30\x20\x31\x2d\x32\x2e\x31\x38\x20\
\x32\x20\x31\x39\x2e\x37\x39\x20\x31\x39\x2e\x37\x39\x20\x30\x20\
\x30\x20\x31\x2d\x38\x2e\x36\x33\x2d\x33\x2e\x30\x37\x20\x31\x39\
\x2e\x35\x20\x31\x39\x2e\x35\x20\x30\x20\x30\x20\x31\x2d\x36\x2d\
\x36\x20\x31\x39\x2e\x37\x39\x20\x31\x39\x2e\x37\x39\x20\x30\x20\
\x30\x20\x31\x2d\x33\x2e\x30\x37\x2d\x38\x2e\x36\x37\x41\x32\x20\
\x32\x20\x30\x20\x30\x20\x31\x20\x34\x2e\x31\x31\x20\x32\x68\x33\
\x61\x32\x20\x32\x20\x30\x20\x30\x20\x31\x20\x32\x20\x31\x2e\x37\
\x32\x20\x31\x32\x2e\x38\x34\x20\x31\x32\x2e\x38\x34\x20\x30\x20\
\x30\x20\x30\x20\x2e\x37\x20\x32\x2e\x38\x31\x20\x32\x20\x32\x20\
\x30\x20\x30\x20\x31\x2d\x2e\x34\x35\x20\x32\x2e\x31\x31\x4c\x38\
\x2e\x30\x39\x20\x39\x2e\x39\x31\x61\x31\x36\x20\x31\x36\x20\x30\
\x20\x30\x20\x30\x20\x36\x20\x36\x6c\x31\x2e\x32\x37\x2d\x31\x2e\
\x32\x37\x61\x32\x20\x32\x20\x30\x20\x30\x20\x31\x20\x32\x2e\x31\
\x31\x2d\x2e\x34\x35\x20\x31\x32\x2e\x38\x34\x20\x31\x32\x2e\x38\
\x34\x20\x30\x20\x30\x20\x30\x20\x32\x2e\x38\x31\x2e\x37\x41\x32\
\x20\x32\x20\x30\x20\x30\x20\x31\x20\x32\x32\x20\x31\x36\x2e\x39\
\x32\x7a\x22\x2f\x3e\x3c\x2f\x73\x76\x67\x3e\
\x00\x00\x01\x01\
\x3c\
\x73\x76\x67\x20\x78\x6d\x6c\x6e\x73\x3d\x22\x68\x74\x74\x70\x3a\
\x2f\x2f\x77\x77\x77\x2e\x77\x33\x2e\x6f\x72\x67\x2f\x32\x30\x30\
\x30\x2f\x73\x76\x67\x22\x20\x77\x69\x64\x74\x68\x3d\x22\x32\x34\
\x22\x20\x68\x65\x69\x67\x68\x74\x3d\x22\x32\x34\x22\x20\x76\x69\
\x65\x77\x42\x6f\x78\x3d\x22\x30\x20\x30\x20\x32\x34\x20\x32\x34\
\x22\x20\x66\x69\x6c\x6c\x3d\x22\x6e\x6f\x6e\x65\x22\x20\x73\x74\
\x72\x6f\x6b\x65\x3d\x22\x63\x75\x72\x72\x65\x6e\x74\x43\x6f\x6c\
\x6f\x72\x22\x20\x73\x74\x72\x6f\x6b\x65\x2d\x77\x69\x64\x74\x68\
\x3d\x22\x32\x22\x20\x73\x74\x72\x6f\x6b\x65\x2d\x6c\x69\x6e\x65\
\x63\x61\x70\x3d\x22\x72\x6f\x75\x6e\x64\x22\x20\x73\x74\x72\x6f\
\x6b\x65\x2d\x6c\x69\x6e\x65\x6a\x6f\x69\x6e\x3d\x22\x72\x6f\x75\
\x6e\x64\x22\x3e\x3c\x70\x6f\x6c\x79\x6c\x69\x6e\x65\x20\x70\x6f\
\x69\x6e\x74\x73\x3d\x22\x39\x20\x31\x34\x20\x34\x20\x39\x20\x39\
\x20\x34\x22\x2f\x3e\x3c\x70\x61\x74\x68\x20\x64\x3d\x22\x4d\x32\
\x30\x20\x32\x30\x76\x2d\x37\x61\x34\x20\x34\x20\x30\x20\x30\x20\
\x30\x2d\x34\x2d\x34\x48\x34\x22\x2f\x3e\x3c\x2f\x73\x76\x67\x3e\
\
\x00\x00\x01\x08\
\x3c\
\x73\x76\x67\x20\x78\x6d\x6c\x6e\x73\x3d\x22\x68\x74\x74\x70\x3a\
\x2f\x2f\x77\x77\x77\x2e\x77\x33\x2e\x6f\x72\x67\x2f\x32\x30\x30\
\x30\x2f\x73\x76\x67\x22\x20\x77\x69\x64\x74\x68\x3d\x22\x32\x34\
\x22\x20\x68\x65\x69\x67\x68\x74\x3d\x22\x32\x34\x22\x20\x76\x69\
\x65\x77\x42\x6f\x78\x3d\x22\x30\x20\x30\x20\x32\x34\x20\x32\x34\
\x22\x20\x66\x69\x6c\x6c\x3d\x22\x6e\x6f\x6e\x65\x22\x20\x73\x74\
\x72\x6f\x6b\x65\x3d\x22\x63\x75\x72\x72\x65\x6e\x74\x43\x6f\x6c\
\x6f\x72\x22\x20\x73\x74\x72\x6f\x6b\x65\x2d\x77\x69\x64\x74\x68\
\x3d\x22\x32\x22\x20\x73\x74\x72\x6f\x6b\x65\x2d\x6c\x69\x6e\x65\
\x63\x61\x70\x3d\x22\x72\x6f\x75\x6e\x64\x22\x20\x73\x74\x72\x6f\
\x6b\x65\x2d\x6c\x69\x6e\x65\x6a\x6f\x69\x6e\x3d\x22\x72\x6f\x75\
\x6e\x64\x22\x3e\x3c\x70\x61\x74\x68\x20\x64\x3d\x22\x4d\x31\x38\
\x20\x32\x68\x2d\x33\x61\x35\x20\x35\x20\x30\x20\x30\x20\x30\x2d\
\x35\x20\x35\x76\x33\x48\x37\x76\x34\x68\x33\x76\x38\x68\x34\x76\
\x2d\x38\x68\x33\x6c\x31\x2d\x34\x68\x2d\x34\x56\x37\x61\x31\x20\
\x31\x20\x30\x20\x30\x20\x31\x20\x31\x2d\x31\x68\x33\x7a\x22\x2f\
\x3e\x3c\x2f\x73\x76\x67\x3e\
\x00\x00\x03\xc4\
\x3c\
\x73\x76\x67\x20\x78\x6d\x6c\x6e\x73\x3d\x22\x68\x74\x74\x70\x3a\
\x2f\x2f\x77\x77\x77\x2e\x77\x33\x2e\x6f\x72\x67\x2f\x32\x30\x30\
\x30\x2f\x73\x76\x67\x22\x20\x77\x69\x64\x74\x68\x3d\x22\x32\x34\
\x22\x20\x68\x65\x69\x67\x68\x74\x3d\x22\x32\x34\x22\x20\x76\x69\
\x65\x77\x42\x6f\x78\x3d\x22\x30\x20\x30\x20\x32\x34\x20\x32\x34\
\x22\x20\x66\x69\x6c\x6c\x3d\x22\x6e\x6f\x6e\x65\x22\x20\x73\x74\
\x72\x6f\x6b\x65\x3d\x22\x63\x75\x72\x72\x65\x6e\x74\x43\x6f\x6c\
\x6f\x72\x22\x20\x73\x74\x72\x6f\x6b\x65\x2d\x77\x69\x64\x74\x68\
\x3d\x22\x32\x22\x20\x73\x74\x72\x6f\x6b\x65\x2d\x6c\x69\x6e\x65\
\x63\x61\x70\x3d\x22\x72\x6f\x75\x6e\x64\x22\x20\x73\x74\x72\x6f\
\x6b\x65\x2d\x6c\x69\x6e\x65\x6a\x6f\x69\x6e\x3d\x22\x72\x6f\x75\
\x6e\x64\x22\x3e\x3c\x63\x69\x72\x63\x6c\x65\x20\x63\x78\x3d\x22\
\x31\x32\x22\x20\x63\x79\x3d\x22\x31\x32\x22\x20\x72\x3d\x22\x33\
\x22\x2f\x3e\x3c\x70\x61\x74\x68\x20\x64\x3d\x22\x4d\x31\x39\x2e\
\x34\x20\x31\x35\x61\x31\x2e\x36\x35\x20\x31\x2e\x36\x35\x20\x30\
\x20\x30\x20\x30\x20\x2e\x33\x33\x20\x31\x2e\x38\x32\x6c\x2e\x30\
\x36\x2e\x30\x36\x61\x32\x20\x32\x20\x30\x20\x30\x20\x31\x20\x30\
\x20\x32\x2e\x38\x33\x20\x32\x20\x32\x20\x30\x20\x30\x20\x31\x2d\
\x32\x2e\x38\x33\x20\x30\x6c\x2d\x2e\x30\x36\x2d\x2e\x30\x36\x61\
\x31\x2e\x36\x35\x20\x31\x2e\x36\x35\x20\x30\x20\x30\x20\x30\x2d\
\x31\x2e\x38\x32\x2d\x2e\x33\x33\x20\x31\x2e\x36\x35\x20\x31\x2e\
\x36\x35\x20\x30\x20\x30\x20\x30\x2d\x31\x20\x31\x2e\x35\x31\x56\
\x32\x31\x61\x32\x20\x32\x20\x30\x20\x30\x20\x31\x2d\x32\x20\x32\
\x20\x32\x20\x32\x20\x30\x20\x30\x20\x31\x2d\x32\x2d\x32\x76\x2d\
\x2e\x30\x39\x41\x31\x2e\x36\x35\x20\x31\x2e\x36\x35\x20\x30\x20\
\x30\x20\x30\x20\x39\x20\x31\x39\x2e\x34\x61\x31\x2e\x36\x35\x20\
\x31\x2e\x36\x35\x20\x30\x20\x30\x20\x30\x2d\x31\x2e\x38\x32\x2e\
\x33\x33\x6c\x2d\x2e\x30\x36\x2e\x30\x36\x61\x32\x20\x32\x20\x30\
\x20\x30\x20\x31\x2d\x32\x2e\x38\x33\x20\x30\x20\x32\x20\x32\x20\
\x30\x20\x30\x20\x31\x20\x30\x2d\x32\x2e\x38\x33\x6c\x2e\x30\x36\
\x2d\x2e\x30\x36\x61\x31\x2e\x36\x35\x20\x31\x2e\x36\x35\x20\x30\
\x20\x30\x20\x30\x20\x2e\x33\x33\x2d\x31\x2e\x38\x32\x20\x31\x2e\
\x36\x35\x20\x31\x2e\x36\x35\x20\x30\x20\x30\x20\x30\x2d\x31\x2e\
\x35\x31\x2d\x31\x48\x33\x61\x32\x20\x32\x20\x30\x20\x30\x20\x31\
\x2d\x32\x2d\x32\x20\x32\x20\x32\x20\x30\x20\x30\x20\x31\x20\x32\
\x2d\x32\x68\x2e\x30\x39\x41\x31\x2e\x36\x35\x20\x31\x2e\x36\x35\
\x20\x30\x20\x30\x20\x30\x20\x34\x2e\x36\x20\x39\x61\x31\x2e\x36\
\x35\x20\x31\x2e\x36\x35\x20\x30\x20\x30\x20\x30\x2d\x2e\x33\x33\
\x2d\x31\x2e\x38\x32\x6c\x2d\x2e\x30\x36\x2d\x2e\x30\x36\x61\x32\
\x20\x32\x20\x30\x20\x30\x20\x31\x20\x30\x2d\x32\x2e\x38\x33\x20\
\x32\x20\x32\x20\x30\x20\x30\x20\x31\x20\x32\x2e\x38\x33\x20\x30\
\x6c\x2e\x30\x36\x2e\x30\x36\x61\x31\x2e\x36\x35\x20\x31\x2e\x36\
\x35\x20\x30\x20\x30\x20\x30\x20\x31\x2e\x38\x32\x2e\x33\x33\x48\
\x39\x61\x31\x2e\x36\x35\x20\x31\x2e\x36\x35\x20\x30\x20\x30\x20\
\x30\x20\x31\x2d\x31\x2e\x35\x31\x56\x33\x61\x32\x20\x32\x20\x30\
\x20\x30\x20\x31\x20\x32\x2d\x32\x20\x32\x20\x32\x20\x30\x20\x30\
\x20\x31\x20\x32\x20\x32\x76\x2e\x30\x39\x61\x31\x2e\x36\x35\x20\
\x31\x2e\x36\x35\x20\x30\x20\x30\x20\x30\x20\x31\x20\x31\x2e\x35\
\x31\x20\x31\x2e\x36\x35\x20\x31\x2e\x36\x35\x20\x30\x20\x30\x20\
\x30\x20\x31\x2e\x38\x32\x2d\x2e\x33\x33\x6c\x2e\x30\x36\x2d\x2e\
\x30\x36\x61\x32\x20\x32\x20\x30\x20\x30\x20\x31\x20\x32\x2e\x38\
\x33\x20\x30\x20\x32\x20\x32\x20\x30\x20\x30\x20\x31\x20\x30\x20\
\x32\x2e\x38\x33\x6c\x2d\x2e\x30\x36\x2e\x30\x36\x61\x31\x2e\x36\
\x35\x20\x31\x2e\x36\x35\x20\x30\x20\x30\x20\x30\x2d\x2e\x33\x33\
\x20\x31\x2e\x38\x32\x56\x39\x61\x31\x2e\x36\x35\x20\x31\x2e\x36\
\x35\x20\x30\x20\x30\x20\x30\x20\x31\x2e\x35\x31\x20\x31\x48\x32\
\x31\x61\x32\x20\x32\x20\x30\x20\x30\x20\x31\x20\x32\x20\x32\x20\
\x32\x20\x32\x20\x30\x20\x30\x20\x31\x2d\x32\x20\x32\x68\x2d\x2e\
\x30\x39\x61\x31\x2e\x36\x35\x20\x31\x2e\x36\x35\x20\x30\x20\x30\
\x20\x30\x2d\x31\x2e\x35\x31\x20\x31\x7a\x22\x2f\x3e\x3c\x2f\x73\
\x76\x67\x3e\
\x00\x00\x01\x3c\
\x3c\
\x73\x76\x67\x20\x78\x6d\x6c\x6e\x73\x3d\x22\x68\x74\x74\x70\x3a\
\x2f\x2f\x77\x77\x77\x2e\x77\x33\x2e\x6f\x72\x67\x2f\x32\x30\x30\
\x30\x2f\x73\x76\x67\x22\x20\x77\x69\x64\x74\x68\x3d\x22\x32\x34\
\x22\x20\x68\x65\x69\x67\x68\x74\x3d\x22\x32\x34\x22\x20\x76\x69\
\x65\x77\x42\x6f\x78\x3d\x22\x30\x20\x30\x20\x32\x34\x20\x32\x34\
\x22\x20\x66\x69\x6c\x6c\x3d\x22\x6e\x6f\x6e\x65\x22\x20\x73\x74\
\x72\x6f\x6b\x65\x3d\x22\x63\x75\x72\x72\x65\x6e\x74\x43\x6f\x6c\
\x6f\x72\x22\x20\x73\x74\x72\x6f\x6b\x65\x2d\x77\x69\x64\x74\x68\
\x3d\x22\x32\x22\x20\x73\x74\x72\x6f\x6b\x65\x2d\x6c\x69\x6e\x65\
\x63\x61\x70\x3d\x22\x72\x6f\x75\x6e\x64\x22\x20\x73\x74\x72\x6f\
\x6b\x65\x2d\x6c\x69\x6e\x65\x6a\x6f\x69\x6e\x3d\x22\x72\x6f\x75\
\x6e\x64\x22\x3e\x3c\x70\x6f\x6c\x79\x67\x6f\x6e\x20\x70\x6f\x69\
\x6e\x74\x73\x3d\x22\x31\x31\x20\x35\x20\x36\x20\x39\x20\x32\x20\
\x39\x20\x32\x20\x31\x35\x20\x36\x20\x31\x35\x20\x31\x31\x20\x31\
\x39\x20\x31\x31\x20\x35\x22\x2f\x3e\x3c\x6c\x69\x6e\x65\x20\x78\
\x31\x3d\x22\x32\x33\x22\x20\x79\x31\x3d\x22\x39\x22\x20\x78\x32\
\x3d\x22\x31\x37\x22\x20\x79\x32\x3d\x22\x31\x35\x22\x2f\x3e\x3c\
\x6c\x69\x6e\x65\x20\x78\x31\x3d\x22\x31\x37\x22\x20\x79\x31\x3d\
\x22\x39\x22\x20\x78\x32\x3d\x22\x32\x33\x22\x20\x79\x32\x3d\x22\
\x31\x35\x22\x2f\x3e\x3c\x2f\x73\x76\x67\x3e\
\x00\x00\x01\x84\
\x3c\
\x73\x76\x67\x20\x78\x6d\x6c\x6e\x73\x3d\x22\x68\x74\x74\x70\x3a\
\x2f\x2f\x77\x77\x77\x2e\x77\x33\x2e\x6f\x72\x67\x2f\x32\x30\x30\
\x30\x2f\x73\x76\x67\x22\x20\x77\x69\x64\x74\x68\x3d\x22\x32\x34\
\x22\x20\x68\x65\x69\x67\x68\x74\x3d\x22\x32\x34\x22\x20\x76\x69\
\x65\x77\x42\x6f\x78\x3d\x22\x30\x20\x30\x20\x32\x34\x20\x32\x34\
\x22\x20\x66\x69\x6c\x6c\x3d\x22\x6e\x6f\x6e\x65\x22\x20\x73\x74\
\x72\x6f\x6b\x65\x3d\x22\x63\x75\x72\x72\x65\x6e\x74\x43\x6f\x6c\
\x6f\x72\x22\x20\x73\x74\x72\x6f\x6b\x65\x2d\x77\x69\x64\x74\x68\
\x3d\x22\x32\x22\x20\x73\x74\x72\x6f\x6b\x65\x2d\x6c\x69\x6e\x65\
\x63\x61\x70\x3d\x22\x72\x6f\x75\x6e\x64\x22\x20\x73\x74\x72\x6f\
\x6b\x65\x2d\x6c\x69\x6e\x65\x6a\x6f\x69\x6e\x3d\x22\x72\x6f\x75\
\x6e\x64\x22\x3e\x3c\x70\x6f\x6c\x79\x6c\x69\x6e\x65\x20\x70\x6f\
\x69\x6e\x74\x73\x3d\x22\x33\x20\x36\x20\x35\x20\x36\x20\x32\x31\
\x20\x36\x22\x2f\x3e\x3c\x70\x61\x74\x68\x20\x64\x3d\x22\x4d\x31\
\x39\x20\x36\x76\x31\x34\x61\x32\x20\x32\x20\x30\x20\x30\x20\x31\
\x2d\x32\x20\x32\x48\x37\x61\x32\x20\x32\x20\x30\x20\x30\x20\x31\
\x2d\x32\x2d\x32\x56\x36\x6d\x33\x20\x30\x56\x34\x61\x32\x20\x32\
\x20\x30\x20\x30\x20\x31\x20\x32\x2d\x32\x68\x34\x61\x32\x20\x32\
\x20\x30\x20\x30\x20\x31\x20\x32\x20\x32\x76\x32\x22\x2f\x3e\x3c\
\x6c\x69\x6e\x65\x20\x78\x31\x3d\x22\x31\x30\x22\x20\x79\x31\x3d\
\x22\x31\x31\x22\x20\x78\x32\x3d\x22\x31\x30\x22\x20\x79\x32\x3d\
\x22\x31\x37\x22\x2f\x3e\x3c\x6c\x69\x6e\x65\x20\x78\x31\x3d\x22\
\x31\x34\x22\x20\x79\x31\x3d\x22\x31\x31\x22\x20\x78\x32\x3d\x22\
\x31\x34\x22\x20\x79\x32\x3d\x22\x31\x37\x22\x2f\x3e\x3c\x2f\x73\
\x76\x67\x3e\
\x00\x00\x01\x51\
\x3c\
\x73\x76\x67\x20\x78\x6d\x6c\x6e\x73\x3d\x22\x68\x74\x74\x70\x3a\
\x2f\x2f\x77\x77\x77\x2e\x77\x33\x2e\x6f\x72\x67\x2f\x32\x30\x30\
\x30\x2f\x73\x76\x67\x22\x20\x77\x69\x64\x74\x68\x3d\x22\x32\x34\
\x22\x20\x68\x65\x69\x67\x68\x74\x3d\x22\x32\x34\x22\x20\x76\x69\
\x65\x77\x42\x6f\x78\x3d\x22\x30\x20\x30\x20\x32\x34\x20\x32\x34\
\x22\x20\x66\x69\x6c\x6c\x3d\x22\x6e\x6f\x6e\x65\x22\x20\x73\x74\
\x72\x6f\x6b\x65\x3d\x22\x63\x75\x72\x72\x65\x6e\x74\x43\x6f\x6c\
\x6f\x72\x22\x20\x73\x74\x72\x6f\x6b\x65\x2d\x77\x69\x64\x74\x68\
\x3d\x22\x32\x22\x20\x73\x74\x72\x6f\x6b\x65\x2d\x6c\x69\x6e\x65\
\x63\x61\x70\x3d\x22\x72\x6f\x75\x6e\x64\x22\x20\x73\x74\x72\x6f\
\x6b\x65\x2d\x6c\x69\x6e\x65\x6a\x6f\x69\x6e\x3d\x22\x72\x6f\x75\
\x6e\x64\x22\x3e\x3c\x6c\x69\x6e\x65\x20\x78\x31\x3d\x22\x32\x31\
\x22\x20\x79\x31\x3d\x22\x31\x30\x22\x20\x78\x32\x3d\x22\x33\x22\
\x20\x79\x32\x3d\x22\x31\x30\x22\x2f\x3e\x3c\x6c\x69\x6e\x65\x20\
\x78\x31\x3d\x22\x32\x31\x22\x20\x79\x31\x3d\x22\x36\x22\x20\x78\
\x32\x3d\x22\x33\x22\x20\x79\x32\x3d\x22\x36\x22\x2f\x3e\x3c\x6c\
\x69\x6e\x65\x20\x78\x31\x3d\x22\x32\x31\x22\x20\x79\x31\x3d\x22\
\x31\x34\x22\x20\x78\x32\x3d\x22\x33\x22\x20\x79\x32\x3d\x22\x31\
\x34\x22\x2f\x3e\x3c\x6c\x69\x6e\x65\x20\x78\x31\x3d\x22\x32\x31\
\x22\x20\x79\x31\x3d\x22\x31\x38\x22\x20\x78\x32\x3d\x22\x33\x22\
\x20\x79\x32\x3d\x22\x31\x38\x22\x2f\x3e\x3c\x2f\x73\x76\x67\x3e\
\
\x00\x00\x00\xf2\
\x3c\
\x73\x76\x67\x20\x78\x6d\x6c\x6e\x73\x3d\x22\x68\x74\x74\x70\x3a\
\x2f\x2f\x77\x77\x77\x2e\x77\x33\x2e\x6f\x72\x67\x2f\x32\x30\x30\
\x30\x2f\x73\x76\x67\x22\x20\x77\x69\x64\x74\x68\x3d\x22\x32\x34\
\x22\x20\x68\x65\x69\x67\x68\x74\x3d\x22\x32\x34\x22\x20\x76\x69\
\x65\x77\x42\x6f\x78\x3d\x22\x30\x20\x30\x20\x32\x34\x20\x32\x34\
\x22\x20\x66\x69\x6c\x6c\x3d\x22\x6e\x6f\x6e\x65\x22\x20\x73\x74\
\x72\x6f\x6b\x65\x3d\x22\x63\x75\x72\x72\x65\x6e\x74\x43\x6f\x6c\
\x6f\x72\x22\x20\x73\x74\x72\x6f\x6b\x65\x2d\x77\x69\x64\x74\x68\
\x3d\x22\x32\x22\x20\x73\x74\x72\x6f\x6b\x65\x2d\x6c\x69\x6e\x65\
\x63\x61\x70\x3d\x22\x72\x6f\x75\x6e\x64\x22\x20\x73\x74\x72\x6f\
\x6b\x65\x2d\x6c\x69\x6e\x65\x6a\x6f\x69\x6e\x3d\x22\x72\x6f\x75\
\x6e\x64\x22\x3e\x3c\x70\x61\x74\x68\x20\x64\x3d\x22\x4d\x31\x32\
\x20\x32\x32\x73\x38\x2d\x34\x20\x38\x2d\x31\x30\x56\x35\x6c\x2d\
\x38\x2d\x33\x2d\x38\x20\x33\x76\x37\x63\x30\x20\x36\x20\x38\x20\
\x31\x30\x20\x38\x20\x31\x30\x7a\x22\x2f\x3e\x3c\x2f\x73\x76\x67\
\x3e\
\x00\x00\x01\x18\
\x3c\
\x73\x76\x67\x20\x78\x6d\x6c\x6e\x73\x3d\x22\x68\x74\x74\x70\x3a\
\x2f\x2f\x77\x77\x77\x2e\x77\x33\x2e\x6f\x72\x67\x2f\x32\x30\x30\
\x30\x2f\x73\x76\x67\x22\x20\x77\x69\x64\x74\x68\x3d\x22\x32\x34\
\x22\x20\x68\x65\x69\x67\x68\x74\x3d\x22\x32\x34\x22\x20\x76\x69\
\x65\x77\x42\x6f\x78\x3d\x22\x30\x20\x30\x20\x32\x34\x20\x32\x34\
\x22\x20\x66\x69\x6c\x6c\x3d\x22\x6e\x6f\x6e\x65\x22\x20\x73\x74\
\x72\x6f\x6b\x65\x3d\x22\x63\x75\x72\x72\x65\x6e\x74\x43\x6f\x6c\
\x6f\x72\x22\x20\x73\x74\x72\x6f\x6b\x65\x2d\x77\x69\x64\x74\x68\
\x3d\x22\x32\x22\x20\x73\x74\x72\x6f\x6b\x65\x2d\x6c\x69\x6e\x65\
\x63\x61\x70\x3d\x22\x72\x6f\x75\x6e\x64\x22\x20\x73\x74\x72\x6f\
\x6b\x65\x2d\x6c\x69\x6e\x65\x6a\x6f\x69\x6e\x3d\x22\x72\x6f\x75\
\x6e\x64\x22\x3e\x3c\x70\x61\x74\x68\x20\x64\x3d\x22\x4d\x31\x38\
\x20\x38\x41\x36\x20\x36\x20\x30\x20\x30\x20\x30\x20\x36\x20\x38\
\x63\x30\x20\x37\x2d\x33\x20\x39\x2d\x33\x20\x39\x68\x31\x38\x73\
\x2d\x33\x2d\x32\x2d\x33\x2d\x39\x22\x2f\x3e\x3c\x70\x61\x74\x68\
\x20\x64\x3d\x22\x4d\x31\x33\x2e\x37\x33\x20\x32\x31\x61\x32\x20\
\x32\x20\x30\x20\x30\x20\x31\x2d\x33\x2e\x34\x36\x20\x30\x22\x2f\
\x3e\x3c\x2f\x73\x76\x67\x3e\
\x00\x00\x00\xf0\
\x3c\
\x73\x76\x67\x20\x78\x6d\x6c\x6e\x73\x3d\x22\x68\x74\x74\x70\x3a\
\x2f\x2f\x77\x77\x77\x2e\x77\x33\x2e\x6f\x72\x67\x2f\x32\x30\x30\
\x30\x2f\x73\x76\x67\x22\x20\x77\x69\x64\x74\x68\x3d\x22\x32\x34\
\x22\x20\x68\x65\x69\x67\x68\x74\x3d\x22\x32\x34\x22\x20\x76\x69\
\x65\x77\x42\x6f\x78\x3d\x22\x30\x20\x30\x20\x32\x34\x20\x32\x34\
\x22\x20\x66\x69\x6c\x6c\x3d\x22\x6e\x6f\x6e\x65\x22\x20\x73\x74\
\x72\x6f\x6b\x65\x3d\x22\x63\x75\x72\x72\x65\x6e\x74\x43\x6f\x6c\
\x6f\x72\x22\x20\x73\x74\x72\x6f\x6b\x65\x2d\x77\x69\x64\x74\x68\
\x3d\x22\x32\x22\x20\x73\x74\x72\x6f\x6b\x65\x2d\x6c\x69\x6e\x65\
\x63\x61\x70\x3d\x22\x72\x6f\x75\x6e\x64\x22\x20\x73\x74\x72\x6f\
\x6b\x65\x2d\x6c\x69\x6e\x65\x6a\x6f\x69\x6e\x3d\x22\x72\x6f\x75\
\x6e\x64\x22\x3e\x3c\x70\x6f\x6c\x79\x67\x6f\x6e\x20\x70\x6f\x69\
\x6e\x74\x73\x3d\x22\x31\x31\x20\x35\x20\x36\x20\x39\x20\x32\x20\
\x39\x20\x32\x20\x31\x35\x20\x36\x20\x31\x35\x20\x31\x31\x20\x31\
\x39\x20\x31\x31\x20\x35\x22\x2f\x3e\x3c\x2f\x73\x76\x67\x3e\
\x00\x00\x01\x4d\
\x3c\
\x73\x76\x67\x20\x78\x6d\x6c\x6e\x73\x3d\x22\x68\x74\x74\x70\x3a\
\x2f\x2f\x77\x77\x77\x2e\x77\x33\x2e\x6f\x72\x67\x2f\x32\x30\x30\
\x30\x2f\x73\x76\x67\x22\x20\x77\x69\x64\x74\x68\x3d\x22\x32\x34\
\x22\x20\x68\x65\x69\x67\x68\x74\x3d\x22\x32\x34\x22\x20\x76\x69\
\x65\x77\x42\x6f\x78\x3d\x22\x30\x20\x30\x20\x32\x34\x20\x32\x34\
\x22\x20\x66\x69\x6c\x6c\x3d\x22\x6e\x6f\x6e\x65\x22\x20\x73\x74\
\x72\x6f\x6b\x65\x3d\x22\x63\x75\x72\x72\x65\x6e\x74\x43\x6f\x6c\
\x6f\x72\x22\x20\x73\x74\x72\x6f\x6b\x65\x2d\x77\x69\x64\x74\x68\
\x3d\x22\x32\x22\x20\x73\x74\x72\x6f\x6b\x65\x2d\x6c\x69\x6e\x65\
\x63\x61\x70\x3d\x22\x72\x6f\x75\x6e\x64\x22\x20\x73\x74\x72\x6f\
\x6b\x65\x2d\x6c\x69\x6e\x65\x6a\x6f\x69\x6e\x3d\x22\x72\x6f\x75\
\x6e\x64\x22\x3e\x3c\x70\x61\x74\x68\x20\x64\x3d\x22\x4d\x31\x36\
\x20\x31\x36\x76\x31\x61\x32\x20\x32\x20\x30\x20\x30\x20\x31\x2d\
\x32\x20\x32\x48\x33\x61\x32\x20\x32\x20\x30\x20\x30\x20\x31\x2d\
\x32\x2d\x32\x56\x37\x61\x32\x20\x32\x20\x30\x20\x30\x20\x31\x20\
\x32\x2d\x32\x68\x32\x6d\x35\x2e\x36\x36\x20\x30\x48\x31\x34\x61\
\x32\x20\x32\x20\x30\x20\x30\x20\x31\x20\x32\x20\x32\x76\x33\x2e\
\x33\x34\x6c\x31\x20\x31\x4c\x32\x33\x20\x37\x76\x31\x30\x22\x2f\
\x3e\x3c\x6c\x69\x6e\x65\x20\x78\x31\x3d\x22\x31\x22\x20\x79\x31\
\x3d\x22\x31\x22\x20\x78\x32\x3d\x22\x32\x33\x22\x20\x79\x32\x3d\
\x22\x32\x33\x22\x2f\x3e\x3c\x2f\x73\x76\x67\x3e\
\x00\x00\x01\x6a\
\x3c\
\x73\x76\x67\x20\x78\x6d\x6c\x6e\x73\x3d\x22\x68\x74\x74\x70\x3a\
\x2f\x2f\x77\x77\x77\x2e\x77\x33\x2e\x6f\x72\x67\x2f\x32\x30\x30\
\x30\x2f\x73\x76\x67\x22\x20\x77\x69\x64\x74\x68\x3d\x22\x32\x34\
\x22\x20\x68\x65\x69\x67\x68\x74\x3d\x22\x32\x34\x22\x20\x76\x69\
\x65\x77\x42\x6f\x78\x3d\x22\x30\x20\x30\x20\x32\x34\x20\x32\x34\
\x22\x20\x66\x69\x6c\x6c\x3d\x22\x6e\x6f\x6e\x65\x22\x20\x73\x74\
\x72\x6f\x6b\x65\x3d\x22\x63\x75\x72\x72\x65\x6e\x74\x43\x6f\x6c\
\x6f\x72\x22\x20\x73\x74\x72\x6f\x6b\x65\x2d\x77\x69\x64\x74\x68\
\x3d\x22\x32\x22\x20\x73\x74\x72\x6f\x6b\x65\x2d\x6c\x69\x6e\x65\
\x63\x61\x70\x3d\x22\x72\x6f\x75\x6e\x64\x22\x20\x73\x74\x72\x6f\
\x6b\x65\x2d\x6c\x69\x6e\x65\x6a\x6f\x69\x6e\x3d\x22\x72\x6f\x75\
\x6e\x64\x22\x3e\x3c\x70\x6f\x6c\x79\x6c\x69\x6e\x65\x20\x70\x6f\
\x69\x6e\x74\x73\x3d\x22\x31\x36\x20\x31\x36\x20\x31\x32\x20\x31\
\x32\x20\x38\x20\x31\x36\x22\x2f\x3e\x3c\x6c\x69\x6e\x65\x20\x78\
\x31\x3d\x22\x31\x32\x22\x20\x79\x31\x3d\x22\x31\x32\x22\x20\x78\
\x32\x3d\x22\x31\x32\x22\x20\x79\x32\x3d\x22\x32\x31\x22\x2f\x3e\
\x3c\x70\x61\x74\x68\x20\x64\x3d\x22\x4d\x32\x30\x2e\x33\x39\x20\
\x31\x38\x2e\x33\x39\x41\x35\x20\x35\x20\x30\x20\x30\x20\x30\x20\
\x31\x38\x20\x39\x68\x2d\x31\x2e\x32\x36\x41\x38\x20\x38\x20\x30\
\x20\x31\x20\x30\x20\x33\x20\x31\x36\x2e\x33\x22\x2f\x3e\x3c\x70\
\x6f\x6c\x79\x6c\x69\x6e\x65\x20\x70\x6f\x69\x6e\x74\x73\x3d\x22\
\x31\x36\x20\x31\x36\x20\x31\x32\x20\x31\x32\x20\x38\x20\x31\x36\
\x22\x2f\x3e\x3c\x2f\x73\x76\x67\x3e\
\x00\x00\x01\x0e\
\x3c\
\x73\x76\x67\x20\x78\x6d\x6c\x6e\x73\x3d\x22\x68\x74\x74\x70\x3a\
\x2f\x2f\x77\x77\x77\x2e\x77\x33\x2e\x6f\x72\x67\x2f\x32\x30\x30\
\x30\x2f\x73\x76\x67\x22\x20\x77\x69\x64\x74\x68\x3d\x22\x32\x34\
\x22\x20\x68\x65\x69\x67\x68\x74\x3d\x22\x32\x34\x22\x20\x76\x69\
\x65\x77\x42\x6f\x78\x3d\x22\x30\x20\x30\x20\x32\x34\x20\x32\x34\
\x22\x20\x66\x69\x6c\x6c\x3d\x22\x6e\x6f\x6e\x65\x22\x20\x73\x74\
\x72\x6f\x6b\x65\x3d\x22\x63\x75\x72\x72\x65\x6e\x74\x43\x6f\x6c\
\x6f\x72\x22\x20\x73\x74\x72\x6f\x6b\x65\x2d\x77\x69\x64\x74\x68\
\x3d\x22\x32\x22\x20\x73\x74\x72\x6f\x6b\x65\x2d\x6c\x69\x6e\x65\
\x63\x61\x70\x3d\x22\x72\x6f\x75\x6e\x64\x22\x20\x73\x74\x72\x6f\
\x6b\x65\x2d\x6c\x69\x6e\x65\x6a\x6f\x69\x6e\x3d\x22\x72\x6f\x75\
\x6e\x64\x22\x3e\x3c\x6c\x69\x6e\x65\x20\x78\x31\x3d\x22\x32\x32\
\x22\x20\x79\x31\x3d\x22\x32\x22\x20\x78\x32\x3d\x22\x31\x31\x22\
\x20\x79\x32\x3d\x22\x31\x33\x22\x2f\x3e\x3c\x70\x6f\x6c\x79\x67\
\x6f\x6e\x20\x70\x6f\x69\x6e\x74\x73\x3d\x22\x32\x32\x20\x32\x20\
\x31\x35\x20\x32\x32\x20\x31\x31\x20\x31\x33\x20\x32\x20\x39\x20\
\x32\x32\x20\x32\x22\x2f\x3e\x3c\x2f\x73\x76\x67\x3e\
\x00\x00\x01\x1a\
\x3c\
\x73\x76\x67\x20\x78\x6d\x6c\x6e\x73\x3d\x22\x68\x74\x74\x70\x3a\
\x2f\x2f\x77\x77\x77\x2e\x77\x33\x2e\x6f\x72\x67\x2f\x32\x30\x30\
\x30\x2f\x73\x76\x67\x22\x20\x77\x69\x64\x74\x68\x3d\x22\x32\x34\
\x22\x20\x68\x65\x69\x67\x68\x74\x3d\x22\x32\x34\x22\x20\x76\x69\
\x65\x77\x42\x6f\x78\x3d\x22\x30\x20\x30\x20\x32\x34\x20\x32\x34\
\x22\x20\x66\x69\x6c\x6c\x3d\x22\x6e\x6f\x6e\x65\x22\x20\x73\x74\
\x72\x6f\x6b\x65\x3d\x22\x63\x75\x72\x72\x65\x6e\x74\x43\x6f\x6c\
\x6f\x72\x22\x20\x73\x74\x72\x6f\x6b\x65\x2d\x77\x69\x64\x74\x68\
\x3d\x22\x32\x22\x20\x73\x74\x72\x6f\x6b\x65\x2d\x6c\x69\x6e\x65\
\x63\x61\x70\x3d\x22\x72\x6f\x75\x6e\x64\x22\x20\x73\x74\x72\x6f\
\x6b\x65\x2d\x6c\x69\x6e\x65\x6a\x6f\x69\x6e\x3d\x22\x72\x6f\x75\
\x6e\x64\x22\x3e\x3c\x72\x65\x63\x74\x20\x78\x3d\x22\x31\x22\x20\
\x79\x3d\x22\x36\x22\x20\x77\x69\x64\x74\x68\x3d\x22\x31\x38\x22\
\x20\x68\x65\x69\x67\x68\x74\x3d\x22\x31\x32\x22\x20\x72\x78\x3d\
\x22\x32\x22\x20\x72\x79\x3d\x22\x32\x22\x2f\x3e\x3c\x6c\x69\x6e\
\x65\x20\x78\x31\x3d\x22\x32\x33\x22\x20\x79\x31\x3d\x22\x31\x33\
\x22\x20\x78\x32\x3d\x22\x32\x33\x22\x20\x79\x32\x3d\x22\x31\x31\
\x22\x2f\x3e\x3c\x2f\x73\x76\x67\x3e\
\x00\x00\x00\xef\
\x3c\
\x73\x76\x67\x20\x78\x6d\x6c\x6e\x73\x3d\x22\x68\x74\x74\x70\x3a\
\x2f\x2f\x77\x77\x77\x2e\x77\x33\x2e\x6f\x72\x67\x2f\x32\x30\x30\
\x30\x2f\x73\x76\x67\x22\x20\x77\x69\x64\x74\x68\x3d\x22\x32\x34\
\x22\x20\x68\x65\x69\x67\x68\x74\x3d\x22\x32\x34\x22\x20\x76\x69\
\x65\x77\x42\x6f\x78\x3d\x22\x30\x20\x30\x20\x32\x34\x20\x32\x34\
\x22\x20\x66\x69\x6c\x6c\x3d\x22\x6e\x6f\x6e\x65\x22\x20\x73\x74\
\x72\x6f\x6b\x65\x3d\x22\x63\x75\x72\x72\x65\x6e\x74\x43\x6f\x6c\
\x6f\x72\x22\x20\x73\x74\x72\x6f\x6b\x65\x2d\x77\x69\x64\x74\x68\
\x3d\x22\x32\x22\x20\x73\x74\x72\x6f\x6b\x65\x2d\x6c\x69\x6e\x65\
\x63\x61\x70\x3d\x22\x72\x6f\x75\x6e\x64\x22\x20\x73\x74\x72\x6f\
\x6b\x65\x2d\x6c\x69\x6e\x65\x6a\x6f\x69\x6e\x3d\x22\x72\x6f\x75\
\x6e\x64\x22\x3e\x3c\x70\x6f\x6c\x79\x6c\x69\x6e\x65\x20\x70\x6f\
\x69\x6e\x74\x73\x3d\x22\x32\x32\x20\x31\x32\x20\x31\x38\x20\x31\
\x32\x20\x31\x35\x20\x32\x31\x20\x39\x20\x33\x20\x36\x20\x31\x32\
\x20\x32\x20\x31\x32\x22\x2f\x3e\x3c\x2f\x73\x76\x67\x3e\
\x00\x00\x01\x10\
\x3c\
\x73\x76\x67\x20\x78\x6d\x6c\x6e\x73\x3d\x22\x68\x74\x74\x70\x3a\
\x2f\x2f\x77\x77\x77\x2e\x77\x33\x2e\x6f\x72\x67\x2f\x32\x30\x30\
\x30\x2f\x73\x76\x67\x22\x20\x77\x69\x64\x74\x68\x3d\x22\x32\x34\
\x22\x20\x68\x65\x69\x67\x68\x74\x3d\x22\x32\x34\x22\x20\x76\x69\
\x65\x77\x42\x6f\x78\x3d\x22\x30\x20\x30\x20\x32\x34\x20\x32\x34\
\x22\x20\x66\x69\x6c\x6c\x3d\x22\x6e\x6f\x6e\x65\x22\x20\x73\x74\
\x72\x6f\x6b\x65\x3d\x22\x63\x75\x72\x72\x65\x6e\x74\x43\x6f\x6c\
\x6f\x72\x22\x20\x73\x74\x72\x6f\x6b\x65\x2d\x77\x69\x64\x74\x68\
\x3d\x22\x32\x22\x20\x73\x74\x72\x6f\x6b\x65\x2d\x6c\x69\x6e\x65\
\x63\x61\x70\x3d\x22\x72\x6f\x75\x6e\x64\x22\x20\x73\x74\x72\x6f\
\x6b\x65\x2d\x6c\x69\x6e\x65\x6a\x6f\x69\x6e\x3d\x22\x72\x6f\x75\
\x6e\x64\x22\x3e\x3c\x70\x6f\x6c\x79\x6c\x69\x6e\x65\x20\x70\x6f\
\x69\x6e\x74\x73\x3d\x22\x32\x33\x20\x36\x20\x31\x33\x2e\x35\x20\
\x31\x35\x2e\x35\x20\x38\x2e\x35\x20\x31\x30\x2e\x35\x20\x31\x20\
\x31\x38\x22\x2f\x3e\x3c\x70\x6f\x6c\x79\x6c\x69\x6e\x65\x20\x70\
\x6f\x69\x6e\x74\x73\x3d\x22\x31\x37\x20\x36\x20\x32\x33\x20\x36\
\x20\x32\x33\x20\x31\x32\x22\x2f\x3e\x3c\x2f\x73\x76\x67\x3e\
\x00\x00\x01\x2b\
\x3c\
\x73\x76\x67\x20\x78\x6d\x6c\x6e\x73\x3d\x22\x68\x74\x74\x70\x3a\
\x2f\x2f\x77\x77\x77\x2e\x77\x33\x2e\x6f\x72\x67\x2f\x32\x30\x30\
\x30\x2f\x73\x76\x67\x22\x20\x77\x69\x64\x74\x68\x3d\x22\x32\x34\
\x22\x20\x68\x65\x69\x67\x68\x74\x3d\x22\x32\x34\x22\x20\x76\x69\
\x65\x77\x42\x6f\x78\x3d\x22\x30\x20\x30\x20\x32\x34\x20\x32\x34\
\x22\x20\x66\x69\x6c\x6c\x3d\x22\x6e\x6f\x6e\x65\x22\x20\x73\x74\
\x72\x6f\x6b\x65\x3d\x22\x63\x75\x72\x72\x65\x6e\x74\x43\x6f\x6c\
\x6f\x72\x22\x20\x73\x74\x72\x6f\x6b\x65\x2d\x77\x69\x64\x74\x68\
\x3d\x22\x32\x22\x20\x73\x74\x72\x6f\x6b\x65\x2d\x6c\x69\x6e\x65\
\x63\x61\x70\x3d\x22\x72\x6f\x75\x6e\x64\x22\x20\x73\x74\x72\x6f\
\x6b\x65\x2d\x6c\x69\x6e\x65\x6a\x6f\x69\x6e\x3d\x22\x72\x6f\x75\
\x6e\x64\x22\x3e\x3c\x6c\x69\x6e\x65\x20\x78\x31\x3d\x22\x33\x22\
\x20\x79\x31\x3d\x22\x31\x32\x22\x20\x78\x32\x3d\x22\x32\x31\x22\
\x20\x79\x32\x3d\x22\x31\x32\x22\x2f\x3e\x3c\x6c\x69\x6e\x65\x20\
\x78\x31\x3d\x22\x33\x22\x20\x79\x31\x3d\x22\x36\x22\x20\x78\x32\
\x3d\x22\x32\x31\x22\x20\x79\x32\x3d\x22\x36\x22\x2f\x3e\x3c\x6c\
\x69\x6e\x65\x20\x78\x31\x3d\x22\x33\x22\x20\x79\x31\x3d\x22\x31\
\x38\x22\x20\x78\x32\x3d\x22\x32\x31\x22\x20\x79\x32\x3d\x22\x31\
\x38\x22\x2f\x3e\x3c\x2f\x73\x76\x67\x3e\
\x00\x00\x02\x0d\
\x3c\
\x73\x76\x67\x20\x78\x6d\x6c\x6e\x73\x3d\x22\x68\x74\x74\x70\x3a\
\x2f\x2f\x77\x77\x77\x2e\x77\x33\x2e\x6f\x72\x67\x2f\x32\x30\x30\
\x30\x2f\x73\x76\x67\x22\x20\x77\x69\x64\x74\x68\x3d\x22\x32\x34\
\x22\x20\x68\x65\x69\x67\x68\x74\x3d\x22\x32\x34\x22\x20\x76\x69\
\x65\x77\x42\x6f\x78\x3d\x22\x30\x20\x30\x20\x32\x34\x20\x32\x34\
\x22\x20\x66\x69\x6c\x6c\x3d\x22\x6e\x6f\x6e\x65\x22\x20\x73\x74\
\x72\x6f\x6b\x65\x3d\x22\x63\x75\x72\x72\x65\x6e\x74\x43\x6f\x6c\
\x6f\x72\x22\x20\x73\x74\x72\x6f\x6b\x65\x2d\x77\x69\x64\x74\x68\
\x3d\x22\x32\x22\x20\x73\x74\x72\x6f\x6b\x65\x2d\x6c\x69\x6e\x65\
\x63\x61\x70\x3d\x22\x72\x6f\x75\x6e\x64\x22\x20\x73\x74\x72\x6f\
\x6b\x65\x2d\x6c\x69\x6e\x65\x6a\x6f\x69\x6e\x3d\x22\x72\x6f\x75\
\x6e\x64\x22\x3e\x3c\x6c\x69\x6e\x65\x20\x78\x31\x3d\x22\x34\x22\
\x20\x79\x31\x3d\x22\x32\x31\x22\x20\x78\x32\x3d\x22\x34\x22\x20\
\x79\x32\x3d\x22\x31\x34\x22\x2f\x3e\x3c\x6c\x69\x6e\x65\x20\x78\
\x31\x3d\x22\x34\x22\x20\x79\x31\x3d\x22\x31\x30\x22\x20\x78\x32\
\x3d\x22\x34\x22\x20\x79\x32\x3d\x22\x33\x22\x2f\x3e\x3c\x6c\x69\
\x6e\x65\x20\x78\x31\x3d\x22\x31\x32\x22\x20\x79\x31\x3d\x22\x32\
\x31\x22\x20\x78\x32\x3d\x22\x31\x32\x22\x20\x79\x32\x3d\x22\x31\
\x32\x22\x2f\x3e\x3c\x6c\x69\x6e\x65\x20\x78\x31\x3d\x22\x31\x32\
\x22\x20\x79\x31\x3d\x22\x38\x22\x20\x78\x32\x3d\x22\x31\x32\x22\
\x20\x79\x32\x3d\x22\x33\x22\x2f\x3e\x3c\x6c\x69\x6e\x65\x20\x78\
\x31\x3d\x22\x32\x30\x22\x20\x79\x31\x3d\x22\x32\x31\x22\x20\x78\
\x32\x3d\x22\x32\x30\x22\x20\x79\x32\x3d\x22\x31\x36\x22\x2f\x3e\
\x3c\x6c\x69\x6e\x65\x20\x78\x31\x3d\x22\x32\x30\x22\x20\x79\x31\
\x3d\x22\x31\x32\x22\x20\x78\x32\x3d\x22\x32\x30\x22\x20\x79\x32\
\x3d\x22\x33\x22\x2f\x3e\x3c\x6c\x69\x6e\x65\x20\x78\x31\x3d\x22\
\x31\x22\x20\x79\x31\x3d\x22\x31\x34\x22\x20\x78\x32\x3d\x22\x37\
\x22\x20\x79\x32\x3d\x22\x31\x34\x22\x2f\x3e\x3c\x6c\x69\x6e\x65\
\x20\x78\x31\x3d\x22\x39\x22\x20\x79\x31\x3d\x22\x38\x22\x20\x78\
\x32\x3d\x22\x31\x35\x22\x20\x79\x32\x3d\x22\x38\x22\x2f\x3e\x3c\
\x6c\x69\x6e\x65\x20\x78\x31\x3d\x22\x31\x37\x22\x20\x79\x31\x3d\
\x22\x31\x36\x22\x20\x78\x32\x3d\x22\x32\x33\x22\x20\x79\x32\x3d\
\x22\x31\x36\x22\x2f\x3e\x3c\x2f\x73\x76\x67\x3e\
\x00\x00\x01\x04\
\x3c\
\x73\x76\x67\x20\x78\x6d\x6c\x6e\x73\x3d\x22\x68\x74\x74\x70\x3a\
\x2f\x2f\x77\x77\x77\x2e\x77\x33\x2e\x6f\x72\x67\x2f\x32\x30\x30\
\x30\x2f\x73\x76\x67\x22\x20\x77\x69\x64\x74\x68\x3d\x22\x32\x34\
\x22\x20\x68\x65\x69\x67\x68\x74\x3d\x22\x32\x34\x22\x20\x76\x69\
\x65\x77\x42\x6f\x78\x3d\x22\x30\x20\x30\x20\x32\x34\x20\x32\x34\
\x22\x20\x66\x69\x6c\x6c\x3d\x22\x6e\x6f\x6e\x65\x22\x20\x73\x74\
\x72\x6f\x6b\x65\x3d\x22\x63\x75\x72\x72\x65\x6e\x74\x43\x6f\x6c\
\x6f\x72\x22\x20\x73\x74\x72\x6f\x6b\x65\x2d\x77\x69\x64\x74\x68\
\x3d\x22\x32\x22\x20\x73\x74\x72\x6f\x6b\x65\x2d\x6c\x69\x6e\x65\
\x63\x61\x70\x3d\x22\x72\x6f\x75\x6e\x64\x22\x20\x73\x74\x72\x6f\
\x6b\x65\x2d\x6c\x69\x6e\x65\x6a\x6f\x69\x6e\x3d\x22\x72\x6f\x75\
\x6e\x64\x22\x3e\x3c\x70\x6f\x6c\x79\x6c\x69\x6e\x65\x20\x70\x6f\
\x69\x6e\x74\x73\x3d\x22\x31\x30\x20\x31\x35\x20\x31\x35\x20\x32\
\x30\x20\x32\x30\x20\x31\x35\x22\x2f\x3e\x3c\x70\x61\x74\x68\x20\
\x64\x3d\x22\x4d\x34\x20\x34\x68\x37\x61\x34\x20\x34\x20\x30\x20\
\x30\x20\x31\x20\x34\x20\x34\x76\x31\x32\x22\x2f\x3e\x3c\x2f\x73\
\x76\x67\x3e\
\x00\x00\x01\x4c\
\x3c\
\x73\x76\x67\x20\x77\x69\x64\x74\x68\x3d\x22\x32\x34\x22\x20\x68\
\x65\x69\x67\x68\x74\x3d\x22\x32\x34\x22\x20\x78\x6d\x6c\x6e\x73\
\x3d\x22\x68\x74\x74\x70\x3a\x2f\x2f\x77\x77\x77\x2e\x77\x33\x2e\
\x6f\x72\x67\x2f\x32\x30\x30\x30\x2f\x73\x76\x67\x22\x20\x76\x69\
\x65\x77\x42\x6f\x78\x3d\x22\x30\x20\x30\x20\x32\x34\x20\x32\x34\
\x22\x20\x66\x69\x6c\x6c\x3d\x22\x6e\x6f\x6e\x65\x22\x20\x73\x74\
\x72\x6f\x6b\x65\x3d\x22\x63\x75\x72\x72\x65\x6e\x74\x43\x6f\x6c\
\x6f\x72\x22\x20\x73\x74\x72\x6f\x6b\x65\x2d\x77\x69\x64\x74\x68\
\x3d\x22\x32\x22\x20\x73\x74\x72\x6f\x6b\x65\x2d\x6c\x69\x6e\x65\
\x63\x61\x70\x3d\x22\x72\x6f\x75\x6e\x64\x22\x20\x73\x74\x72\x6f\
\x6b\x65\x2d\x6c\x69\x6e\x65\x6a\x6f\x69\x6e\x3d\x22\x72\x6f\x75\
\x6e\x64\x22\x3e\x3c\x70\x61\x74\x68\x20\x64\x3d\x22\x4d\x31\x32\
\x20\x31\x39\x6c\x37\x2d\x37\x20\x33\x20\x33\x2d\x37\x20\x37\x2d\
\x33\x2d\x33\x7a\x22\x2f\x3e\x3c\x70\x61\x74\x68\x20\x64\x3d\x22\
\x4d\x31\x38\x20\x31\x33\x6c\x2d\x31\x2e\x35\x2d\x37\x2e\x35\x4c\
\x32\x20\x32\x6c\x33\x2e\x35\x20\x31\x34\x2e\x35\x4c\x31\x33\x20\
\x31\x38\x6c\x35\x2d\x35\x7a\x22\x2f\x3e\x3c\x70\x61\x74\x68\x20\
\x64\x3d\x22\x4d\x32\x20\x32\x6c\x37\x2e\x35\x38\x36\x20\x37\x2e\
\x35\x38\x36\x22\x2f\x3e\x3c\x63\x69\x72\x63\x6c\x65\x20\x63\x78\
\x3d\x22\x31\x31\x22\x20\x63\x79\x3d\x22\x31\x31\x22\x20\x72\x3d\
\x22\x32\x22\x2f\x3e\x3c\x2f\x73\x76\x67\x3e\
\x00\x00\x01\x37\
\x3c\
\x73\x76\x67\x20\x78\x6d\x6c\x6e\x73\x3d\x22\x68\x74\x74\x70\x3a\
\x2f\x2f\x77\x77\x77\x2e\x77\x33\x2e\x6f\x72\x67\x2f\x32\x30\x30\
\x30\x2f\x73\x76\x67\x22\x20\x77\x69\x64\x74\x68\x3d\x22\x32\x34\
\x22\x20\x68\x65\x69\x67\x68\x74\x3d\x22\x32\x34\x22\x20\x76\x69\
\x65\x77\x42\x6f\x78\x3d\x22\x30\x20\x30\x20\x32\x34\x20\x32\x34\
\x22\x20\x66\x69\x6c\x6c\x3d\x22\x6e\x6f\x6e\x65\x22\x20\x73\x74\
\x72\x6f\x6b\x65\x3d\x22\x63\x75\x72\x72\x65\x6e\x74\x43\x6f\x6c\
\x6f\x72\x22\x20\x73\x74\x72\x6f\x6b\x65\x2d\x77\x69\x64\x74\x68\
\x3d\x22\x32\x22\x20\x73\x74\x72\x6f\x6b\x65\x2d\x6c\x69\x6e\x65\
\x63\x61\x70\x3d\x22\x72\x6f\x75\x6e\x64\x22\x20\x73\x74\x72\x6f\
\x6b\x65\x2d\x6c\x69\x6e\x65\x6a\x6f\x69\x6e\x3d\x22\x72\x6f\x75\
\x6e\x64\x22\x3e\x3c\x70\x61\x74\x68\x20\x64\x3d\x22\x4d\x32\x33\
\x20\x31\x39\x61\x32\x20\x32\x20\x30\x20\x30\x20\x31\x2d\x32\x20\
\x32\x48\x33\x61\x32\x20\x32\x20\x30\x20\x30\x20\x31\x2d\x32\x2d\
\x32\x56\x38\x61\x32\x20\x32\x20\x30\x20\x30\x20\x31\x20\x32\x2d\
\x32\x68\x34\x6c\x32\x2d\x33\x68\x36\x6c\x32\x20\x33\x68\x34\x61\
\x32\x20\x32\x20\x30\x20\x30\x20\x31\x20\x32\x20\x32\x7a\x22\x2f\
\x3e\x3c\x63\x69\x72\x63\x6c\x65\x20\x63\x78\x3d\x22\x31\x32\x22\
\x20\x63\x79\x3d\x22\x31\x33\x22\x20\x72\x3d\x22\x34\x22\x2f\x3e\
\x3c\x2f\x73\x76\x67\x3e\
\x00\x00\x01\x58\
\x3c\
\x73\x76\x67\x20\x78\x6d\x6c\x6e\x73\x3d\x22\x68\x74\x74\x70\x3a\
\x2f\x2f\x77\x77\x77\x2e\x77\x33\x2e\x6f\x72\x67\x2f\x32\x30\x30\
\x30\x2f\x73\x76\x67\x22\x20\x77\x69\x64\x74\x68\x3d\x22\x32\x34\
\x22\x20\x68\x65\x69\x67\x68\x74\x3d\x22\x32\x34\x22\x20\x76\x69\
\x65\x77\x42\x6f\x78\x3d\x22\x30\x20\x30\x20\x32\x34\x20\x32\x34\
\x22\x20\x66\x69\x6c\x6c\x3d\x22\x6e\x6f\x6e\x65\x22\x20\x73\x74\
\x72\x6f\x6b\x65\x3d\x22\x63\x75\x72\x72\x65\x6e\x74\x43\x6f\x6c\
\x6f\x72\x22\x20\x73\x74\x72\x6f\x6b\x65\x2d\x77\x69\x64\x74\x68\
\x3d\x22\x32\x22\x20\x73\x74\x72\x6f\x6b\x65\x2d\x6c\x69\x6e\x65\
\x63\x61\x70\x3d\x22\x72\x6f\x75\x6e\x64\x22\x20\x73\x74\x72\x6f\
\x6b\x65\x2d\x6c\x69\x6e\x65\x6a\x6f\x69\x6e\x3d\x22\x72\x6f\x75\
\x6e\x64\x22\x3e\x3c\x70\x61\x74\x68\x20\x64\x3d\x22\x4d\x31\x37\
\x20\x32\x31\x76\x2d\x32\x61\x34\x20\x34\x20\x30\x20\x30\x20\x30\
\x2d\x34\x2d\x34\x48\x35\x61\x34\x20\x34\x20\x30\x20\x30\x20\x30\
\x2d\x34\x20\x34\x76\x32\x22\x2f\x3e\x3c\x63\x69\x72\x63\x6c\x65\
\x20\x63\x78\x3d\x22\x39\x22\x20\x63\x79\x3d\x22\x37\x22\x20\x72\
\x3d\x22\x34\x22\x2f\x3e\x3c\x70\x61\x74\x68\x20\x64\x3d\x22\x4d\
\x32\x33\x20\x32\x31\x76\x2d\x32\x61\x34\x20\x34\x20\x30\x20\x30\
\x20\x30\x2d\x33\x2d\x33\x2e\x38\x37\x22\x2f\x3e\x3c\x70\x61\x74\
\x68\x20\x64\x3d\x22\x4d\x31\x36\x20\x33\x2e\x31\x33\x61\x34\x20\
\x34\x20\x30\x20\x30\x20\x31\x20\x30\x20\x37\x2e\x37\x35\x22\x2f\
\x3e\x3c\x2f\x73\x76\x67\x3e\
\x00\x00\x01\x0e\
\x3c\
\x73\x76\x67\x20\x78\x6d\x6c\x6e\x73\x3d\x22\x68\x74\x74\x70\x3a\
\x2f\x2f\x77\x77\x77\x2e\x77\x33\x2e\x6f\x72\x67\x2f\x32\x30\x30\
\x30\x2f\x73\x76\x67\x22\x20\x77\x69\x64\x74\x68\x3d\x22\x32\x34\
\x22\x20\x68\x65\x69\x67\x68\x74\x3d\x22\x32\x34\x22\x20\x76\x69\
\x65\x77\x42\x6f\x78\x3d\x22\x30\x20\x30\x20\x32\x34\x20\x32\x34\
\x22\x20\x66\x69\x6c\x6c\x3d\x22\x6e\x6f\x6e\x65\x22\x20\x73\x74\
\x72\x6f\x6b\x65\x3d\x22\x63\x75\x72\x72\x65\x6e\x74\x43\x6f\x6c\
\x6f\x72\x22\x20\x73\x74\x72\x6f\x6b\x65\x2d\x77\x69\x64\x74\x68\
\x3d\x22\x32\x22\x20\x73\x74\x72\x6f\x6b\x65\x2d\x6c\x69\x6e\x65\
\x63\x61\x70\x3d\x22\x72\x6f\x75\x6e\x64\x22\x20\x73\x74\x72\x6f\
\x6b\x65\x2d\x6c\x69\x6e\x65\x6a\x6f\x69\x6e\x3d\x22\x72\x6f\x75\
\x6e\x64\x22\x3e\x3c\x72\x65\x63\x74\x20\x78\x3d\x22\x36\x22\x20\
\x79\x3d\x22\x34\x22\x20\x77\x69\x64\x74\x68\x3d\x22\x34\x22\x20\
\x68\x65\x69\x67\x68\x74\x3d\x22\x31\x36\x22\x2f\x3e\x3c\x72\x65\
\x63\x74\x20\x78\x3d\x22\x31\x34\x22\x20\x79\x3d\x22\x34\x22\x20\
\x77\x69\x64\x74\x68\x3d\x22\x34\x22\x20\x68\x65\x69\x67\x68\x74\
\x3d\x22\x31\x36\x22\x2f\x3e\x3c\x2f\x73\x76\x67\x3e\
\x00\x00\x01\x31\
\x3c\
\x73\x76\x67\x20\x78\x6d\x6c\x6e\x73\x3d\x22\x68\x74\x74\x70\x3a\
\x2f\x2f\x77\x77\x77\x2e\x77\x33\x2e\x6f\x72\x67\x2f\x32\x30\x30\
\x30\x2f\x73\x76\x67\x22\x20\x77\x69\x64\x74\x68\x3d\x22\x32\x34\
\x22\x20\x68\x65\x69\x67\x68\x74\x3d\x22\x32\x34\x22\x20\x76\x69\
\x65\x77\x42\x6f\x78\x3d\x22\x30\x20\x30\x20\x32\x34\x20\x32\x34\
\x22\x20\x66\x69\x6c\x6c\x3d\x22\x6e\x6f\x6e\x65\x22\x20\x73\x74\
\x72\x6f\x6b\x65\x3d\x22\x63\x75\x72\x72\x65\x6e\x74\x43\x6f\x6c\
\x6f\x72\x22\x20\x73\x74\x72\x6f\x6b\x65\x2d\x77\x69\x64\x74\x68\
\x3d\x22\x32\x22\x20\x73\x74\x72\x6f\x6b\x65\x2d\x6c\x69\x6e\x65\
\x63\x61\x70\x3d\x22\x72\x6f\x75\x6e\x64\x22\x20\x73\x74\x72\x6f\
\x6b\x65\x2d\x6c\x69\x6e\x65\x6a\x6f\x69\x6e\x3d\x22\x72\x6f\x75\
\x6e\x64\x22\x3e\x3c\x70\x6f\x6c\x79\x67\x6f\x6e\x20\x70\x6f\x69\
\x6e\x74\x73\x3d\x22\x31\x32\x20\x32\x20\x32\x20\x37\x20\x31\x32\
\x20\x31\x32\x20\x32\x32\x20\x37\x20\x31\x32\x20\x32\x22\x2f\x3e\
\x3c\x70\x6f\x6c\x79\x6c\x69\x6e\x65\x20\x70\x6f\x69\x6e\x74\x73\
\x3d\x22\x32\x20\x31\x37\x20\x31\x32\x20\x32\x32\x20\x32\x32\x20\
\x31\x37\x22\x2f\x3e\x3c\x70\x6f\x6c\x79\x6c\x69\x6e\x65\x20\x70\
\x6f\x69\x6e\x74\x73\x3d\x22\x32\x20\x31\x32\x20\x31\x32\x20\x31\
\x37\x20\x32\x32\x20\x31\x32\x22\x2f\x3e\x3c\x2f\x73\x76\x67\x3e\
\
\x00\x00\x00\xfb\
\x3c\
\x73\x76\x67\x20\x78\x6d\x6c\x6e\x73\x3d\x22\x68\x74\x74\x70\x3a\
\x2f\x2f\x77\x77\x77\x2e\x77\x33\x2e\x6f\x72\x67\x2f\x32\x30\x30\
\x30\x2f\x73\x76\x67\x22\x20\x77\x69\x64\x74\x68\x3d\x22\x32\x34\
\x22\x20\x68\x65\x69\x67\x68\x74\x3d\x22\x32\x34\x22\x20\x76\x69\
\x65\x77\x42\x6f\x78\x3d\x22\x30\x20\x30\x20\x32\x34\x20\x32\x34\
\x22\x20\x66\x69\x6c\x6c\x3d\x22\x6e\x6f\x6e\x65\x22\x20\x73\x74\
\x72\x6f\x6b\x65\x3d\x22\x63\x75\x72\x72\x65\x6e\x74\x43\x6f\x6c\
\x6f\x72\x22\x20\x73\x74\x72\x6f\x6b\x65\x2d\x77\x69\x64\x74\x68\
\x3d\x22\x32\x22\x20\x73\x74\x72\x6f\x6b\x65\x2d\x6c\x69\x6e\x65\
\x63\x61\x70\x3d\x22\x72\x6f\x75\x6e\x64\x22\x20\x73\x74\x72\x6f\
\x6b\x65\x2d\x6c\x69\x6e\x65\x6a\x6f\x69\x6e\x3d\x22\x72\x6f\x75\
\x6e\x64\x22\x3e\x3c\x70\x61\x74\x68\x20\x64\x3d\x22\x4d\x32\x33\
\x20\x31\x32\x61\x31\x31\x2e\x30\x35\x20\x31\x31\x2e\x30\x35\x20\
\x30\x20\x30\x20\x30\x2d\x32\x32\x20\x30\x7a\x6d\x2d\x35\x20\x37\
\x61\x33\x20\x33\x20\x30\x20\x30\x20\x31\x2d\x36\x20\x30\x76\x2d\
\x37\x22\x2f\x3e\x3c\x2f\x73\x76\x67\x3e\
\x00\x00\x01\x45\
\x3c\
\x73\x76\x67\x20\x78\x6d\x6c\x6e\x73\x3d\x22\x68\x74\x74\x70\x3a\
\x2f\x2f\x77\x77\x77\x2e\x77\x33\x2e\x6f\x72\x67\x2f\x32\x30\x30\
\x30\x2f\x73\x76\x67\x22\x20\x77\x69\x64\x74\x68\x3d\x22\x32\x34\
\x22\x20\x68\x65\x69\x67\x68\x74\x3d\x22\x32\x34\x22\x20\x76\x69\
\x65\x77\x42\x6f\x78\x3d\x22\x30\x20\x30\x20\x32\x34\x20\x32\x34\
\x22\x20\x66\x69\x6c\x6c\x3d\x22\x6e\x6f\x6e\x65\x22\x20\x73\x74\
\x72\x6f\x6b\x65\x3d\x22\x63\x75\x72\x72\x65\x6e\x74\x43\x6f\x6c\
\x6f\x72\x22\x20\x73\x74\x72\x6f\x6b\x65\x2d\x77\x69\x64\x74\x68\
\x3d\x22\x32\x22\x20\x73\x74\x72\x6f\x6b\x65\x2d\x6c\x69\x6e\x65\
\x63\x61\x70\x3d\x22\x72\x6f\x75\x6e\x64\x22\x20\x73\x74\x72\x6f\
\x6b\x65\x2d\x6c\x69\x6e\x65\x6a\x6f\x69\x6e\x3d\x22\x72\x6f\x75\
\x6e\x64\x22\x3e\x3c\x70\x61\x74\x68\x20\x64\x3d\x22\x4d\x32\x31\
\x20\x34\x48\x38\x6c\x2d\x37\x20\x38\x20\x37\x20\x38\x68\x31\x33\
\x61\x32\x20\x32\x20\x30\x20\x30\x20\x30\x20\x32\x2d\x32\x56\x36\
\x61\x32\x20\x32\x20\x30\x20\x30\x20\x30\x2d\x32\x2d\x32\x7a\x22\
\x2f\x3e\x3c\x6c\x69\x6e\x65\x20\x78\x31\x3d\x22\x31\x38\x22\x20\
\x79\x31\x3d\x22\x39\x22\x20\x78\x32\x3d\x22\x31\x32\x22\x20\x79\
\x32\x3d\x22\x31\x35\x22\x2f\x3e\x3c\x6c\x69\x6e\x65\x20\x78\x31\
\x3d\x22\x31\x32\x22\x20\x79\x31\x3d\x22\x39\x22\x20\x78\x32\x3d\
\x22\x31\x38\x22\x20\x79\x32\x3d\x22\x31\x35\x22\x2f\x3e\x3c\x2f\
\x73\x76\x67\x3e\
\x00\x00\x01\x28\
\x3c\
\x73\x76\x67\x20\x78\x6d\x6c\x6e\x73\x3d\x22\x68\x74\x74\x70\x3a\
\x2f\x2f\x77\x77\x77\x2e\x77\x33\x2e\x6f\x72\x67\x2f\x32\x30\x30\
\x30\x2f\x73\x76\x67\x22\x20\x77\x69\x64\x74\x68\x3d\x22\x32\x34\
\x22\x20\x68\x65\x69\x67\x68\x74\x3d\x22\x32\x34\x22\x20\x76\x69\
\x65\x77\x42\x6f\x78\x3d\x22\x30\x20\x30\x20\x32\x34\x20\x32\x34\
\x22\x20\x66\x69\x6c\x6c\x3d\x22\x6e\x6f\x6e\x65\x22\x20\x73\x74\
\x72\x6f\x6b\x65\x3d\x22\x63\x75\x72\x72\x65\x6e\x74\x43\x6f\x6c\
\x6f\x72\x22\x20\x73\x74\x72\x6f\x6b\x65\x2d\x77\x69\x64\x74\x68\
\x3d\x22\x32\x22\x20\x73\x74\x72\x6f\x6b\x65\x2d\x6c\x69\x6e\x65\
\x63\x61\x70\x3d\x22\x72\x6f\x75\x6e\x64\x22\x20\x73\x74\x72\x6f\
\x6b\x65\x2d\x6c\x69\x6e\x65\x6a\x6f\x69\x6e\x3d\x22\x72\x6f\x75\
\x6e\x64\x22\x3e\x3c\x6c\x69\x6e\x65\x20\x78\x31\x3d\x22\x31\x39\
\x22\x20\x79\x31\x3d\x22\x35\x22\x20\x78\x32\x3d\x22\x35\x22\x20\
\x79\x32\x3d\x22\x31\x39\x22\x2f\x3e\x3c\x63\x69\x72\x63\x6c\x65\
\x20\x63\x78\x3d\x22\x36\x2e\x35\x22\x20\x63\x79\x3d\x22\x36\x2e\
\x35\x22\x20\x72\x3d\x22\x32\x2e\x35\x22\x2f\x3e\x3c\x63\x69\x72\
\x63\x6c\x65\x20\x63\x78\x3d\x22\x31\x37\x2e\x35\x22\x20\x63\x79\
\x3d\x22\x31\x37\x2e\x35\x22\x20\x72\x3d\x22\x32\x2e\x35\x22\x2f\
\x3e\x3c\x2f\x73\x76\x67\x3e\
\x00\x00\x01\x82\
\x3c\
\x73\x76\x67\x20\x76\x69\x65\x77\x42\x6f\x78\x3d\x22\x30\x20\x30\
\x20\x32\x34\x20\x32\x34\x22\x20\x77\x69\x64\x74\x68\x3d\x22\x32\
\x34\x22\x20\x68\x65\x69\x67\x68\x74\x3d\x22\x32\x34\x22\x20\x78\
\x6d\x6c\x6e\x73\x3d\x22\x68\x74\x74\x70\x3a\x2f\x2f\x77\x77\x77\
\x2e\x77\x33\x2e\x6f\x72\x67\x2f\x32\x30\x30\x30\x2f\x73\x76\x67\
\x22\x20\x66\x69\x6c\x6c\x3d\x22\x6e\x6f\x6e\x65\x22\x20\x73\x74\
\x72\x6f\x6b\x65\x3d\x22\x63\x75\x72\x72\x65\x6e\x74\x43\x6f\x6c\
\x6f\x72\x22\x20\x73\x74\x72\x6f\x6b\x65\x2d\x77\x69\x64\x74\x68\
\x3d\x22\x32\x22\x20\x73\x74\x72\x6f\x6b\x65\x2d\x6c\x69\x6e\x65\
\x63\x61\x70\x3d\x22\x72\x6f\x75\x6e\x64\x22\x20\x73\x74\x72\x6f\
\x6b\x65\x2d\x6c\x69\x6e\x65\x6a\x6f\x69\x6e\x3d\x22\x72\x6f\x75\
\x6e\x64\x22\x3e\x3c\x70\x61\x74\x68\x20\x64\x3d\x22\x4d\x31\x38\
\x20\x38\x68\x31\x61\x34\x20\x34\x20\x30\x20\x30\x20\x31\x20\x30\
\x20\x38\x68\x2d\x31\x22\x2f\x3e\x3c\x70\x61\x74\x68\x20\x64\x3d\
\x22\x4d\x32\x20\x38\x68\x31\x36\x76\x39\x61\x34\x20\x34\x20\x30\
\x20\x30\x20\x31\x2d\x34\x20\x34\x48\x36\x61\x34\x20\x34\x20\x30\
\x20\x30\x20\x31\x2d\x34\x2d\x34\x56\x38\x7a\x22\x2f\x3e\x3c\x6c\
\x69\x6e\x65\x20\x78\x31\x3d\x22\x36\x22\x20\x79\x31\x3d\x22\x31\
\x22\x20\x78\x32\x3d\x22\x36\x22\x20\x79\x32\x3d\x22\x34\x22\x2f\
\x3e\x3c\x6c\x69\x6e\x65\x20\x78\x31\x3d\x22\x31\x30\x22\x20\x79\
\x31\x3d\x22\x31\x22\x20\x78\x32\x3d\x22\x31\x30\x22\x20\x79\x32\
\x3d\x22\x34\x22\x2f\x3e\x3c\x6c\x69\x6e\x65\x20\x78\x31\x3d\x22\
\x31\x34\x22\x20\x79\x31\x3d\x22\x31\x22\x20\x78\x32\x3d\x22\x31\
\x34\x22\x20\x79\x32\x3d\x22\x34\x22\x2f\x3e\x3c\x2f\x73\x76\x67\
\x3e\
\x00\x00\x01\x78\
\x3c\
\x73\x76\x67\x20\x78\x6d\x6c\x6e\x73\x3d\x22\x68\x74\x74\x70\x3a\
\x2f\x2f\x77\x77\x77\x2e\x77\x33\x2e\x6f\x72\x67\x2f\x32\x30\x30\
\x30\x2f\x73\x76\x67\x22\x20\x77\x69\x64\x74\x68\x3d\x22\x32\x34\
\x22\x20\x68\x65\x69\x67\x68\x74\x3d\x22\x32\x34\x22\x20\x76\x69\
\x65\x77\x42\x6f\x78\x3d\x22\x30\x20\x30\x20\x32\x34\x20\x32\x34\
\x22\x20\x66\x69\x6c\x6c\x3d\x22\x6e\x6f\x6e\x65\x22\x20\x73\x74\
\x72\x6f\x6b\x65\x3d\x22\x63\x75\x72\x72\x65\x6e\x74\x43\x6f\x6c\
\x6f\x72\x22\x20\x73\x74\x72\x6f\x6b\x65\x2d\x77\x69\x64\x74\x68\
\x3d\x22\x32\x22\x20\x73\x74\x72\x6f\x6b\x65\x2d\x6c\x69\x6e\x65\
\x63\x61\x70\x3d\x22\x72\x6f\x75\x6e\x64\x22\x20\x73\x74\x72\x6f\
\x6b\x65\x2d\x6c\x69\x6e\x65\x6a\x6f\x69\x6e\x3d\x22\x72\x6f\x75\
\x6e\x64\x22\x3e\x3c\x72\x65\x63\x74\x20\x78\x3d\x22\x32\x22\x20\
\x79\x3d\x22\x32\x22\x20\x77\x69\x64\x74\x68\x3d\x22\x32\x30\x22\
\x20\x68\x65\x69\x67\x68\x74\x3d\x22\x38\x22\x20\x72\x78\x3d\x22\
\x32\x22\x20\x72\x79\x3d\x22\x32\x22\x2f\x3e\x3c\x72\x65\x63\x74\
\x20\x78\x3d\x22\x32\x22\x20\x79\x3d\x22\x31\x34\x22\x20\x77\x69\
\x64\x74\x68\x3d\x22\x32\x30\x22\x20\x68\x65\x69\x67\x68\x74\x3d\
\x22\x38\x22\x20\x72\x78\x3d\x22\x32\x22\x20\x72\x79\x3d\x22\x32\
\x22\x2f\x3e\x3c\x6c\x69\x6e\x65\x20\x78\x31\x3d\x22\x36\x22\x20\
\x79\x31\x3d\x22\x36\x22\x20\x78\x32\x3d\x22\x36\x2e\x30\x31\x22\
\x20\x79\x32\x3d\x22\x36\x22\x2f\x3e\x3c\x6c\x69\x6e\x65\x20\x78\
\x31\x3d\x22\x36\x22\x20\x79\x31\x3d\x22\x31\x38\x22\x20\x78\x32\
\x3d\x22\x36\x2e\x30\x31\x22\x20\x79\x32\x3d\x22\x31\x38\x22\x2f\
\x3e\x3c\x2f\x73\x76\x67\x3e\
\x00\x00\x01\x2b\
\x3c\
\x73\x76\x67\x20\x78\x6d\x6c\x6e\x73\x3d\x22\x68\x74\x74\x70\x3a\
\x2f\x2f\x77\x77\x77\x2e\x77\x33\x2e\x6f\x72\x67\x2f\x32\x30\x30\
\x30\x2f\x73\x76\x67\x22\x20\x77\x69\x64\x74\x68\x3d\x22\x32\x34\
\x22\x20\x68\x65\x69\x67\x68\x74\x3d\x22\x32\x34\x22\x20\x76\x69\
\x65\x77\x42\x6f\x78\x3d\x22\x30\x20\x30\x20\x32\x34\x20\x32\x34\
\x22\x20\x66\x69\x6c\x6c\x3d\x22\x6e\x6f\x6e\x65\x22\x20\x73\x74\
\x72\x6f\x6b\x65\x3d\x22\x63\x75\x72\x72\x65\x6e\x74\x43\x6f\x6c\
\x6f\x72\x22\x20\x73\x74\x72\x6f\x6b\x65\x2d\x77\x69\x64\x74\x68\
\x3d\x22\x32\x22\x20\x73\x74\x72\x6f\x6b\x65\x2d\x6c\x69\x6e\x65\
\x63\x61\x70\x3d\x22\x72\x6f\x75\x6e\x64\x22\x20\x73\x74\x72\x6f\
\x6b\x65\x2d\x6c\x69\x6e\x65\x6a\x6f\x69\x6e\x3d\x22\x72\x6f\x75\
\x6e\x64\x22\x3e\x3c\x63\x69\x72\x63\x6c\x65\x20\x63\x78\x3d\x22\
\x31\x32\x22\x20\x63\x79\x3d\x22\x31\x32\x22\x20\x72\x3d\x22\x31\
\x30\x22\x2f\x3e\x3c\x6c\x69\x6e\x65\x20\x78\x31\x3d\x22\x31\x32\
\x22\x20\x79\x31\x3d\x22\x38\x22\x20\x78\x32\x3d\x22\x31\x32\x22\
\x20\x79\x32\x3d\x22\x31\x32\x22\x2f\x3e\x3c\x6c\x69\x6e\x65\x20\
\x78\x31\x3d\x22\x31\x32\x22\x20\x79\x31\x3d\x22\x31\x36\x22\x20\
\x78\x32\x3d\x22\x31\x32\x2e\x30\x31\x22\x20\x79\x32\x3d\x22\x31\
\x36\x22\x2f\x3e\x3c\x2f\x73\x76\x67\x3e\
\x00\x00\x01\x45\
\x3c\
\x73\x76\x67\x20\x78\x6d\x6c\x6e\x73\x3d\x22\x68\x74\x74\x70\x3a\
\x2f\x2f\x77\x77\x77\x2e\x77\x33\x2e\x6f\x72\x67\x2f\x32\x30\x30\
\x30\x2f\x73\x76\x67\x22\x20\x77\x69\x64\x74\x68\x3d\x22\x32\x34\
\x22\x20\x68\x65\x69\x67\x68\x74\x3d\x22\x32\x34\x22\x20\x76\x69\
\x65\x77\x42\x6f\x78\x3d\x22\x30\x20\x30\x20\x32\x34\x20\x32\x34\
\x22\x20\x66\x69\x6c\x6c\x3d\x22\x6e\x6f\x6e\x65\x22\x20\x73\x74\
\x72\x6f\x6b\x65\x3d\x22\x63\x75\x72\x72\x65\x6e\x74\x43\x6f\x6c\
\x6f\x72\x22\x20\x73\x74\x72\x6f\x6b\x65\x2d\x77\x69\x64\x74\x68\
\x3d\x22\x32\x22\x20\x73\x74\x72\x6f\x6b\x65\x2d\x6c\x69\x6e\x65\
\x63\x61\x70\x3d\x22\x72\x6f\x75\x6e\x64\x22\x20\x73\x74\x72\x6f\
\x6b\x65\x2d\x6c\x69\x6e\x65\x6a\x6f\x69\x6e\x3d\x22\x72\x6f\x75\
\x6e\x64\x22\x3e\x3c\x70\x61\x74\x68\x20\x64\x3d\x22\x4d\x31\x36\
\x20\x34\x68\x32\x61\x32\x20\x32\x20\x30\x20\x30\x20\x31\x20\x32\
\x20\x32\x76\x31\x34\x61\x32\x20\x32\x20\x30\x20\x30\x20\x31\x2d\
\x32\x20\x32\x48\x36\x61\x32\x20\x32\x20\x30\x20\x30\x20\x31\x2d\
\x32\x2d\x32\x56\x36\x61\x32\x20\x32\x20\x30\x20\x30\x20\x31\x20\
\x32\x2d\x32\x68\x32\x22\x2f\x3e\x3c\x72\x65\x63\x74\x20\x78\x3d\
\x22\x38\x22\x20\x79\x3d\x22\x32\x22\x20\x77\x69\x64\x74\x68\x3d\
\x22\x38\x22\x20\x68\x65\x69\x67\x68\x74\x3d\x22\x34\x22\x20\x72\
\x78\x3d\x22\x31\x22\x20\x72\x79\x3d\x22\x31\x22\x2f\x3e\x3c\x2f\
\x73\x76\x67\x3e\
\x00\x00\x01\x5f\
\x3c\
\x73\x76\x67\x20\x78\x6d\x6c\x6e\x73\x3d\x22\x68\x74\x74\x70\x3a\
\x2f\x2f\x77\x77\x77\x2e\x77\x33\x2e\x6f\x72\x67\x2f\x32\x30\x30\
\x30\x2f\x73\x76\x67\x22\x20\x77\x69\x64\x74\x68\x3d\x22\x32\x34\
\x22\x20\x68\x65\x69\x67\x68\x74\x3d\x22\x32\x34\x22\x20\x76\x69\
\x65\x77\x42\x6f\x78\x3d\x22\x30\x20\x30\x20\x32\x34\x20\x32\x34\
\x22\x20\x66\x69\x6c\x6c\x3d\x22\x6e\x6f\x6e\x65\x22\x20\x73\x74\
\x72\x6f\x6b\x65\x3d\x22\x63\x75\x72\x72\x65\x6e\x74\x43\x6f\x6c\
\x6f\x72\x22\x20\x73\x74\x72\x6f\x6b\x65\x2d\x77\x69\x64\x74\x68\
\x3d\x22\x32\x22\x20\x73\x74\x72\x6f\x6b\x65\x2d\x6c\x69\x6e\x65\
\x63\x61\x70\x3d\x22\x72\x6f\x75\x6e\x64\x22\x20\x73\x74\x72\x6f\
\x6b\x65\x2d\x6c\x69\x6e\x65\x6a\x6f\x69\x6e\x3d\x22\x72\x6f\x75\
\x6e\x64\x22\x3e\x3c\x70\x6f\x6c\x79\x67\x6f\x6e\x20\x70\x6f\x69\
\x6e\x74\x73\x3d\x22\x37\x2e\x38\x36\x20\x32\x20\x31\x36\x2e\x31\
\x34\x20\x32\x20\x32\x32\x20\x37\x2e\x38\x36\x20\x32\x32\x20\x31\
\x36\x2e\x31\x34\x20\x31\x36\x2e\x31\x34\x20\x32\x32\x20\x37\x2e\
\x38\x36\x20\x32\x32\x20\x32\x20\x31\x36\x2e\x31\x34\x20\x32\x20\
\x37\x2e\x38\x36\x20\x37\x2e\x38\x36\x20\x32\x22\x2f\x3e\x3c\x6c\
\x69\x6e\x65\x20\x78\x31\x3d\x22\x31\x35\x22\x20\x79\x31\x3d\x22\
\x39\x22\x20\x78\x32\x3d\x22\x39\x22\x20\x79\x32\x3d\x22\x31\x35\
\x22\x2f\x3e\x3c\x6c\x69\x6e\x65\x20\x78\x31\x3d\x22\x39\x22\x20\
\x79\x31\x3d\x22\x39\x22\x20\x78\x32\x3d\x22\x31\x35\x22\x20\x79\
\x32\x3d\x22\x31\x35\x22\x2f\x3e\x3c\x2f\x73\x76\x67\x3e\
\x00\x00\x01\x12\
\x3c\
\x73\x76\x67\x20\x78\x6d\x6c\x6e\x73\x3d\x22\x68\x74\x74\x70\x3a\
\x2f\x2f\x77\x77\x77\x2e\x77\x33\x2e\x6f\x72\x67\x2f\x32\x30\x30\
\x30\x2f\x73\x76\x67\x22\x20\x77\x69\x64\x74\x68\x3d\x22\x32\x34\
\x22\x20\x68\x65\x69\x67\x68\x74\x3d\x22\x32\x34\x22\x20\x76\x69\
\x65\x77\x42\x6f\x78\x3d\x22\x30\x20\x30\x20\x32\x34\x20\x32\x34\
\x22\x20\x66\x69\x6c\x6c\x3d\x22\x6e\x6f\x6e\x65\x22\x20\x73\x74\
\x72\x6f\x6b\x65\x3d\x22\x63\x75\x72\x72\x65\x6e\x74\x43\x6f\x6c\
\x6f\x72\x22\x20\x73\x74\x72\x6f\x6b\x65\x2d\x77\x69\x64\x74\x68\
\x3d\x22\x32\x22\x20\x73\x74\x72\x6f\x6b\x65\x2d\x6c\x69\x6e\x65\
\x63\x61\x70\x3d\x22\x72\x6f\x75\x6e\x64\x22\x20\x73\x74\x72\x6f\
\x6b\x65\x2d\x6c\x69\x6e\x65\x6a\x6f\x69\x6e\x3d\x22\x72\x6f\x75\
\x6e\x64\x22\x3e\x3c\x70\x61\x74\x68\x20\x64\x3d\x22\x4d\x31\x20\
\x31\x32\x73\x34\x2d\x38\x20\x31\x31\x2d\x38\x20\x31\x31\x20\x38\
\x20\x31\x31\x20\x38\x2d\x34\x20\x38\x2d\x31\x31\x20\x38\x2d\x31\
\x31\x2d\x38\x2d\x31\x31\x2d\x38\x7a\x22\x2f\x3e\x3c\x63\x69\x72\
\x63\x6c\x65\x20\x63\x78\x3d\x22\x31\x32\x22\x20\x63\x79\x3d\x22\
\x31\x32\x22\x20\x72\x3d\x22\x33\x22\x2f\x3e\x3c\x2f\x73\x76\x67\
\x3e\
\x00\x00\x02\x26\
\x3c\
\x73\x76\x67\x20\x78\x6d\x6c\x6e\x73\x3d\x22\x68\x74\x74\x70\x3a\
\x2f\x2f\x77\x77\x77\x2e\x77\x33\x2e\x6f\x72\x67\x2f\x32\x30\x30\
\x30\x2f\x73\x76\x67\x22\x20\x77\x69\x64\x74\x68\x3d\x22\x32\x34\
\x22\x20\x68\x65\x69\x67\x68\x74\x3d\x22\x32\x34\x22\x20\x76\x69\
\x65\x77\x42\x6f\x78\x3d\x22\x30\x20\x30\x20\x32\x34\x20\x32\x34\
\x22\x20\x66\x69\x6c\x6c\x3d\x22\x6e\x6f\x6e\x65\x22\x20\x73\x74\
\x72\x6f\x6b\x65\x3d\x22\x63\x75\x72\x72\x65\x6e\x74\x43\x6f\x6c\
\x6f\x72\x22\x20\x73\x74\x72\x6f\x6b\x65\x2d\x77\x69\x64\x74\x68\
\x3d\x22\x32\x22\x20\x73\x74\x72\x6f\x6b\x65\x2d\x6c\x69\x6e\x65\
\x63\x61\x70\x3d\x22\x72\x6f\x75\x6e\x64\x22\x20\x73\x74\x72\x6f\
\x6b\x65\x2d\x6c\x69\x6e\x65\x6a\x6f\x69\x6e\x3d\x22\x72\x6f\x75\
\x6e\x64\x22\x3e\x3c\x70\x61\x74\x68\x20\x64\x3d\x22\x4d\x32\x31\
\x20\x31\x36\x56\x38\x61\x32\x20\x32\x20\x30\x20\x30\x20\x30\x2d\
\x31\x2d\x31\x2e\x37\x33\x6c\x2d\x37\x2d\x34\x61\x32\x20\x32\x20\
\x30\x20\x30\x20\x30\x2d\x32\x20\x30\x6c\x2d\x37\x20\x34\x41\x32\
\x20\x32\x20\x30\x20\x30\x20\x30\x20\x33\x20\x38\x76\x38\x61\x32\
\x20\x32\x20\x30\x20\x30\x20\x30\x20\x31\x20\x31\x2e\x37\x33\x6c\
\x37\x20\x34\x61\x32\x20\x32\x20\x30\x20\x30\x20\x30\x20\x32\x20\
\x30\x6c\x37\x2d\x34\x41\x32\x20\x32\x20\x30\x20\x30\x20\x30\x20\
\x32\x31\x20\x31\x36\x7a\x22\x2f\x3e\x3c\x70\x6f\x6c\x79\x6c\x69\
\x6e\x65\x20\x70\x6f\x69\x6e\x74\x73\x3d\x22\x37\x2e\x35\x20\x34\
\x2e\x32\x31\x20\x31\x32\x20\x36\x2e\x38\x31\x20\x31\x36\x2e\x35\
\x20\x34\x2e\x32\x31\x22\x2f\x3e\x3c\x70\x6f\x6c\x79\x6c\x69\x6e\
\x65\x20\x70\x6f\x69\x6e\x74\x73\x3d\x22\x37\x2e\x35\x20\x31\x39\
\x2e\x37\x39\x20\x37\x2e\x35\x20\x31\x34\x2e\x36\x20\x33\x20\x31\
\x32\x22\x2f\x3e\x3c\x70\x6f\x6c\x79\x6c\x69\x6e\x65\x20\x70\x6f\
\x69\x6e\x74\x73\x3d\x22\x32\x31\x20\x31\x32\x20\x31\x36\x2e\x35\
\x20\x31\x34\x2e\x36\x20\x31\x36\x2e\x35\x20\x31\x39\x2e\x37\x39\
\x22\x2f\x3e\x3c\x70\x6f\x6c\x79\x6c\x69\x6e\x65\x20\x70\x6f\x69\
\x6e\x74\x73\x3d\x22\x33\x2e\x32\x37\x20\x36\x2e\x39\x36\x20\x31\
\x32\x20\x31\x32\x2e\x30\x31\x20\x32\x30\x2e\x37\x33\x20\x36\x2e\
\x39\x36\x22\x2f\x3e\x3c\x6c\x69\x6e\x65\x20\x78\x31\x3d\x22\x31\
\x32\x22\x20\x79\x31\x3d\x22\x32\x32\x2e\x30\x38\x22\x20\x78\x32\
\x3d\x22\x31\x32\x22\x20\x79\x32\x3d\x22\x31\x32\x22\x2f\x3e\x3c\
\x2f\x73\x76\x67\x3e\
\x00\x00\x01\x65\
\x3c\
\x73\x76\x67\x20\x78\x6d\x6c\x6e\x73\x3d\x22\x68\x74\x74\x70\x3a\
\x2f\x2f\x77\x77\x77\x2e\x77\x33\x2e\x6f\x72\x67\x2f\x32\x30\x30\
\x30\x2f\x73\x76\x67\x22\x20\x77\x69\x64\x74\x68\x3d\x22\x32\x34\
\x22\x20\x68\x65\x69\x67\x68\x74\x3d\x22\x32\x34\x22\x20\x76\x69\
\x65\x77\x42\x6f\x78\x3d\x22\x30\x20\x30\x20\x32\x34\x20\x32\x34\
\x22\x20\x66\x69\x6c\x6c\x3d\x22\x6e\x6f\x6e\x65\x22\x20\x73\x74\
\x72\x6f\x6b\x65\x3d\x22\x63\x75\x72\x72\x65\x6e\x74\x43\x6f\x6c\
\x6f\x72\x22\x20\x73\x74\x72\x6f\x6b\x65\x2d\x77\x69\x64\x74\x68\
\x3d\x22\x32\x22\x20\x73\x74\x72\x6f\x6b\x65\x2d\x6c\x69\x6e\x65\
\x63\x61\x70\x3d\x22\x72\x6f\x75\x6e\x64\x22\x20\x73\x74\x72\x6f\
\x6b\x65\x2d\x6c\x69\x6e\x65\x6a\x6f\x69\x6e\x3d\x22\x72\x6f\x75\
\x6e\x64\x22\x3e\x3c\x72\x65\x63\x74\x20\x78\x3d\x22\x33\x22\x20\
\x79\x3d\x22\x33\x22\x20\x77\x69\x64\x74\x68\x3d\x22\x31\x38\x22\
\x20\x68\x65\x69\x67\x68\x74\x3d\x22\x31\x38\x22\x20\x72\x78\x3d\
\x22\x32\x22\x20\x72\x79\x3d\x22\x32\x22\x2f\x3e\x3c\x6c\x69\x6e\
\x65\x20\x78\x31\x3d\x22\x38\x22\x20\x79\x31\x3d\x22\x31\x32\x22\
\x20\x78\x32\x3d\x22\x31\x36\x22\x20\x79\x32\x3d\x22\x31\x32\x22\
\x2f\x3e\x3c\x6c\x69\x6e\x65\x20\x78\x31\x3d\x22\x31\x32\x22\x20\
\x79\x31\x3d\x22\x31\x36\x22\x20\x78\x32\x3d\x22\x31\x32\x22\x20\
\x79\x32\x3d\x22\x31\x36\x22\x2f\x3e\x3c\x6c\x69\x6e\x65\x20\x78\
\x31\x3d\x22\x31\x32\x22\x20\x79\x31\x3d\x22\x38\x22\x20\x78\x32\
\x3d\x22\x31\x32\x22\x20\x79\x32\x3d\x22\x38\x22\x2f\x3e\x3c\x2f\
\x73\x76\x67\x3e\
\x00\x00\x01\x27\
\x3c\
\x73\x76\x67\x20\x78\x6d\x6c\x6e\x73\x3d\x22\x68\x74\x74\x70\x3a\
\x2f\x2f\x77\x77\x77\x2e\x77\x33\x2e\x6f\x72\x67\x2f\x32\x30\x30\
\x30\x2f\x73\x76\x67\x22\x20\x77\x69\x64\x74\x68\x3d\x22\x32\x34\
\x22\x20\x68\x65\x69\x67\x68\x74\x3d\x22\x32\x34\x22\x20\x76\x69\
\x65\x77\x42\x6f\x78\x3d\x22\x30\x20\x30\x20\x32\x34\x20\x32\x34\
\x22\x20\x66\x69\x6c\x6c\x3d\x22\x6e\x6f\x6e\x65\x22\x20\x73\x74\
\x72\x6f\x6b\x65\x3d\x22\x63\x75\x72\x72\x65\x6e\x74\x43\x6f\x6c\
\x6f\x72\x22\x20\x73\x74\x72\x6f\x6b\x65\x2d\x77\x69\x64\x74\x68\
\x3d\x22\x32\x22\x20\x73\x74\x72\x6f\x6b\x65\x2d\x6c\x69\x6e\x65\
\x63\x61\x70\x3d\x22\x72\x6f\x75\x6e\x64\x22\x20\x73\x74\x72\x6f\
\x6b\x65\x2d\x6c\x69\x6e\x65\x6a\x6f\x69\x6e\x3d\x22\x72\x6f\x75\
\x6e\x64\x22\x3e\x3c\x63\x69\x72\x63\x6c\x65\x20\x63\x78\x3d\x22\
\x31\x32\x22\x20\x63\x79\x3d\x22\x31\x32\x22\x20\x72\x3d\x22\x31\
\x30\x22\x2f\x3e\x3c\x6c\x69\x6e\x65\x20\x78\x31\x3d\x22\x31\x30\
\x22\x20\x79\x31\x3d\x22\x31\x35\x22\x20\x78\x32\x3d\x22\x31\x30\
\x22\x20\x79\x32\x3d\x22\x39\x22\x2f\x3e\x3c\x6c\x69\x6e\x65\x20\
\x78\x31\x3d\x22\x31\x34\x22\x20\x79\x31\x3d\x22\x31\x35\x22\x20\
\x78\x32\x3d\x22\x31\x34\x22\x20\x79\x32\x3d\x22\x39\x22\x2f\x3e\
\x3c\x2f\x73\x76\x67\x3e\
\x00\x00\x01\x2e\
\x3c\
\x73\x76\x67\x20\x78\x6d\x6c\x6e\x73\x3d\x22\x68\x74\x74\x70\x3a\
\x2f\x2f\x77\x77\x77\x2e\x77\x33\x2e\x6f\x72\x67\x2f\x32\x30\x30\
\x30\x2f\x73\x76\x67\x22\x20\x77\x69\x64\x74\x68\x3d\x22\x32\x34\
\x22\x20\x68\x65\x69\x67\x68\x74\x3d\x22\x32\x34\x22\x20\x76\x69\
\x65\x77\x42\x6f\x78\x3d\x22\x30\x20\x30\x20\x32\x34\x20\x32\x34\
\x22\x20\x66\x69\x6c\x6c\x3d\x22\x6e\x6f\x6e\x65\x22\x20\x73\x74\
\x72\x6f\x6b\x65\x3d\x22\x63\x75\x72\x72\x65\x6e\x74\x43\x6f\x6c\
\x6f\x72\x22\x20\x73\x74\x72\x6f\x6b\x65\x2d\x77\x69\x64\x74\x68\
\x3d\x22\x32\x22\x20\x73\x74\x72\x6f\x6b\x65\x2d\x6c\x69\x6e\x65\
\x63\x61\x70\x3d\x22\x72\x6f\x75\x6e\x64\x22\x20\x73\x74\x72\x6f\
\x6b\x65\x2d\x6c\x69\x6e\x65\x6a\x6f\x69\x6e\x3d\x22\x72\x6f\x75\
\x6e\x64\x22\x3e\x3c\x63\x69\x72\x63\x6c\x65\x20\x63\x78\x3d\x22\
\x35\x2e\x35\x22\x20\x63\x79\x3d\x22\x31\x31\x2e\x35\x22\x20\x72\
\x3d\x22\x34\x2e\x35\x22\x2f\x3e\x3c\x63\x69\x72\x63\x6c\x65\x20\
\x63\x78\x3d\x22\x31\x38\x2e\x35\x22\x20\x63\x79\x3d\x22\x31\x31\
\x2e\x35\x22\x20\x72\x3d\x22\x34\x2e\x35\x22\x2f\x3e\x3c\x6c\x69\
\x6e\x65\x20\x78\x31\x3d\x22\x35\x2e\x35\x22\x20\x79\x31\x3d\x22\
\x31\x36\x22\x20\x78\x32\x3d\x22\x31\x38\x2e\x35\x22\x20\x79\x32\
\x3d\x22\x31\x36\x22\x2f\x3e\x3c\x2f\x73\x76\x67\x3e\
\x00\x00\x01\x04\
\x3c\
\x73\x76\x67\x20\x78\x6d\x6c\x6e\x73\x3d\x22\x68\x74\x74\x70\x3a\
\x2f\x2f\x77\x77\x77\x2e\x77\x33\x2e\x6f\x72\x67\x2f\x32\x30\x30\
\x30\x2f\x73\x76\x67\x22\x20\x77\x69\x64\x74\x68\x3d\x22\x32\x34\
\x22\x20\x68\x65\x69\x67\x68\x74\x3d\x22\x32\x34\x22\x20\x76\x69\
\x65\x77\x42\x6f\x78\x3d\x22\x30\x20\x30\x20\x32\x34\x20\x32\x34\
\x22\x20\x66\x69\x6c\x6c\x3d\x22\x6e\x6f\x6e\x65\x22\x20\x73\x74\
\x72\x6f\x6b\x65\x3d\x22\x63\x75\x72\x72\x65\x6e\x74\x43\x6f\x6c\
\x6f\x72\x22\x20\x73\x74\x72\x6f\x6b\x65\x2d\x77\x69\x64\x74\x68\
\x3d\x22\x32\x22\x20\x73\x74\x72\x6f\x6b\x65\x2d\x6c\x69\x6e\x65\
\x63\x61\x70\x3d\x22\x72\x6f\x75\x6e\x64\x22\x20\x73\x74\x72\x6f\
\x6b\x65\x2d\x6c\x69\x6e\x65\x6a\x6f\x69\x6e\x3d\x22\x72\x6f\x75\
\x6e\x64\x22\x3e\x3c\x70\x6f\x6c\x79\x6c\x69\x6e\x65\x20\x70\x6f\
\x69\x6e\x74\x73\x3d\x22\x31\x37\x20\x31\x31\x20\x31\x32\x20\x36\
\x20\x37\x20\x31\x31\x22\x2f\x3e\x3c\x70\x6f\x6c\x79\x6c\x69\x6e\
\x65\x20\x70\x6f\x69\x6e\x74\x73\x3d\x22\x31\x37\x20\x31\x38\x20\
\x31\x32\x20\x31\x33\x20\x37\x20\x31\x38\x22\x2f\x3e\x3c\x2f\x73\
\x76\x67\x3e\
\x00\x00\x01\x2d\
\x3c\
\x73\x76\x67\x20\x78\x6d\x6c\x6e\x73\x3d\x22\x68\x74\x74\x70\x3a\
\x2f\x2f\x77\x77\x77\x2e\x77\x33\x2e\x6f\x72\x67\x2f\x32\x30\x30\
\x30\x2f\x73\x76\x67\x22\x20\x77\x69\x64\x74\x68\x3d\x22\x32\x34\
\x22\x20\x68\x65\x69\x67\x68\x74\x3d\x22\x32\x34\x22\x20\x76\x69\
\x65\x77\x42\x6f\x78\x3d\x22\x30\x20\x30\x20\x32\x34\x20\x32\x34\
\x22\x20\x66\x69\x6c\x6c\x3d\x22\x6e\x6f\x6e\x65\x22\x20\x73\x74\
\x72\x6f\x6b\x65\x3d\x22\x63\x75\x72\x72\x65\x6e\x74\x43\x6f\x6c\
\x6f\x72\x22\x20\x73\x74\x72\x6f\x6b\x65\x2d\x77\x69\x64\x74\x68\
\x3d\x22\x32\x22\x20\x73\x74\x72\x6f\x6b\x65\x2d\x6c\x69\x6e\x65\
\x63\x61\x70\x3d\x22\x72\x6f\x75\x6e\x64\x22\x20\x73\x74\x72\x6f\
\x6b\x65\x2d\x6c\x69\x6e\x65\x6a\x6f\x69\x6e\x3d\x22\x72\x6f\x75\
\x6e\x64\x22\x3e\x3c\x6c\x69\x6e\x65\x20\x78\x31\x3d\x22\x31\x38\
\x22\x20\x79\x31\x3d\x22\x32\x30\x22\x20\x78\x32\x3d\x22\x31\x38\
\x22\x20\x79\x32\x3d\x22\x31\x30\x22\x2f\x3e\x3c\x6c\x69\x6e\x65\
\x20\x78\x31\x3d\x22\x31\x32\x22\x20\x79\x31\x3d\x22\x32\x30\x22\
\x20\x78\x32\x3d\x22\x31\x32\x22\x20\x79\x32\x3d\x22\x34\x22\x2f\
\x3e\x3c\x6c\x69\x6e\x65\x20\x78\x31\x3d\x22\x36\x22\x20\x79\x31\
\x3d\x22\x32\x30\x22\x20\x78\x32\x3d\x22\x36\x22\x20\x79\x32\x3d\
\x22\x31\x34\x22\x2f\x3e\x3c\x2f\x73\x76\x67\x3e\
\x00\x00\x01\x6c\
\x3c\
\x73\x76\x67\x20\x78\x6d\x6c\x6e\x73\x3d\x22\x68\x74\x74\x70\x3a\
\x2f\x2f\x77\x77\x77\x2e\x77\x33\x2e\x6f\x72\x67\x2f\x32\x30\x30\
\x30\x2f\x73\x76\x67\x22\x20\x77\x69\x64\x74\x68\x3d\x22\x32\x34\
\x22\x20\x68\x65\x69\x67\x68\x74\x3d\x22\x32\x34\x22\x20\x76\x69\
\x65\x77\x42\x6f\x78\x3d\x22\x30\x20\x30\x20\x32\x34\x20\x32\x34\
\x22\x20\x66\x69\x6c\x6c\x3d\x22\x6e\x6f\x6e\x65\x22\x20\x73\x74\
\x72\x6f\x6b\x65\x3d\x22\x63\x75\x72\x72\x65\x6e\x74\x43\x6f\x6c\
\x6f\x72\x22\x20\x73\x74\x72\x6f\x6b\x65\x2d\x77\x69\x64\x74\x68\
\x3d\x22\x32\x22\x20\x73\x74\x72\x6f\x6b\x65\x2d\x6c\x69\x6e\x65\
\x63\x61\x70\x3d\x22\x72\x6f\x75\x6e\x64\x22\x20\x73\x74\x72\x6f\
\x6b\x65\x2d\x6c\x69\x6e\x65\x6a\x6f\x69\x6e\x3d\x22\x72\x6f\x75\
\x6e\x64\x22\x3e\x3c\x70\x61\x74\x68\x20\x64\x3d\x22\x4d\x35\x20\
\x31\x38\x48\x33\x61\x32\x20\x32\x20\x30\x20\x30\x20\x31\x2d\x32\
\x2d\x32\x56\x38\x61\x32\x20\x32\x20\x30\x20\x30\x20\x31\x20\x32\
\x2d\x32\x68\x33\x2e\x31\x39\x4d\x31\x35\x20\x36\x68\x32\x61\x32\
\x20\x32\x20\x30\x20\x30\x20\x31\x20\x32\x20\x32\x76\x38\x61\x32\
\x20\x32\x20\x30\x20\x30\x20\x31\x2d\x32\x20\x32\x68\x2d\x33\x2e\
\x31\x39\x22\x2f\x3e\x3c\x6c\x69\x6e\x65\x20\x78\x31\x3d\x22\x32\
\x33\x22\x20\x79\x31\x3d\x22\x31\x33\x22\x20\x78\x32\x3d\x22\x32\
\x33\x22\x20\x79\x32\x3d\x22\x31\x31\x22\x2f\x3e\x3c\x70\x6f\x6c\
\x79\x6c\x69\x6e\x65\x20\x70\x6f\x69\x6e\x74\x73\x3d\x22\x31\x31\
\x20\x36\x20\x37\x20\x31\x32\x20\x31\x33\x20\x31\x32\x20\x39\x20\
\x31\x38\x22\x2f\x3e\x3c\x2f\x73\x76\x67\x3e\
\x00\x00\x01\x0a\
\x3c\
\x73\x76\x67\x20\x78\x6d\x6c\x6e\x73\x3d\x22\x68\x74\x74\x70\x3a\
\x2f\x2f\x77\x77\x77\x2e\x77\x33\x2e\x6f\x72\x67\x2f\x32\x30\x30\
\x30\x2f\x73\x76\x67\x22\x20\x77\x69\x64\x74\x68\x3d\x22\x32\x34\
\x22\x20\x68\x65\x69\x67\x68\x74\x3d\x22\x32\x34\x22\x20\x76\x69\
\x65\x77\x42\x6f\x78\x3d\x22\x30\x20\x30\x20\x32\x34\x20\x32\x34\
\x22\x20\x66\x69\x6c\x6c\x3d\x22\x6e\x6f\x6e\x65\x22\x20\x73\x74\
\x72\x6f\x6b\x65\x3d\x22\x63\x75\x72\x72\x65\x6e\x74\x43\x6f\x6c\
\x6f\x72\x22\x20\x73\x74\x72\x6f\x6b\x65\x2d\x77\x69\x64\x74\x68\
\x3d\x22\x32\x22\x20\x73\x74\x72\x6f\x6b\x65\x2d\x6c\x69\x6e\x65\
\x63\x61\x70\x3d\x22\x72\x6f\x75\x6e\x64\x22\x20\x73\x74\x72\x6f\
\x6b\x65\x2d\x6c\x69\x6e\x65\x6a\x6f\x69\x6e\x3d\x22\x72\x6f\x75\
\x6e\x64\x22\x3e\x3c\x70\x61\x74\x68\x20\x64\x3d\x22\x4d\x31\x38\
\x2e\x33\x36\x20\x36\x2e\x36\x34\x61\x39\x20\x39\x20\x30\x20\x31\
\x20\x31\x2d\x31\x32\x2e\x37\x33\x20\x30\x22\x2f\x3e\x3c\x6c\x69\
\x6e\x65\x20\x78\x31\x3d\x22\x31\x32\x22\x20\x79\x31\x3d\x22\x32\
\x22\x20\x78\x32\x3d\x22\x31\x32\x22\x20\x79\x32\x3d\x22\x31\x32\
\x22\x2f\x3e\x3c\x2f\x73\x76\x67\x3e\
\x00\x00\x01\x19\
\x3c\
\x73\x76\x67\x20\x78\x6d\x6c\x6e\x73\x3d\x22\x68\x74\x74\x70\x3a\
\x2f\x2f\x77\x77\x77\x2e\x77\x33\x2e\x6f\x72\x67\x2f\x32\x30\x30\
\x30\x2f\x73\x76\x67\x22\x20\x77\x69\x64\x74\x68\x3d\x22\x32\x34\
\x22\x20\x68\x65\x69\x67\x68\x74\x3d\x22\x32\x34\x22\x20\x76\x69\
\x65\x77\x42\x6f\x78\x3d\x22\x30\x20\x30\x20\x32\x34\x20\x32\x34\
\x22\x20\x66\x69\x6c\x6c\x3d\x22\x6e\x6f\x6e\x65\x22\x20\x73\x74\
\x72\x6f\x6b\x65\x3d\x22\x63\x75\x72\x72\x65\x6e\x74\x43\x6f\x6c\
\x6f\x72\x22\x20\x73\x74\x72\x6f\x6b\x65\x2d\x77\x69\x64\x74\x68\
\x3d\x22\x32\x22\x20\x73\x74\x72\x6f\x6b\x65\x2d\x6c\x69\x6e\x65\
\x63\x61\x70\x3d\x22\x72\x6f\x75\x6e\x64\x22\x20\x73\x74\x72\x6f\
\x6b\x65\x2d\x6c\x69\x6e\x65\x6a\x6f\x69\x6e\x3d\x22\x72\x6f\x75\
\x6e\x64\x22\x3e\x3c\x63\x69\x72\x63\x6c\x65\x20\x63\x78\x3d\x22\
\x31\x32\x22\x20\x63\x79\x3d\x22\x31\x32\x22\x20\x72\x3d\x22\x31\
\x30\x22\x2f\x3e\x3c\x63\x69\x72\x63\x6c\x65\x20\x63\x78\x3d\x22\
\x31\x32\x22\x20\x63\x79\x3d\x22\x31\x32\x22\x20\x72\x3d\x22\x36\
\x22\x2f\x3e\x3c\x63\x69\x72\x63\x6c\x65\x20\x63\x78\x3d\x22\x31\
\x32\x22\x20\x63\x79\x3d\x22\x31\x32\x22\x20\x72\x3d\x22\x32\x22\
\x2f\x3e\x3c\x2f\x73\x76\x67\x3e\
\x00\x00\x01\x04\
\x3c\
\x73\x76\x67\x20\x78\x6d\x6c\x6e\x73\x3d\x22\x68\x74\x74\x70\x3a\
\x2f\x2f\x77\x77\x77\x2e\x77\x33\x2e\x6f\x72\x67\x2f\x32\x30\x30\
\x30\x2f\x73\x76\x67\x22\x20\x77\x69\x64\x74\x68\x3d\x22\x32\x34\
\x22\x20\x68\x65\x69\x67\x68\x74\x3d\x22\x32\x34\x22\x20\x76\x69\
\x65\x77\x42\x6f\x78\x3d\x22\x30\x20\x30\x20\x32\x34\x20\x32\x34\
\x22\x20\x66\x69\x6c\x6c\x3d\x22\x6e\x6f\x6e\x65\x22\x20\x73\x74\
\x72\x6f\x6b\x65\x3d\x22\x63\x75\x72\x72\x65\x6e\x74\x43\x6f\x6c\
\x6f\x72\x22\x20\x73\x74\x72\x6f\x6b\x65\x2d\x77\x69\x64\x74\x68\
\x3d\x22\x32\x22\x20\x73\x74\x72\x6f\x6b\x65\x2d\x6c\x69\x6e\x65\
\x63\x61\x70\x3d\x22\x72\x6f\x75\x6e\x64\x22\x20\x73\x74\x72\x6f\
\x6b\x65\x2d\x6c\x69\x6e\x65\x6a\x6f\x69\x6e\x3d\x22\x72\x6f\x75\
\x6e\x64\x22\x3e\x3c\x70\x6f\x6c\x79\x6c\x69\x6e\x65\x20\x70\x6f\
\x69\x6e\x74\x73\x3d\x22\x31\x35\x20\x31\x34\x20\x32\x30\x20\x39\
\x20\x31\x35\x20\x34\x22\x2f\x3e\x3c\x70\x61\x74\x68\x20\x64\x3d\
\x22\x4d\x34\x20\x32\x30\x76\x2d\x37\x61\x34\x20\x34\x20\x30\x20\
\x30\x20\x31\x20\x34\x2d\x34\x68\x31\x32\x22\x2f\x3e\x3c\x2f\x73\
\x76\x67\x3e\
\x00\x00\x01\x73\
\x3c\
\x73\x76\x67\x20\x78\x6d\x6c\x6e\x73\x3d\x22\x68\x74\x74\x70\x3a\
\x2f\x2f\x77\x77\x77\x2e\x77\x33\x2e\x6f\x72\x67\x2f\x32\x30\x30\
\x30\x2f\x73\x76\x67\x22\x20\x77\x69\x64\x74\x68\x3d\x22\x32\x34\
\x22\x20\x68\x65\x69\x67\x68\x74\x3d\x22\x32\x34\x22\x20\x76\x69\
\x65\x77\x42\x6f\x78\x3d\x22\x30\x20\x30\x20\x32\x34\x20\x32\x34\
\x22\x20\x66\x69\x6c\x6c\x3d\x22\x6e\x6f\x6e\x65\x22\x20\x73\x74\
\x72\x6f\x6b\x65\x3d\x22\x63\x75\x72\x72\x65\x6e\x74\x43\x6f\x6c\
\x6f\x72\x22\x20\x73\x74\x72\x6f\x6b\x65\x2d\x77\x69\x64\x74\x68\
\x3d\x22\x32\x22\x20\x73\x74\x72\x6f\x6b\x65\x2d\x6c\x69\x6e\x65\
\x63\x61\x70\x3d\x22\x72\x6f\x75\x6e\x64\x22\x20\x73\x74\x72\x6f\
\x6b\x65\x2d\x6c\x69\x6e\x65\x6a\x6f\x69\x6e\x3d\x22\x72\x6f\x75\
\x6e\x64\x22\x3e\x3c\x70\x6f\x6c\x79\x6c\x69\x6e\x65\x20\x70\x6f\
\x69\x6e\x74\x73\x3d\x22\x31\x36\x20\x33\x20\x32\x31\x20\x33\x20\
\x32\x31\x20\x38\x22\x2f\x3e\x3c\x6c\x69\x6e\x65\x20\x78\x31\x3d\
\x22\x34\x22\x20\x79\x31\x3d\x22\x32\x30\x22\x20\x78\x32\x3d\x22\
\x32\x31\x22\x20\x79\x32\x3d\x22\x33\x22\x2f\x3e\x3c\x70\x6f\x6c\
\x79\x6c\x69\x6e\x65\x20\x70\x6f\x69\x6e\x74\x73\x3d\x22\x32\x31\
\x20\x31\x36\x20\x32\x31\x20\x32\x31\x20\x31\x36\x20\x32\x31\x22\
\x2f\x3e\x3c\x6c\x69\x6e\x65\x20\x78\x31\x3d\x22\x31\x35\x22\x20\
\x79\x31\x3d\x22\x31\x35\x22\x20\x78\x32\x3d\x22\x32\x31\x22\x20\
\x79\x32\x3d\x22\x32\x31\x22\x2f\x3e\x3c\x6c\x69\x6e\x65\x20\x78\
\x31\x3d\x22\x34\x22\x20\x79\x31\x3d\x22\x34\x22\x20\x78\x32\x3d\
\x22\x39\x22\x20\x79\x32\x3d\x22\x39\x22\x2f\x3e\x3c\x2f\x73\x76\
\x67\x3e\
\x00\x00\x01\x13\
\x3c\
\x73\x76\x67\x20\x78\x6d\x6c\x6e\x73\x3d\x22\x68\x74\x74\x70\x3a\
\x2f\x2f\x77\x77\x77\x2e\x77\x33\x2e\x6f\x72\x67\x2f\x32\x30\x30\
\x30\x2f\x73\x76\x67\x22\x20\x77\x69\x64\x74\x68\x3d\x22\x32\x34\
\x22\x20\x68\x65\x69\x67\x68\x74\x3d\x22\x32\x34\x22\x20\x76\x69\
\x65\x77\x42\x6f\x78\x3d\x22\x30\x20\x30\x20\x32\x34\x20\x32\x34\
\x22\x20\x66\x69\x6c\x6c\x3d\x22\x6e\x6f\x6e\x65\x22\x20\x73\x74\
\x72\x6f\x6b\x65\x3d\x22\x63\x75\x72\x72\x65\x6e\x74\x43\x6f\x6c\
\x6f\x72\x22\x20\x73\x74\x72\x6f\x6b\x65\x2d\x77\x69\x64\x74\x68\
\x3d\x22\x32\x22\x20\x73\x74\x72\x6f\x6b\x65\x2d\x6c\x69\x6e\x65\
\x63\x61\x70\x3d\x22\x72\x6f\x75\x6e\x64\x22\x20\x73\x74\x72\x6f\
\x6b\x65\x2d\x6c\x69\x6e\x65\x6a\x6f\x69\x6e\x3d\x22\x72\x6f\x75\
\x6e\x64\x22\x3e\x3c\x70\x61\x74\x68\x20\x64\x3d\x22\x4d\x32\x32\
\x20\x31\x31\x2e\x30\x38\x56\x31\x32\x61\x31\x30\x20\x31\x30\x20\
\x30\x20\x31\x20\x31\x2d\x35\x2e\x39\x33\x2d\x39\x2e\x31\x34\x22\
\x2f\x3e\x3c\x70\x6f\x6c\x79\x6c\x69\x6e\x65\x20\x70\x6f\x69\x6e\
\x74\x73\x3d\x22\x32\x32\x20\x34\x20\x31\x32\x20\x31\x34\x2e\x30\
\x31\x20\x39\x20\x31\x31\x2e\x30\x31\x22\x2f\x3e\x3c\x2f\x73\x76\
\x67\x3e\
\x00\x00\x01\x38\
\x3c\
\x73\x76\x67\x20\x78\x6d\x6c\x6e\x73\x3d\x22\x68\x74\x74\x70\x3a\
\x2f\x2f\x77\x77\x77\x2e\x77\x33\x2e\x6f\x72\x67\x2f\x32\x30\x30\
\x30\x2f\x73\x76\x67\x22\x20\x77\x69\x64\x74\x68\x3d\x22\x32\x34\
\x22\x20\x68\x65\x69\x67\x68\x74\x3d\x22\x32\x34\x22\x20\x76\x69\
\x65\x77\x42\x6f\x78\x3d\x22\x30\x20\x30\x20\x32\x34\x20\x32\x34\
\x22\x20\x66\x69\x6c\x6c\x3d\x22\x6e\x6f\x6e\x65\x22\x20\x73\x74\
\x72\x6f\x6b\x65\x3d\x22\x63\x75\x72\x72\x65\x6e\x74\x43\x6f\x6c\
\x6f\x72\x22\x20\x73\x74\x72\x6f\x6b\x65\x2d\x77\x69\x64\x74\x68\
\x3d\x22\x32\x22\x20\x73\x74\x72\x6f\x6b\x65\x2d\x6c\x69\x6e\x65\
\x63\x61\x70\x3d\x22\x72\x6f\x75\x6e\x64\x22\x20\x73\x74\x72\x6f\
\x6b\x65\x2d\x6c\x69\x6e\x65\x6a\x6f\x69\x6e\x3d\x22\x72\x6f\x75\
\x6e\x64\x22\x3e\x3c\x70\x61\x74\x68\x20\x64\x3d\x22\x4d\x31\x35\
\x20\x37\x68\x33\x61\x35\x20\x35\x20\x30\x20\x30\x20\x31\x20\x35\
\x20\x35\x20\x35\x20\x35\x20\x30\x20\x30\x20\x31\x2d\x35\x20\x35\
\x68\x2d\x33\x6d\x2d\x36\x20\x30\x48\x36\x61\x35\x20\x35\x20\x30\
\x20\x30\x20\x31\x2d\x35\x2d\x35\x20\x35\x20\x35\x20\x30\x20\x30\
\x20\x31\x20\x35\x2d\x35\x68\x33\x22\x2f\x3e\x3c\x6c\x69\x6e\x65\
\x20\x78\x31\x3d\x22\x38\x22\x20\x79\x31\x3d\x22\x31\x32\x22\x20\
\x78\x32\x3d\x22\x31\x36\x22\x20\x79\x32\x3d\x22\x31\x32\x22\x2f\
\x3e\x3c\x2f\x73\x76\x67\x3e\
\x00\x00\x01\x38\
\x3c\
\x73\x76\x67\x20\x78\x6d\x6c\x6e\x73\x3d\x22\x68\x74\x74\x70\x3a\
\x2f\x2f\x77\x77\x77\x2e\x77\x33\x2e\x6f\x72\x67\x2f\x32\x30\x30\
\x30\x2f\x73\x76\x67\x22\x20\x77\x69\x64\x74\x68\x3d\x22\x32\x34\
\x22\x20\x68\x65\x69\x67\x68\x74\x3d\x22\x32\x34\x22\x20\x76\x69\
\x65\x77\x42\x6f\x78\x3d\x22\x30\x20\x30\x20\x32\x34\x20\x32\x34\
\x22\x20\x66\x69\x6c\x6c\x3d\x22\x6e\x6f\x6e\x65\x22\x20\x73\x74\
\x72\x6f\x6b\x65\x3d\x22\x63\x75\x72\x72\x65\x6e\x74\x43\x6f\x6c\
\x6f\x72\x22\x20\x73\x74\x72\x6f\x6b\x65\x2d\x77\x69\x64\x74\x68\
\x3d\x22\x32\x22\x20\x73\x74\x72\x6f\x6b\x65\x2d\x6c\x69\x6e\x65\
\x63\x61\x70\x3d\x22\x72\x6f\x75\x6e\x64\x22\x20\x73\x74\x72\x6f\
\x6b\x65\x2d\x6c\x69\x6e\x65\x6a\x6f\x69\x6e\x3d\x22\x72\x6f\x75\
\x6e\x64\x22\x3e\x3c\x70\x61\x74\x68\x20\x64\x3d\x22\x4d\x32\x31\
\x2e\x34\x34\x20\x31\x31\x2e\x30\x35\x6c\x2d\x39\x2e\x31\x39\x20\
\x39\x2e\x31\x39\x61\x36\x20\x36\x20\x30\x20\x30\x20\x31\x2d\x38\
\x2e\x34\x39\x2d\x38\x2e\x34\x39\x6c\x39\x2e\x31\x39\x2d\x39\x2e\
\x31\x39\x61\x34\x20\x34\x20\x30\x20\x30\x20\x31\x20\x35\x2e\x36\
\x36\x20\x35\x2e\x36\x36\x6c\x2d\x39\x2e\x32\x20\x39\x2e\x31\x39\
\x61\x32\x20\x32\x20\x30\x20\x30\x20\x31\x2d\x32\x2e\x38\x33\x2d\
\x32\x2e\x38\x33\x6c\x38\x2e\x34\x39\x2d\x38\x2e\x34\x38\x22\x2f\
\x3e\x3c\x2f\x73\x76\x67\x3e\
\x00\x00\x00\xde\
\x3c\
\x73\x76\x67\x20\x78\x6d\x6c\x6e\x73\x3d\x22\x68\x74\x74\x70\x3a\
\x2f\x2f\x77\x77\x77\x2e\x77\x33\x2e\x6f\x72\x67\x2f\x32\x30\x30\
\x30\x2f\x73\x76\x67\x22\x20\x77\x69\x64\x74\x68\x3d\x22\x32\x34\
\x22\x20\x68\x65\x69\x67\x68\x74\x3d\x22\x32\x34\x22\x20\x76\x69\
\x65\x77\x42\x6f\x78\x3d\x22\x30\x20\x30\x20\x32\x34\x20\x32\x34\
\x22\x20\x66\x69\x6c\x6c\x3d\x22\x6e\x6f\x6e\x65\x22\x20\x73\x74\
\x72\x6f\x6b\x65\x3d\x22\x63\x75\x72\x72\x65\x6e\x74\x43\x6f\x6c\
\x6f\x72\x22\x20\x73\x74\x72\x6f\x6b\x65\x2d\x77\x69\x64\x74\x68\
\x3d\x22\x32\x22\x20\x73\x74\x72\x6f\x6b\x65\x2d\x6c\x69\x6e\x65\
\x63\x61\x70\x3d\x22\x72\x6f\x75\x6e\x64\x22\x20\x73\x74\x72\x6f\
\x6b\x65\x2d\x6c\x69\x6e\x65\x6a\x6f\x69\x6e\x3d\x22\x72\x6f\x75\
\x6e\x64\x22\x3e\x3c\x70\x6f\x6c\x79\x6c\x69\x6e\x65\x20\x70\x6f\
\x69\x6e\x74\x73\x3d\x22\x36\x20\x39\x20\x31\x32\x20\x31\x35\x20\
\x31\x38\x20\x39\x22\x2f\x3e\x3c\x2f\x73\x76\x67\x3e\
\x00\x00\x01\x43\
\x3c\
\x73\x76\x67\x20\x78\x6d\x6c\x6e\x73\x3d\x22\x68\x74\x74\x70\x3a\
\x2f\x2f\x77\x77\x77\x2e\x77\x33\x2e\x6f\x72\x67\x2f\x32\x30\x30\
\x30\x2f\x73\x76\x67\x22\x20\x77\x69\x64\x74\x68\x3d\x22\x32\x34\
\x22\x20\x68\x65\x69\x67\x68\x74\x3d\x22\x32\x34\x22\x20\x76\x69\
\x65\x77\x42\x6f\x78\x3d\x22\x30\x20\x30\x20\x32\x34\x20\x32\x34\
\x22\x20\x66\x69\x6c\x6c\x3d\x22\x6e\x6f\x6e\x65\x22\x20\x73\x74\
\x72\x6f\x6b\x65\x3d\x22\x63\x75\x72\x72\x65\x6e\x74\x43\x6f\x6c\
\x6f\x72\x22\x20\x73\x74\x72\x6f\x6b\x65\x2d\x77\x69\x64\x74\x68\
\x3d\x22\x32\x22\x20\x73\x74\x72\x6f\x6b\x65\x2d\x6c\x69\x6e\x65\
\x63\x61\x70\x3d\x22\x72\x6f\x75\x6e\x64\x22\x20\x73\x74\x72\x6f\
\x6b\x65\x2d\x6c\x69\x6e\x65\x6a\x6f\x69\x6e\x3d\x22\x72\x6f\x75\
\x6e\x64\x22\x3e\x3c\x70\x61\x74\x68\x20\x64\x3d\x22\x4d\x32\x30\
\x2e\x32\x34\x20\x31\x32\x2e\x32\x34\x61\x36\x20\x36\x20\x30\x20\
\x30\x20\x30\x2d\x38\x2e\x34\x39\x2d\x38\x2e\x34\x39\x4c\x35\x20\
\x31\x30\x2e\x35\x56\x31\x39\x68\x38\x2e\x35\x7a\x22\x2f\x3e\x3c\
\x6c\x69\x6e\x65\x20\x78\x31\x3d\x22\x31\x36\x22\x20\x79\x31\x3d\
\x22\x38\x22\x20\x78\x32\x3d\x22\x32\x22\x20\x79\x32\x3d\x22\x32\
\x32\x22\x2f\x3e\x3c\x6c\x69\x6e\x65\x20\x78\x31\x3d\x22\x31\x37\
\x2e\x35\x22\x20\x79\x31\x3d\x22\x31\x35\x22\x20\x78\x32\x3d\x22\
\x39\x22\x20\x79\x32\x3d\x22\x31\x35\x22\x2f\x3e\x3c\x2f\x73\x76\
\x67\x3e\
\x00\x00\x01\x51\
\x3c\
\x73\x76\x67\x20\x78\x6d\x6c\x6e\x73\x3d\x22\x68\x74\x74\x70\x3a\
\x2f\x2f\x77\x77\x77\x2e\x77\x33\x2e\x6f\x72\x67\x2f\x32\x30\x30\
\x30\x2f\x73\x76\x67\x22\x20\x77\x69\x64\x74\x68\x3d\x22\x32\x34\
\x22\x20\x68\x65\x69\x67\x68\x74\x3d\x22\x32\x34\x22\x20\x76\x69\
\x65\x77\x42\x6f\x78\x3d\x22\x30\x20\x30\x20\x32\x34\x20\x32\x34\
\x22\x20\x66\x69\x6c\x6c\x3d\x22\x6e\x6f\x6e\x65\x22\x20\x73\x74\
\x72\x6f\x6b\x65\x3d\x22\x63\x75\x72\x72\x65\x6e\x74\x43\x6f\x6c\
\x6f\x72\x22\x20\x73\x74\x72\x6f\x6b\x65\x2d\x77\x69\x64\x74\x68\
\x3d\x22\x32\x22\x20\x73\x74\x72\x6f\x6b\x65\x2d\x6c\x69\x6e\x65\
\x63\x61\x70\x3d\x22\x72\x6f\x75\x6e\x64\x22\x20\x73\x74\x72\x6f\
\x6b\x65\x2d\x6c\x69\x6e\x65\x6a\x6f\x69\x6e\x3d\x22\x72\x6f\x75\
\x6e\x64\x22\x3e\x3c\x6c\x69\x6e\x65\x20\x78\x31\x3d\x22\x31\x37\
\x22\x20\x79\x31\x3d\x22\x31\x30\x22\x20\x78\x32\x3d\x22\x33\x22\
\x20\x79\x32\x3d\x22\x31\x30\x22\x2f\x3e\x3c\x6c\x69\x6e\x65\x20\
\x78\x31\x3d\x22\x32\x31\x22\x20\x79\x31\x3d\x22\x36\x22\x20\x78\
\x32\x3d\x22\x33\x22\x20\x79\x32\x3d\x22\x36\x22\x2f\x3e\x3c\x6c\
\x69\x6e\x65\x20\x78\x31\x3d\x22\x32\x31\x22\x20\x79\x31\x3d\x22\
\x31\x34\x22\x20\x78\x32\x3d\x22\x33\x22\x20\x79\x32\x3d\x22\x31\
\x34\x22\x2f\x3e\x3c\x6c\x69\x6e\x65\x20\x78\x31\x3d\x22\x31\x37\
\x22\x20\x79\x31\x3d\x22\x31\x38\x22\x20\x78\x32\x3d\x22\x33\x22\
\x20\x79\x32\x3d\x22\x31\x38\x22\x2f\x3e\x3c\x2f\x73\x76\x67\x3e\
\
\x00\x00\x01\xed\
\x3c\
\x73\x76\x67\x20\x77\x69\x64\x74\x68\x3d\x22\x32\x34\x22\x20\x68\
\x65\x69\x67\x68\x74\x3d\x22\x32\x34\x22\x20\x76\x69\x65\x77\x42\
\x6f\x78\x3d\x22\x30\x20\x30\x20\x32\x34\x20\x32\x34\x22\x20\x78\
\x6d\x6c\x6e\x73\x3d\x22\x68\x74\x74\x70\x3a\x2f\x2f\x77\x77\x77\
\x2e\x77\x33\x2e\x6f\x72\x67\x2f\x32\x30\x30\x30\x2f\x73\x76\x67\
\x22\x20\x66\x69\x6c\x6c\x3d\x22\x6e\x6f\x6e\x65\x22\x20\x73\x74\
\x72\x6f\x6b\x65\x3d\x22\x63\x75\x72\x72\x65\x6e\x74\x43\x6f\x6c\
\x6f\x72\x22\x20\x73\x74\x72\x6f\x6b\x65\x2d\x77\x69\x64\x74\x68\
\x3d\x22\x32\x22\x20\x73\x74\x72\x6f\x6b\x65\x2d\x6c\x69\x6e\x65\
\x63\x61\x70\x3d\x22\x72\x6f\x75\x6e\x64\x22\x20\x73\x74\x72\x6f\
\x6b\x65\x2d\x6c\x69\x6e\x65\x6a\x6f\x69\x6e\x3d\x22\x72\x6f\x75\
\x6e\x64\x22\x3e\x3c\x70\x61\x74\x68\x20\x64\x3d\x22\x4d\x35\x20\
\x35\x2e\x35\x41\x33\x2e\x35\x20\x33\x2e\x35\x20\x30\x20\x30\x20\
\x31\x20\x38\x2e\x35\x20\x32\x48\x31\x32\x76\x37\x48\x38\x2e\x35\
\x41\x33\x2e\x35\x20\x33\x2e\x35\x20\x30\x20\x30\x20\x31\x20\x35\
\x20\x35\x2e\x35\x7a\x22\x2f\x3e\x3c\x70\x61\x74\x68\x20\x64\x3d\
\x22\x4d\x31\x32\x20\x32\x68\x33\x2e\x35\x61\x33\x2e\x35\x20\x33\
\x2e\x35\x20\x30\x20\x31\x20\x31\x20\x30\x20\x37\x48\x31\x32\x56\
\x32\x7a\x22\x2f\x3e\x3c\x70\x61\x74\x68\x20\x64\x3d\x22\x4d\x31\
\x32\x20\x31\x32\x2e\x35\x61\x33\x2e\x35\x20\x33\x2e\x35\x20\x30\
\x20\x31\x20\x31\x20\x37\x20\x30\x20\x33\x2e\x35\x20\x33\x2e\x35\
\x20\x30\x20\x31\x20\x31\x2d\x37\x20\x30\x7a\x22\x2f\x3e\x3c\x70\
\x61\x74\x68\x20\x64\x3d\x22\x4d\x35\x20\x31\x39\x2e\x35\x41\x33\
\x2e\x35\x20\x33\x2e\x35\x20\x30\x20\x30\x20\x31\x20\x38\x2e\x35\
\x20\x31\x36\x48\x31\x32\x76\x33\x2e\x35\x61\x33\x2e\x35\x20\x33\
\x2e\x35\x20\x30\x20\x31\x20\x31\x2d\x37\x20\x30\x7a\x22\x2f\x3e\
\x3c\x70\x61\x74\x68\x20\x64\x3d\x22\x4d\x35\x20\x31\x32\x2e\x35\
\x41\x33\x2e\x35\x20\x33\x2e\x35\x20\x30\x20\x30\x20\x31\x20\x38\
\x2e\x35\x20\x39\x48\x31\x32\x76\x37\x48\x38\x2e\x35\x41\x33\x2e\
\x35\x20\x33\x2e\x35\x20\x30\x20\x30\x20\x31\x20\x35\x20\x31\x32\
\x2e\x35\x7a\x22\x2f\x3e\x3c\x2f\x73\x76\x67\x3e\
\x00\x00\x01\x03\
\x3c\
\x73\x76\x67\x20\x78\x6d\x6c\x6e\x73\x3d\x22\x68\x74\x74\x70\x3a\
\x2f\x2f\x77\x77\x77\x2e\x77\x33\x2e\x6f\x72\x67\x2f\x32\x30\x30\
\x30\x2f\x73\x76\x67\x22\x20\x77\x69\x64\x74\x68\x3d\x22\x32\x34\
\x22\x20\x68\x65\x69\x67\x68\x74\x3d\x22\x32\x34\x22\x20\x76\x69\
\x65\x77\x42\x6f\x78\x3d\x22\x30\x20\x30\x20\x32\x34\x20\x32\x34\
\x22\x20\x66\x69\x6c\x6c\x3d\x22\x6e\x6f\x6e\x65\x22\x20\x73\x74\
\x72\x6f\x6b\x65\x3d\x22\x63\x75\x72\x72\x65\x6e\x74\x43\x6f\x6c\
\x6f\x72\x22\x20\x73\x74\x72\x6f\x6b\x65\x2d\x77\x69\x64\x74\x68\
\x3d\x22\x32\x22\x20\x73\x74\x72\x6f\x6b\x65\x2d\x6c\x69\x6e\x65\
\x63\x61\x70\x3d\x22\x72\x6f\x75\x6e\x64\x22\x20\x73\x74\x72\x6f\
\x6b\x65\x2d\x6c\x69\x6e\x65\x6a\x6f\x69\x6e\x3d\x22\x72\x6f\x75\
\x6e\x64\x22\x3e\x3c\x6c\x69\x6e\x65\x20\x78\x31\x3d\x22\x37\x22\
\x20\x79\x31\x3d\x22\x31\x37\x22\x20\x78\x32\x3d\x22\x31\x37\x22\
\x20\x79\x32\x3d\x22\x37\x22\x2f\x3e\x3c\x70\x6f\x6c\x79\x6c\x69\
\x6e\x65\x20\x70\x6f\x69\x6e\x74\x73\x3d\x22\x37\x20\x37\x20\x31\
\x37\x20\x37\x20\x31\x37\x20\x31\x37\x22\x2f\x3e\x3c\x2f\x73\x76\
\x67\x3e\
\x00\x00\x01\x26\
\x3c\
\x73\x76\x67\x20\x78\x6d\x6c\x6e\x73\x3d\x22\x68\x74\x74\x70\x3a\
\x2f\x2f\x77\x77\x77\x2e\x77\x33\x2e\x6f\x72\x67\x2f\x32\x30\x30\
\x30\x2f\x73\x76\x67\x22\x20\x77\x69\x64\x74\x68\x3d\x22\x32\x34\
\x22\x20\x68\x65\x69\x67\x68\x74\x3d\x22\x32\x34\x22\x20\x76\x69\
\x65\x77\x42\x6f\x78\x3d\x22\x30\x20\x30\x20\x32\x34\x20\x32\x34\
\x22\x20\x66\x69\x6c\x6c\x3d\x22\x6e\x6f\x6e\x65\x22\x20\x73\x74\
\x72\x6f\x6b\x65\x3d\x22\x63\x75\x72\x72\x65\x6e\x74\x43\x6f\x6c\
\x6f\x72\x22\x20\x73\x74\x72\x6f\x6b\x65\x2d\x77\x69\x64\x74\x68\
\x3d\x22\x32\x22\x20\x73\x74\x72\x6f\x6b\x65\x2d\x6c\x69\x6e\x65\
\x63\x61\x70\x3d\x22\x72\x6f\x75\x6e\x64\x22\x20\x73\x74\x72\x6f\
\x6b\x65\x2d\x6c\x69\x6e\x65\x6a\x6f\x69\x6e\x3d\x22\x72\x6f\x75\
\x6e\x64\x22\x3e\x3c\x63\x69\x72\x63\x6c\x65\x20\x63\x78\x3d\x22\
\x31\x32\x22\x20\x63\x79\x3d\x22\x31\x32\x22\x20\x72\x3d\x22\x31\
\x30\x22\x2f\x3e\x3c\x70\x6f\x6c\x79\x6c\x69\x6e\x65\x20\x70\x6f\
\x69\x6e\x74\x73\x3d\x22\x31\x32\x20\x31\x36\x20\x31\x36\x20\x31\
\x32\x20\x31\x32\x20\x38\x22\x2f\x3e\x3c\x6c\x69\x6e\x65\x20\x78\
\x31\x3d\x22\x38\x22\x20\x79\x31\x3d\x22\x31\x32\x22\x20\x78\x32\
\x3d\x22\x31\x36\x22\x20\x79\x32\x3d\x22\x31\x32\x22\x2f\x3e\x3c\
\x2f\x73\x76\x67\x3e\
\x00\x00\x01\x65\
\x3c\
\x73\x76\x67\x20\x78\x6d\x6c\x6e\x73\x3d\x22\x68\x74\x74\x70\x3a\
\x2f\x2f\x77\x77\x77\x2e\x77\x33\x2e\x6f\x72\x67\x2f\x32\x30\x30\
\x30\x2f\x73\x76\x67\x22\x20\x77\x69\x64\x74\x68\x3d\x22\x32\x34\
\x22\x20\x68\x65\x69\x67\x68\x74\x3d\x22\x32\x34\x22\x20\x76\x69\
\x65\x77\x42\x6f\x78\x3d\x22\x30\x20\x30\x20\x32\x34\x20\x32\x34\
\x22\x20\x66\x69\x6c\x6c\x3d\x22\x6e\x6f\x6e\x65\x22\x20\x73\x74\
\x72\x6f\x6b\x65\x3d\x22\x63\x75\x72\x72\x65\x6e\x74\x43\x6f\x6c\
\x6f\x72\x22\x20\x73\x74\x72\x6f\x6b\x65\x2d\x77\x69\x64\x74\x68\
\x3d\x22\x32\x22\x20\x73\x74\x72\x6f\x6b\x65\x2d\x6c\x69\x6e\x65\
\x63\x61\x70\x3d\x22\x72\x6f\x75\x6e\x64\x22\x20\x73\x74\x72\x6f\
\x6b\x65\x2d\x6c\x69\x6e\x65\x6a\x6f\x69\x6e\x3d\x22\x72\x6f\x75\
\x6e\x64\x22\x3e\x3c\x70\x6f\x6c\x79\x67\x6f\x6e\x20\x70\x6f\x69\
\x6e\x74\x73\x3d\x22\x37\x2e\x38\x36\x20\x32\x20\x31\x36\x2e\x31\
\x34\x20\x32\x20\x32\x32\x20\x37\x2e\x38\x36\x20\x32\x32\x20\x31\
\x36\x2e\x31\x34\x20\x31\x36\x2e\x31\x34\x20\x32\x32\x20\x37\x2e\
\x38\x36\x20\x32\x32\x20\x32\x20\x31\x36\x2e\x31\x34\x20\x32\x20\
\x37\x2e\x38\x36\x20\x37\x2e\x38\x36\x20\x32\x22\x2f\x3e\x3c\x6c\
\x69\x6e\x65\x20\x78\x31\x3d\x22\x31\x32\x22\x20\x79\x31\x3d\x22\
\x38\x22\x20\x78\x32\x3d\x22\x31\x32\x22\x20\x79\x32\x3d\x22\x31\
\x32\x22\x2f\x3e\x3c\x6c\x69\x6e\x65\x20\x78\x31\x3d\x22\x31\x32\
\x22\x20\x79\x31\x3d\x22\x31\x36\x22\x20\x78\x32\x3d\x22\x31\x32\
\x2e\x30\x31\x22\x20\x79\x32\x3d\x22\x31\x36\x22\x2f\x3e\x3c\x2f\
\x73\x76\x67\x3e\
\x00\x00\x00\xde\
\x3c\
\x73\x76\x67\x20\x78\x6d\x6c\x6e\x73\x3d\x22\x68\x74\x74\x70\x3a\
\x2f\x2f\x77\x77\x77\x2e\x77\x33\x2e\x6f\x72\x67\x2f\x32\x30\x30\
\x30\x2f\x73\x76\x67\x22\x20\x77\x69\x64\x74\x68\x3d\x22\x32\x34\
\x22\x20\x68\x65\x69\x67\x68\x74\x3d\x22\x32\x34\x22\x20\x76\x69\
\x65\x77\x42\x6f\x78\x3d\x22\x30\x20\x30\x20\x32\x34\x20\x32\x34\
\x22\x20\x66\x69\x6c\x6c\x3d\x22\x6e\x6f\x6e\x65\x22\x20\x73\x74\
\x72\x6f\x6b\x65\x3d\x22\x63\x75\x72\x72\x65\x6e\x74\x43\x6f\x6c\
\x6f\x72\x22\x20\x73\x74\x72\x6f\x6b\x65\x2d\x77\x69\x64\x74\x68\
\x3d\x22\x32\x22\x20\x73\x74\x72\x6f\x6b\x65\x2d\x6c\x69\x6e\x65\
\x63\x61\x70\x3d\x22\x72\x6f\x75\x6e\x64\x22\x20\x73\x74\x72\x6f\
\x6b\x65\x2d\x6c\x69\x6e\x65\x6a\x6f\x69\x6e\x3d\x22\x72\x6f\x75\
\x6e\x64\x22\x3e\x3c\x70\x6f\x6c\x79\x6c\x69\x6e\x65\x20\x70\x6f\
\x69\x6e\x74\x73\x3d\x22\x39\x20\x31\x38\x20\x31\x35\x20\x31\x32\
\x20\x39\x20\x36\x22\x2f\x3e\x3c\x2f\x73\x76\x67\x3e\
\x00\x00\x00\xe9\
\x3c\
\x73\x76\x67\x20\x78\x6d\x6c\x6e\x73\x3d\x22\x68\x74\x74\x70\x3a\
\x2f\x2f\x77\x77\x77\x2e\x77\x33\x2e\x6f\x72\x67\x2f\x32\x30\x30\
\x30\x2f\x73\x76\x67\x22\x20\x77\x69\x64\x74\x68\x3d\x22\x32\x34\
\x22\x20\x68\x65\x69\x67\x68\x74\x3d\x22\x32\x34\x22\x20\x76\x69\
\x65\x77\x42\x6f\x78\x3d\x22\x30\x20\x30\x20\x32\x34\x20\x32\x34\
\x22\x20\x66\x69\x6c\x6c\x3d\x22\x6e\x6f\x6e\x65\x22\x20\x73\x74\
\x72\x6f\x6b\x65\x3d\x22\x63\x75\x72\x72\x65\x6e\x74\x43\x6f\x6c\
\x6f\x72\x22\x20\x73\x74\x72\x6f\x6b\x65\x2d\x77\x69\x64\x74\x68\
\x3d\x22\x32\x22\x20\x73\x74\x72\x6f\x6b\x65\x2d\x6c\x69\x6e\x65\
\x63\x61\x70\x3d\x22\x72\x6f\x75\x6e\x64\x22\x20\x73\x74\x72\x6f\
\x6b\x65\x2d\x6c\x69\x6e\x65\x6a\x6f\x69\x6e\x3d\x22\x72\x6f\x75\
\x6e\x64\x22\x3e\x3c\x70\x6f\x6c\x79\x67\x6f\x6e\x20\x70\x6f\x69\
\x6e\x74\x73\x3d\x22\x31\x32\x20\x32\x20\x31\x39\x20\x32\x31\x20\
\x31\x32\x20\x31\x37\x20\x35\x20\x32\x31\x20\x31\x32\x20\x32\x22\
\x2f\x3e\x3c\x2f\x73\x76\x67\x3e\
\x00\x00\x01\x40\
\x3c\
\x73\x76\x67\x20\x78\x6d\x6c\x6e\x73\x3d\x22\x68\x74\x74\x70\x3a\
\x2f\x2f\x77\x77\x77\x2e\x77\x33\x2e\x6f\x72\x67\x2f\x32\x30\x30\
\x30\x2f\x73\x76\x67\x22\x20\x77\x69\x64\x74\x68\x3d\x22\x32\x34\
\x22\x20\x68\x65\x69\x67\x68\x74\x3d\x22\x32\x34\x22\x20\x76\x69\
\x65\x77\x42\x6f\x78\x3d\x22\x30\x20\x30\x20\x32\x34\x20\x32\x34\
\x22\x20\x66\x69\x6c\x6c\x3d\x22\x6e\x6f\x6e\x65\x22\x20\x73\x74\
\x72\x6f\x6b\x65\x3d\x22\x63\x75\x72\x72\x65\x6e\x74\x43\x6f\x6c\
\x6f\x72\x22\x20\x73\x74\x72\x6f\x6b\x65\x2d\x77\x69\x64\x74\x68\
\x3d\x22\x32\x22\x20\x73\x74\x72\x6f\x6b\x65\x2d\x6c\x69\x6e\x65\
\x63\x61\x70\x3d\x22\x72\x6f\x75\x6e\x64\x22\x20\x73\x74\x72\x6f\
\x6b\x65\x2d\x6c\x69\x6e\x65\x6a\x6f\x69\x6e\x3d\x22\x72\x6f\x75\
\x6e\x64\x22\x3e\x3c\x70\x61\x74\x68\x20\x64\x3d\x22\x4d\x32\x31\
\x20\x31\x36\x56\x38\x61\x32\x20\x32\x20\x30\x20\x30\x20\x30\x2d\
\x31\x2d\x31\x2e\x37\x33\x6c\x2d\x37\x2d\x34\x61\x32\x20\x32\x20\
\x30\x20\x30\x20\x30\x2d\x32\x20\x30\x6c\x2d\x37\x20\x34\x41\x32\
\x20\x32\x20\x30\x20\x30\x20\x30\x20\x33\x20\x38\x76\x38\x61\x32\
\x20\x32\x20\x30\x20\x30\x20\x30\x20\x31\x20\x31\x2e\x37\x33\x6c\
\x37\x20\x34\x61\x32\x20\x32\x20\x30\x20\x30\x20\x30\x20\x32\x20\
\x30\x6c\x37\x2d\x34\x41\x32\x20\x32\x20\x30\x20\x30\x20\x30\x20\
\x32\x31\x20\x31\x36\x7a\x22\x2f\x3e\x3c\x2f\x73\x76\x67\x3e\
\x00\x00\x01\x15\
\x3c\
\x73\x76\x67\x20\x78\x6d\x6c\x6e\x73\x3d\x22\x68\x74\x74\x70\x3a\
\x2f\x2f\x77\x77\x77\x2e\x77\x33\x2e\x6f\x72\x67\x2f\x32\x30\x30\
\x30\x2f\x73\x76\x67\x22\x20\x77\x69\x64\x74\x68\x3d\x22\x32\x34\
\x22\x20\x68\x65\x69\x67\x68\x74\x3d\x22\x32\x34\x22\x20\x76\x69\
\x65\x77\x42\x6f\x78\x3d\x22\x30\x20\x30\x20\x32\x34\x20\x32\x34\
\x22\x20\x66\x69\x6c\x6c\x3d\x22\x6e\x6f\x6e\x65\x22\x20\x73\x74\
\x72\x6f\x6b\x65\x3d\x22\x63\x75\x72\x72\x65\x6e\x74\x43\x6f\x6c\
\x6f\x72\x22\x20\x73\x74\x72\x6f\x6b\x65\x2d\x77\x69\x64\x74\x68\
\x3d\x22\x32\x22\x20\x73\x74\x72\x6f\x6b\x65\x2d\x6c\x69\x6e\x65\
\x63\x61\x70\x3d\x22\x72\x6f\x75\x6e\x64\x22\x20\x73\x74\x72\x6f\
\x6b\x65\x2d\x6c\x69\x6e\x65\x6a\x6f\x69\x6e\x3d\x22\x72\x6f\x75\
\x6e\x64\x22\x3e\x3c\x70\x6f\x6c\x79\x67\x6f\x6e\x20\x70\x6f\x69\
\x6e\x74\x73\x3d\x22\x37\x2e\x38\x36\x20\x32\x20\x31\x36\x2e\x31\
\x34\x20\x32\x20\x32\x32\x20\x37\x2e\x38\x36\x20\x32\x32\x20\x31\
\x36\x2e\x31\x34\x20\x31\x36\x2e\x31\x34\x20\x32\x32\x20\x37\x2e\
\x38\x36\x20\x32\x32\x20\x32\x20\x31\x36\x2e\x31\x34\x20\x32\x20\
\x37\x2e\x38\x36\x20\x37\x2e\x38\x36\x20\x32\x22\x2f\x3e\x3c\x2f\
\x73\x76\x67\x3e\
\x00\x00\x01\x4c\
\x3c\
\x73\x76\x67\x20\x78\x6d\x6c\x6e\x73\x3d\x22\x68\x74\x74\x70\x3a\
\x2f\x2f\x77\x77\x77\x2e\x77\x33\x2e\x6f\x72\x67\x2f\x32\x30\x30\
\x30\x2f\x73\x76\x67\x22\x20\x77\x69\x64\x74\x68\x3d\x22\x32\x34\
\x22\x20\x68\x65\x69\x67\x68\x74\x3d\x22\x32\x34\x22\x20\x76\x69\
\x65\x77\x42\x6f\x78\x3d\x22\x30\x20\x30\x20\x32\x34\x20\x32\x34\
\x22\x20\x66\x69\x6c\x6c\x3d\x22\x6e\x6f\x6e\x65\x22\x20\x73\x74\
\x72\x6f\x6b\x65\x3d\x22\x63\x75\x72\x72\x65\x6e\x74\x43\x6f\x6c\
\x6f\x72\x22\x20\x73\x74\x72\x6f\x6b\x65\x2d\x77\x69\x64\x74\x68\
\x3d\x22\x32\x22\x20\x73\x74\x72\x6f\x6b\x65\x2d\x6c\x69\x6e\x65\
\x63\x61\x70\x3d\x22\x72\x6f\x75\x6e\x64\x22\x20\x73\x74\x72\x6f\
\x6b\x65\x2d\x6c\x69\x6e\x65\x6a\x6f\x69\x6e\x3d\x22\x72\x6f\x75\
\x6e\x64\x22\x3e\x3c\x70\x61\x74\x68\x20\x64\x3d\x22\x4d\x31\x30\
\x20\x31\x35\x76\x34\x61\x33\x20\x33\x20\x30\x20\x30\x20\x30\x20\
\x33\x20\x33\x6c\x34\x2d\x39\x56\x32\x48\x35\x2e\x37\x32\x61\x32\
\x20\x32\x20\x30\x20\x30\x20\x30\x2d\x32\x20\x31\x2e\x37\x6c\x2d\
\x31\x2e\x33\x38\x20\x39\x61\x32\x20\x32\x20\x30\x20\x30\x20\x30\
\x20\x32\x20\x32\x2e\x33\x7a\x6d\x37\x2d\x31\x33\x68\x32\x2e\x36\
\x37\x41\x32\x2e\x33\x31\x20\x32\x2e\x33\x31\x20\x30\x20\x30\x20\
\x31\x20\x32\x32\x20\x34\x76\x37\x61\x32\x2e\x33\x31\x20\x32\x2e\
\x33\x31\x20\x30\x20\x30\x20\x31\x2d\x32\x2e\x33\x33\x20\x32\x48\
\x31\x37\x22\x2f\x3e\x3c\x2f\x73\x76\x67\x3e\
\x00\x00\x01\x07\
\x3c\
\x73\x76\x67\x20\x78\x6d\x6c\x6e\x73\x3d\x22\x68\x74\x74\x70\x3a\
\x2f\x2f\x77\x77\x77\x2e\x77\x33\x2e\x6f\x72\x67\x2f\x32\x30\x30\
\x30\x2f\x73\x76\x67\x22\x20\x77\x69\x64\x74\x68\x3d\x22\x32\x34\
\x22\x20\x68\x65\x69\x67\x68\x74\x3d\x22\x32\x34\x22\x20\x76\x69\
\x65\x77\x42\x6f\x78\x3d\x22\x30\x20\x30\x20\x32\x34\x20\x32\x34\
\x22\x20\x66\x69\x6c\x6c\x3d\x22\x6e\x6f\x6e\x65\x22\x20\x73\x74\
\x72\x6f\x6b\x65\x3d\x22\x63\x75\x72\x72\x65\x6e\x74\x43\x6f\x6c\
\x6f\x72\x22\x20\x73\x74\x72\x6f\x6b\x65\x2d\x77\x69\x64\x74\x68\
\x3d\x22\x32\x22\x20\x73\x74\x72\x6f\x6b\x65\x2d\x6c\x69\x6e\x65\
\x63\x61\x70\x3d\x22\x72\x6f\x75\x6e\x64\x22\x20\x73\x74\x72\x6f\
\x6b\x65\x2d\x6c\x69\x6e\x65\x6a\x6f\x69\x6e\x3d\x22\x72\x6f\x75\
\x6e\x64\x22\x3e\x3c\x70\x6f\x6c\x79\x67\x6f\x6e\x20\x70\x6f\x69\
\x6e\x74\x73\x3d\x22\x35\x20\x34\x20\x31\x35\x20\x31\x32\x20\x35\
\x20\x32\x30\x20\x35\x20\x34\x22\x2f\x3e\x3c\x6c\x69\x6e\x65\x20\
\x78\x31\x3d\x22\x31\x39\x22\x20\x79\x31\x3d\x22\x35\x22\x20\x78\
\x32\x3d\x22\x31\x39\x22\x20\x79\x32\x3d\x22\x31\x39\x22\x2f\x3e\
\x3c\x2f\x73\x76\x67\x3e\
\x00\x00\x01\x02\
\x3c\
\x73\x76\x67\x20\x78\x6d\x6c\x6e\x73\x3d\x22\x68\x74\x74\x70\x3a\
\x2f\x2f\x77\x77\x77\x2e\x77\x33\x2e\x6f\x72\x67\x2f\x32\x30\x30\
\x30\x2f\x73\x76\x67\x22\x20\x77\x69\x64\x74\x68\x3d\x22\x32\x34\
\x22\x20\x68\x65\x69\x67\x68\x74\x3d\x22\x32\x34\x22\x20\x76\x69\
\x65\x77\x42\x6f\x78\x3d\x22\x30\x20\x30\x20\x32\x34\x20\x32\x34\
\x22\x20\x66\x69\x6c\x6c\x3d\x22\x6e\x6f\x6e\x65\x22\x20\x73\x74\
\x72\x6f\x6b\x65\x3d\x22\x63\x75\x72\x72\x65\x6e\x74\x43\x6f\x6c\
\x6f\x72\x22\x20\x73\x74\x72\x6f\x6b\x65\x2d\x77\x69\x64\x74\x68\
\x3d\x22\x32\x22\x20\x73\x74\x72\x6f\x6b\x65\x2d\x6c\x69\x6e\x65\
\x63\x61\x70\x3d\x22\x72\x6f\x75\x6e\x64\x22\x20\x73\x74\x72\x6f\
\x6b\x65\x2d\x6c\x69\x6e\x65\x6a\x6f\x69\x6e\x3d\x22\x72\x6f\x75\
\x6e\x64\x22\x3e\x3c\x6c\x69\x6e\x65\x20\x78\x31\x3d\x22\x31\x37\
\x22\x20\x79\x31\x3d\x22\x31\x37\x22\x20\x78\x32\x3d\x22\x37\x22\
\x20\x79\x32\x3d\x22\x37\x22\x2f\x3e\x3c\x70\x6f\x6c\x79\x6c\x69\
\x6e\x65\x20\x70\x6f\x69\x6e\x74\x73\x3d\x22\x37\x20\x31\x37\x20\
\x37\x20\x37\x20\x31\x37\x20\x37\x22\x2f\x3e\x3c\x2f\x73\x76\x67\
\x3e\
\x00\x00\x01\xdd\
\x3c\
\x73\x76\x67\x20\x78\x6d\x6c\x6e\x73\x3d\x22\x68\x74\x74\x70\x3a\
\x2f\x2f\x77\x77\x77\x2e\x77\x33\x2e\x6f\x72\x67\x2f\x32\x30\x30\
\x30\x2f\x73\x76\x67\x22\x20\x77\x69\x64\x74\x68\x3d\x22\x32\x34\
\x22\x20\x68\x65\x69\x67\x68\x74\x3d\x22\x32\x34\x22\x20\x76\x69\
\x65\x77\x42\x6f\x78\x3d\x22\x30\x20\x30\x20\x32\x34\x20\x32\x34\
\x22\x20\x66\x69\x6c\x6c\x3d\x22\x6e\x6f\x6e\x65\x22\x20\x73\x74\
\x72\x6f\x6b\x65\x3d\x22\x63\x75\x72\x72\x65\x6e\x74\x43\x6f\x6c\
\x6f\x72\x22\x20\x73\x74\x72\x6f\x6b\x65\x2d\x77\x69\x64\x74\x68\
\x3d\x22\x32\x22\x20\x73\x74\x72\x6f\x6b\x65\x2d\x6c\x69\x6e\x65\
\x63\x61\x70\x3d\x22\x72\x6f\x75\x6e\x64\x22\x20\x73\x74\x72\x6f\
\x6b\x65\x2d\x6c\x69\x6e\x65\x6a\x6f\x69\x6e\x3d\x22\x72\x6f\x75\
\x6e\x64\x22\x3e\x3c\x6c\x69\x6e\x65\x20\x78\x31\x3d\x22\x38\x22\
\x20\x79\x31\x3d\x22\x31\x39\x22\x20\x78\x32\x3d\x22\x38\x22\x20\
\x79\x32\x3d\x22\x32\x31\x22\x2f\x3e\x3c\x6c\x69\x6e\x65\x20\x78\
\x31\x3d\x22\x38\x22\x20\x79\x31\x3d\x22\x31\x33\x22\x20\x78\x32\
\x3d\x22\x38\x22\x20\x79\x32\x3d\x22\x31\x35\x22\x2f\x3e\x3c\x6c\
\x69\x6e\x65\x20\x78\x31\x3d\x22\x31\x36\x22\x20\x79\x31\x3d\x22\
\x31\x39\x22\x20\x78\x32\x3d\x22\x31\x36\x22\x20\x79\x32\x3d\x22\
\x32\x31\x22\x2f\x3e\x3c\x6c\x69\x6e\x65\x20\x78\x31\x3d\x22\x31\
\x36\x22\x20\x79\x31\x3d\x22\x31\x33\x22\x20\x78\x32\x3d\x22\x31\
\x36\x22\x20\x79\x32\x3d\x22\x31\x35\x22\x2f\x3e\x3c\x6c\x69\x6e\
\x65\x20\x78\x31\x3d\x22\x31\x32\x22\x20\x79\x31\x3d\x22\x32\x31\
\x22\x20\x78\x32\x3d\x22\x31\x32\x22\x20\x79\x32\x3d\x22\x32\x33\
\x22\x2f\x3e\x3c\x6c\x69\x6e\x65\x20\x78\x31\x3d\x22\x31\x32\x22\
\x20\x79\x31\x3d\x22\x31\x35\x22\x20\x78\x32\x3d\x22\x31\x32\x22\
\x20\x79\x32\x3d\x22\x31\x37\x22\x2f\x3e\x3c\x70\x61\x74\x68\x20\
\x64\x3d\x22\x4d\x32\x30\x20\x31\x36\x2e\x35\x38\x41\x35\x20\x35\
\x20\x30\x20\x30\x20\x30\x20\x31\x38\x20\x37\x68\x2d\x31\x2e\x32\
\x36\x41\x38\x20\x38\x20\x30\x20\x31\x20\x30\x20\x34\x20\x31\x35\
\x2e\x32\x35\x22\x2f\x3e\x3c\x2f\x73\x76\x67\x3e\
\x00\x00\x01\x04\
\x3c\
\x73\x76\x67\x20\x78\x6d\x6c\x6e\x73\x3d\x22\x68\x74\x74\x70\x3a\
\x2f\x2f\x77\x77\x77\x2e\x77\x33\x2e\x6f\x72\x67\x2f\x32\x30\x30\
\x30\x2f\x73\x76\x67\x22\x20\x77\x69\x64\x74\x68\x3d\x22\x32\x34\
\x22\x20\x68\x65\x69\x67\x68\x74\x3d\x22\x32\x34\x22\x20\x76\x69\
\x65\x77\x42\x6f\x78\x3d\x22\x30\x20\x30\x20\x32\x34\x20\x32\x34\
\x22\x20\x66\x69\x6c\x6c\x3d\x22\x6e\x6f\x6e\x65\x22\x20\x73\x74\
\x72\x6f\x6b\x65\x3d\x22\x63\x75\x72\x72\x65\x6e\x74\x43\x6f\x6c\
\x6f\x72\x22\x20\x73\x74\x72\x6f\x6b\x65\x2d\x77\x69\x64\x74\x68\
\x3d\x22\x32\x22\x20\x73\x74\x72\x6f\x6b\x65\x2d\x6c\x69\x6e\x65\
\x63\x61\x70\x3d\x22\x72\x6f\x75\x6e\x64\x22\x20\x73\x74\x72\x6f\
\x6b\x65\x2d\x6c\x69\x6e\x65\x6a\x6f\x69\x6e\x3d\x22\x72\x6f\x75\
\x6e\x64\x22\x3e\x3c\x70\x61\x74\x68\x20\x64\x3d\x22\x4d\x32\x31\
\x20\x31\x35\x61\x32\x20\x32\x20\x30\x20\x30\x20\x31\x2d\x32\x20\
\x32\x48\x37\x6c\x2d\x34\x20\x34\x56\x35\x61\x32\x20\x32\x20\x30\
\x20\x30\x20\x31\x20\x32\x2d\x32\x68\x31\x34\x61\x32\x20\x32\x20\
\x30\x20\x30\x20\x31\x20\x32\x20\x32\x7a\x22\x2f\x3e\x3c\x2f\x73\
\x76\x67\x3e\
\x00\x00\x01\x03\
\x3c\
\x73\x76\x67\x20\x78\x6d\x6c\x6e\x73\x3d\x22\x68\x74\x74\x70\x3a\
\x2f\x2f\x77\x77\x77\x2e\x77\x33\x2e\x6f\x72\x67\x2f\x32\x30\x30\
\x30\x2f\x73\x76\x67\x22\x20\x77\x69\x64\x74\x68\x3d\x22\x32\x34\
\x22\x20\x68\x65\x69\x67\x68\x74\x3d\x22\x32\x34\x22\x20\x76\x69\
\x65\x77\x42\x6f\x78\x3d\x22\x30\x20\x30\x20\x32\x34\x20\x32\x34\
\x22\x20\x66\x69\x6c\x6c\x3d\x22\x6e\x6f\x6e\x65\x22\x20\x73\x74\
\x72\x6f\x6b\x65\x3d\x22\x63\x75\x72\x72\x65\x6e\x74\x43\x6f\x6c\
\x6f\x72\x22\x20\x73\x74\x72\x6f\x6b\x65\x2d\x77\x69\x64\x74\x68\
\x3d\x22\x32\x22\x20\x73\x74\x72\x6f\x6b\x65\x2d\x6c\x69\x6e\x65\
\x63\x61\x70\x3d\x22\x72\x6f\x75\x6e\x64\x22\x20\x73\x74\x72\x6f\
\x6b\x65\x2d\x6c\x69\x6e\x65\x6a\x6f\x69\x6e\x3d\x22\x72\x6f\x75\
\x6e\x64\x22\x3e\x3c\x6c\x69\x6e\x65\x20\x78\x31\x3d\x22\x31\x37\
\x22\x20\x79\x31\x3d\x22\x37\x22\x20\x78\x32\x3d\x22\x37\x22\x20\
\x79\x32\x3d\x22\x31\x37\x22\x2f\x3e\x3c\x70\x6f\x6c\x79\x6c\x69\
\x6e\x65\x20\x70\x6f\x69\x6e\x74\x73\x3d\x22\x31\x37\x20\x31\x37\
\x20\x37\x20\x31\x37\x20\x37\x20\x37\x22\x2f\x3e\x3c\x2f\x73\x76\
\x67\x3e\
\x00\x00\x01\x06\
\x3c\
\x73\x76\x67\x20\x78\x6d\x6c\x6e\x73\x3d\x22\x68\x74\x74\x70\x3a\
\x2f\x2f\x77\x77\x77\x2e\x77\x33\x2e\x6f\x72\x67\x2f\x32\x30\x30\
\x30\x2f\x73\x76\x67\x22\x20\x77\x69\x64\x74\x68\x3d\x22\x32\x34\
\x22\x20\x68\x65\x69\x67\x68\x74\x3d\x22\x32\x34\x22\x20\x76\x69\
\x65\x77\x42\x6f\x78\x3d\x22\x30\x20\x30\x20\x32\x34\x20\x32\x34\
\x22\x20\x66\x69\x6c\x6c\x3d\x22\x6e\x6f\x6e\x65\x22\x20\x73\x74\
\x72\x6f\x6b\x65\x3d\x22\x63\x75\x72\x72\x65\x6e\x74\x43\x6f\x6c\
\x6f\x72\x22\x20\x73\x74\x72\x6f\x6b\x65\x2d\x77\x69\x64\x74\x68\
\x3d\x22\x32\x22\x20\x73\x74\x72\x6f\x6b\x65\x2d\x6c\x69\x6e\x65\
\x63\x61\x70\x3d\x22\x72\x6f\x75\x6e\x64\x22\x20\x73\x74\x72\x6f\
\x6b\x65\x2d\x6c\x69\x6e\x65\x6a\x6f\x69\x6e\x3d\x22\x72\x6f\x75\
\x6e\x64\x22\x3e\x3c\x6c\x69\x6e\x65\x20\x78\x31\x3d\x22\x35\x22\
\x20\x79\x31\x3d\x22\x31\x32\x22\x20\x78\x32\x3d\x22\x31\x39\x22\
\x20\x79\x32\x3d\x22\x31\x32\x22\x2f\x3e\x3c\x70\x6f\x6c\x79\x6c\
\x69\x6e\x65\x20\x70\x6f\x69\x6e\x74\x73\x3d\x22\x31\x32\x20\x35\
\x20\x31\x39\x20\x31\x32\x20\x31\x32\x20\x31\x39\x22\x2f\x3e\x3c\
\x2f\x73\x76\x67\x3e\
\x00\x00\x01\x14\
\x3c\
\x73\x76\x67\x20\x78\x6d\x6c\x6e\x73\x3d\x22\x68\x74\x74\x70\x3a\
\x2f\x2f\x77\x77\x77\x2e\x77\x33\x2e\x6f\x72\x67\x2f\x32\x30\x30\
\x30\x2f\x73\x76\x67\x22\x20\x77\x69\x64\x74\x68\x3d\x22\x32\x34\
\x22\x20\x68\x65\x69\x67\x68\x74\x3d\x22\x32\x34\x22\x20\x76\x69\
\x65\x77\x42\x6f\x78\x3d\x22\x30\x20\x30\x20\x32\x34\x20\x32\x34\
\x22\x20\x66\x69\x6c\x6c\x3d\x22\x6e\x6f\x6e\x65\x22\x20\x73\x74\
\x72\x6f\x6b\x65\x3d\x22\x63\x75\x72\x72\x65\x6e\x74\x43\x6f\x6c\
\x6f\x72\x22\x20\x73\x74\x72\x6f\x6b\x65\x2d\x77\x69\x64\x74\x68\
\x3d\x22\x32\x22\x20\x73\x74\x72\x6f\x6b\x65\x2d\x6c\x69\x6e\x65\
\x63\x61\x70\x3d\x22\x72\x6f\x75\x6e\x64\x22\x20\x73\x74\x72\x6f\
\x6b\x65\x2d\x6c\x69\x6e\x65\x6a\x6f\x69\x6e\x3d\x22\x72\x6f\x75\
\x6e\x64\x22\x3e\x3c\x63\x69\x72\x63\x6c\x65\x20\x63\x78\x3d\x22\
\x31\x32\x22\x20\x63\x79\x3d\x22\x31\x32\x22\x20\x72\x3d\x22\x34\
\x22\x2f\x3e\x3c\x70\x61\x74\x68\x20\x64\x3d\x22\x4d\x31\x36\x20\
\x38\x76\x35\x61\x33\x20\x33\x20\x30\x20\x30\x20\x30\x20\x36\x20\
\x30\x76\x2d\x31\x61\x31\x30\x20\x31\x30\x20\x30\x20\x31\x20\x30\
\x2d\x33\x2e\x39\x32\x20\x37\x2e\x39\x34\x22\x2f\x3e\x3c\x2f\x73\
\x76\x67\x3e\
\x00\x00\x01\x26\
\x3c\
\x73\x76\x67\x20\x78\x6d\x6c\x6e\x73\x3d\x22\x68\x74\x74\x70\x3a\
\x2f\x2f\x77\x77\x77\x2e\x77\x33\x2e\x6f\x72\x67\x2f\x32\x30\x30\
\x30\x2f\x73\x76\x67\x22\x20\x77\x69\x64\x74\x68\x3d\x22\x32\x34\
\x22\x20\x68\x65\x69\x67\x68\x74\x3d\x22\x32\x34\x22\x20\x76\x69\
\x65\x77\x42\x6f\x78\x3d\x22\x30\x20\x30\x20\x32\x34\x20\x32\x34\
\x22\x20\x66\x69\x6c\x6c\x3d\x22\x6e\x6f\x6e\x65\x22\x20\x73\x74\
\x72\x6f\x6b\x65\x3d\x22\x63\x75\x72\x72\x65\x6e\x74\x43\x6f\x6c\
\x6f\x72\x22\x20\x73\x74\x72\x6f\x6b\x65\x2d\x77\x69\x64\x74\x68\
\x3d\x22\x32\x22\x20\x73\x74\x72\x6f\x6b\x65\x2d\x6c\x69\x6e\x65\
\x63\x61\x70\x3d\x22\x72\x6f\x75\x6e\x64\x22\x20\x73\x74\x72\x6f\
\x6b\x65\x2d\x6c\x69\x6e\x65\x6a\x6f\x69\x6e\x3d\x22\x72\x6f\x75\
\x6e\x64\x22\x3e\x3c\x63\x69\x72\x63\x6c\x65\x20\x63\x78\x3d\x22\
\x31\x32\x22\x20\x63\x79\x3d\x22\x35\x22\x20\x72\x3d\x22\x33\x22\
\x2f\x3e\x3c\x6c\x69\x6e\x65\x20\x78\x31\x3d\x22\x31\x32\x22\x20\
\x79\x31\x3d\x22\x32\x32\x22\x20\x78\x32\x3d\x22\x31\x32\x22\x20\
\x79\x32\x3d\x22\x38\x22\x2f\x3e\x3c\x70\x61\x74\x68\x20\x64\x3d\
\x22\x4d\x35\x20\x31\x32\x48\x32\x61\x31\x30\x20\x31\x30\x20\x30\
\x20\x30\x20\x30\x20\x32\x30\x20\x30\x68\x2d\x33\x22\x2f\x3e\x3c\
\x2f\x73\x76\x67\x3e\
\x00\x00\x01\x48\
\x3c\
\x73\x76\x67\x20\x78\x6d\x6c\x6e\x73\x3d\x22\x68\x74\x74\x70\x3a\
\x2f\x2f\x77\x77\x77\x2e\x77\x33\x2e\x6f\x72\x67\x2f\x32\x30\x30\
\x30\x2f\x73\x76\x67\x22\x20\x77\x69\x64\x74\x68\x3d\x22\x32\x34\
\x22\x20\x68\x65\x69\x67\x68\x74\x3d\x22\x32\x34\x22\x20\x76\x69\
\x65\x77\x42\x6f\x78\x3d\x22\x30\x20\x30\x20\x32\x34\x20\x32\x34\
\x22\x20\x66\x69\x6c\x6c\x3d\x22\x6e\x6f\x6e\x65\x22\x20\x73\x74\
\x72\x6f\x6b\x65\x3d\x22\x63\x75\x72\x72\x65\x6e\x74\x43\x6f\x6c\
\x6f\x72\x22\x20\x73\x74\x72\x6f\x6b\x65\x2d\x77\x69\x64\x74\x68\
\x3d\x22\x32\x22\x20\x73\x74\x72\x6f\x6b\x65\x2d\x6c\x69\x6e\x65\
\x63\x61\x70\x3d\x22\x72\x6f\x75\x6e\x64\x22\x20\x73\x74\x72\x6f\
\x6b\x65\x2d\x6c\x69\x6e\x65\x6a\x6f\x69\x6e\x3d\x22\x72\x6f\x75\
\x6e\x64\x22\x3e\x3c\x70\x61\x74\x68\x20\x64\x3d\x22\x4d\x31\x38\
\x20\x31\x33\x76\x36\x61\x32\x20\x32\x20\x30\x20\x30\x20\x31\x2d\
\x32\x20\x32\x48\x35\x61\x32\x20\x32\x20\x30\x20\x30\x20\x31\x2d\
\x32\x2d\x32\x56\x38\x61\x32\x20\x32\x20\x30\x20\x30\x20\x31\x20\
\x32\x2d\x32\x68\x36\x22\x2f\x3e\x3c\x70\x6f\x6c\x79\x6c\x69\x6e\
\x65\x20\x70\x6f\x69\x6e\x74\x73\x3d\x22\x31\x35\x20\x33\x20\x32\
\x31\x20\x33\x20\x32\x31\x20\x39\x22\x2f\x3e\x3c\x6c\x69\x6e\x65\
\x20\x78\x31\x3d\x22\x31\x30\x22\x20\x79\x31\x3d\x22\x31\x34\x22\
\x20\x78\x32\x3d\x22\x32\x31\x22\x20\x79\x32\x3d\x22\x33\x22\x2f\
\x3e\x3c\x2f\x73\x76\x67\x3e\
\x00\x00\x01\x24\
\x3c\
\x73\x76\x67\x20\x78\x6d\x6c\x6e\x73\x3d\x22\x68\x74\x74\x70\x3a\
\x2f\x2f\x77\x77\x77\x2e\x77\x33\x2e\x6f\x72\x67\x2f\x32\x30\x30\
\x30\x2f\x73\x76\x67\x22\x20\x77\x69\x64\x74\x68\x3d\x22\x32\x34\
\x22\x20\x68\x65\x69\x67\x68\x74\x3d\x22\x32\x34\x22\x20\x76\x69\
\x65\x77\x42\x6f\x78\x3d\x22\x30\x20\x30\x20\x32\x34\x20\x32\x34\
\x22\x20\x66\x69\x6c\x6c\x3d\x22\x6e\x6f\x6e\x65\x22\x20\x73\x74\
\x72\x6f\x6b\x65\x3d\x22\x63\x75\x72\x72\x65\x6e\x74\x43\x6f\x6c\
\x6f\x72\x22\x20\x73\x74\x72\x6f\x6b\x65\x2d\x77\x69\x64\x74\x68\
\x3d\x22\x32\x22\x20\x73\x74\x72\x6f\x6b\x65\x2d\x6c\x69\x6e\x65\
\x63\x61\x70\x3d\x22\x72\x6f\x75\x6e\x64\x22\x20\x73\x74\x72\x6f\
\x6b\x65\x2d\x6c\x69\x6e\x65\x6a\x6f\x69\x6e\x3d\x22\x72\x6f\x75\
\x6e\x64\x22\x3e\x3c\x70\x61\x74\x68\x20\x64\x3d\x22\x4d\x38\x20\
\x33\x48\x35\x61\x32\x20\x32\x20\x30\x20\x30\x20\x30\x2d\x32\x20\
\x32\x76\x33\x6d\x31\x38\x20\x30\x56\x35\x61\x32\x20\x32\x20\x30\
\x20\x30\x20\x30\x2d\x32\x2d\x32\x68\x2d\x33\x6d\x30\x20\x31\x38\
\x68\x33\x61\x32\x20\x32\x20\x30\x20\x30\x20\x30\x20\x32\x2d\x32\
\x76\x2d\x33\x4d\x33\x20\x31\x36\x76\x33\x61\x32\x20\x32\x20\x30\
\x20\x30\x20\x30\x20\x32\x20\x32\x68\x33\x22\x2f\x3e\x3c\x2f\x73\
\x76\x67\x3e\
\x00\x00\x01\x24\
\x3c\
\x73\x76\x67\x20\x78\x6d\x6c\x6e\x73\x3d\x22\x68\x74\x74\x70\x3a\
\x2f\x2f\x77\x77\x77\x2e\x77\x33\x2e\x6f\x72\x67\x2f\x32\x30\x30\
\x30\x2f\x73\x76\x67\x22\x20\x77\x69\x64\x74\x68\x3d\x22\x32\x34\
\x22\x20\x68\x65\x69\x67\x68\x74\x3d\x22\x32\x34\x22\x20\x76\x69\
\x65\x77\x42\x6f\x78\x3d\x22\x30\x20\x30\x20\x32\x34\x20\x32\x34\
\x22\x20\x66\x69\x6c\x6c\x3d\x22\x6e\x6f\x6e\x65\x22\x20\x73\x74\
\x72\x6f\x6b\x65\x3d\x22\x63\x75\x72\x72\x65\x6e\x74\x43\x6f\x6c\
\x6f\x72\x22\x20\x73\x74\x72\x6f\x6b\x65\x2d\x77\x69\x64\x74\x68\
\x3d\x22\x32\x22\x20\x73\x74\x72\x6f\x6b\x65\x2d\x6c\x69\x6e\x65\
\x63\x61\x70\x3d\x22\x72\x6f\x75\x6e\x64\x22\x20\x73\x74\x72\x6f\
\x6b\x65\x2d\x6c\x69\x6e\x65\x6a\x6f\x69\x6e\x3d\x22\x72\x6f\x75\
\x6e\x64\x22\x3e\x3c\x70\x61\x74\x68\x20\x64\x3d\x22\x4d\x38\x20\
\x33\x76\x33\x61\x32\x20\x32\x20\x30\x20\x30\x20\x31\x2d\x32\x20\
\x32\x48\x33\x6d\x31\x38\x20\x30\x68\x2d\x33\x61\x32\x20\x32\x20\
\x30\x20\x30\x20\x31\x2d\x32\x2d\x32\x56\x33\x6d\x30\x20\x31\x38\
\x76\x2d\x33\x61\x32\x20\x32\x20\x30\x20\x30\x20\x31\x20\x32\x2d\
\x32\x68\x33\x4d\x33\x20\x31\x36\x68\x33\x61\x32\x20\x32\x20\x30\
\x20\x30\x20\x31\x20\x32\x20\x32\x76\x33\x22\x2f\x3e\x3c\x2f\x73\
\x76\x67\x3e\
\x00\x00\x01\x4d\
\x3c\
\x73\x76\x67\x20\x78\x6d\x6c\x6e\x73\x3d\x22\x68\x74\x74\x70\x3a\
\x2f\x2f\x77\x77\x77\x2e\x77\x33\x2e\x6f\x72\x67\x2f\x32\x30\x30\
\x30\x2f\x73\x76\x67\x22\x20\x77\x69\x64\x74\x68\x3d\x22\x32\x34\
\x22\x20\x68\x65\x69\x67\x68\x74\x3d\x22\x32\x34\x22\x20\x76\x69\
\x65\x77\x42\x6f\x78\x3d\x22\x30\x20\x30\x20\x32\x34\x20\x32\x34\
\x22\x20\x66\x69\x6c\x6c\x3d\x22\x6e\x6f\x6e\x65\x22\x20\x73\x74\
\x72\x6f\x6b\x65\x3d\x22\x63\x75\x72\x72\x65\x6e\x74\x43\x6f\x6c\
\x6f\x72\x22\x20\x73\x74\x72\x6f\x6b\x65\x2d\x77\x69\x64\x74\x68\
\x3d\x22\x32\x22\x20\x73\x74\x72\x6f\x6b\x65\x2d\x6c\x69\x6e\x65\
\x63\x61\x70\x3d\x22\x72\x6f\x75\x6e\x64\x22\x20\x73\x74\x72\x6f\
\x6b\x65\x2d\x6c\x69\x6e\x65\x6a\x6f\x69\x6e\x3d\x22\x72\x6f\x75\
\x6e\x64\x22\x3e\x3c\x6c\x69\x6e\x65\x20\x78\x31\x3d\x22\x38\x22\
\x20\x79\x31\x3d\x22\x31\x32\x22\x20\x78\x32\x3d\x22\x31\x36\x22\
\x20\x79\x32\x3d\x22\x31\x32\x22\x2f\x3e\x3c\x6c\x69\x6e\x65\x20\
\x78\x31\x3d\x22\x31\x32\x22\x20\x79\x31\x3d\x22\x31\x36\x22\x20\
\x78\x32\x3d\x22\x31\x32\x22\x20\x79\x32\x3d\x22\x31\x36\x22\x2f\
\x3e\x3c\x6c\x69\x6e\x65\x20\x78\x31\x3d\x22\x31\x32\x22\x20\x79\
\x31\x3d\x22\x38\x22\x20\x78\x32\x3d\x22\x31\x32\x22\x20\x79\x32\
\x3d\x22\x38\x22\x2f\x3e\x3c\x63\x69\x72\x63\x6c\x65\x20\x63\x78\
\x3d\x22\x31\x32\x22\x20\x63\x79\x3d\x22\x31\x32\x22\x20\x72\x3d\
\x22\x31\x30\x22\x2f\x3e\x3c\x2f\x73\x76\x67\x3e\
\x00\x00\x01\x1e\
\x3c\
\x73\x76\x67\x20\x78\x6d\x6c\x6e\x73\x3d\x22\x68\x74\x74\x70\x3a\
\x2f\x2f\x77\x77\x77\x2e\x77\x33\x2e\x6f\x72\x67\x2f\x32\x30\x30\
\x30\x2f\x73\x76\x67\x22\x20\x77\x69\x64\x74\x68\x3d\x22\x32\x34\
\x22\x20\x68\x65\x69\x67\x68\x74\x3d\x22\x32\x34\x22\x20\x76\x69\
\x65\x77\x42\x6f\x78\x3d\x22\x30\x20\x30\x20\x32\x34\x20\x32\x34\
\x22\x20\x66\x69\x6c\x6c\x3d\x22\x6e\x6f\x6e\x65\x22\x20\x73\x74\
\x72\x6f\x6b\x65\x3d\x22\x63\x75\x72\x72\x65\x6e\x74\x43\x6f\x6c\
\x6f\x72\x22\x20\x73\x74\x72\x6f\x6b\x65\x2d\x77\x69\x64\x74\x68\
\x3d\x22\x32\x22\x20\x73\x74\x72\x6f\x6b\x65\x2d\x6c\x69\x6e\x65\
\x63\x61\x70\x3d\x22\x72\x6f\x75\x6e\x64\x22\x20\x73\x74\x72\x6f\
\x6b\x65\x2d\x6c\x69\x6e\x65\x6a\x6f\x69\x6e\x3d\x22\x72\x6f\x75\
\x6e\x64\x22\x3e\x3c\x63\x69\x72\x63\x6c\x65\x20\x63\x78\x3d\x22\
\x31\x32\x22\x20\x63\x79\x3d\x22\x36\x22\x20\x72\x3d\x22\x32\x22\
\x2f\x3e\x3c\x6c\x69\x6e\x65\x20\x78\x31\x3d\x22\x35\x22\x20\x79\
\x31\x3d\x22\x31\x32\x22\x20\x78\x32\x3d\x22\x31\x39\x22\x20\x79\
\x32\x3d\x22\x31\x32\x22\x2f\x3e\x3c\x63\x69\x72\x63\x6c\x65\x20\
\x63\x78\x3d\x22\x31\x32\x22\x20\x63\x79\x3d\x22\x31\x38\x22\x20\
\x72\x3d\x22\x32\x22\x2f\x3e\x3c\x2f\x73\x76\x67\x3e\
\x00\x00\x01\xea\
\x3c\
\x73\x76\x67\x20\x78\x6d\x6c\x6e\x73\x3d\x22\x68\x74\x74\x70\x3a\
\x2f\x2f\x77\x77\x77\x2e\x77\x33\x2e\x6f\x72\x67\x2f\x32\x30\x30\
\x30\x2f\x73\x76\x67\x22\x20\x77\x69\x64\x74\x68\x3d\x22\x32\x34\
\x22\x20\x68\x65\x69\x67\x68\x74\x3d\x22\x32\x34\x22\x20\x76\x69\
\x65\x77\x42\x6f\x78\x3d\x22\x30\x20\x30\x20\x32\x34\x20\x32\x34\
\x22\x20\x66\x69\x6c\x6c\x3d\x22\x6e\x6f\x6e\x65\x22\x20\x73\x74\
\x72\x6f\x6b\x65\x3d\x22\x63\x75\x72\x72\x65\x6e\x74\x43\x6f\x6c\
\x6f\x72\x22\x20\x73\x74\x72\x6f\x6b\x65\x2d\x77\x69\x64\x74\x68\
\x3d\x22\x32\x22\x20\x73\x74\x72\x6f\x6b\x65\x2d\x6c\x69\x6e\x65\
\x63\x61\x70\x3d\x22\x72\x6f\x75\x6e\x64\x22\x20\x73\x74\x72\x6f\
\x6b\x65\x2d\x6c\x69\x6e\x65\x6a\x6f\x69\x6e\x3d\x22\x72\x6f\x75\
\x6e\x64\x22\x3e\x3c\x70\x61\x74\x68\x20\x64\x3d\x22\x4d\x39\x20\
\x31\x39\x63\x2d\x35\x20\x31\x2e\x35\x2d\x35\x2d\x32\x2e\x35\x2d\
\x37\x2d\x33\x6d\x31\x34\x20\x36\x76\x2d\x33\x2e\x38\x37\x61\x33\
\x2e\x33\x37\x20\x33\x2e\x33\x37\x20\x30\x20\x30\x20\x30\x2d\x2e\
\x39\x34\x2d\x32\x2e\x36\x31\x63\x33\x2e\x31\x34\x2d\x2e\x33\x35\
\x20\x36\x2e\x34\x34\x2d\x31\x2e\x35\x34\x20\x36\x2e\x34\x34\x2d\
\x37\x41\x35\x2e\x34\x34\x20\x35\x2e\x34\x34\x20\x30\x20\x30\x20\
\x30\x20\x32\x30\x20\x34\x2e\x37\x37\x20\x35\x2e\x30\x37\x20\x35\
\x2e\x30\x37\x20\x30\x20\x30\x20\x30\x20\x31\x39\x2e\x39\x31\x20\
\x31\x53\x31\x38\x2e\x37\x33\x2e\x36\x35\x20\x31\x36\x20\x32\x2e\
\x34\x38\x61\x31\x33\x2e\x33\x38\x20\x31\x33\x2e\x33\x38\x20\x30\
\x20\x30\x20\x30\x2d\x37\x20\x30\x43\x36\x2e\x32\x37\x2e\x36\x35\
\x20\x35\x2e\x30\x39\x20\x31\x20\x35\x2e\x30\x39\x20\x31\x41\x35\
\x2e\x30\x37\x20\x35\x2e\x30\x37\x20\x30\x20\x30\x20\x30\x20\x35\
\x20\x34\x2e\x37\x37\x61\x35\x2e\x34\x34\x20\x35\x2e\x34\x34\x20\
\x30\x20\x30\x20\x30\x2d\x31\x2e\x35\x20\x33\x2e\x37\x38\x63\x30\
\x20\x35\x2e\x34\x32\x20\x33\x2e\x33\x20\x36\x2e\x36\x31\x20\x36\
\x2e\x34\x34\x20\x37\x41\x33\x2e\x33\x37\x20\x33\x2e\x33\x37\x20\
\x30\x20\x30\x20\x30\x20\x39\x20\x31\x38\x2e\x31\x33\x56\x32\x32\
\x22\x2f\x3e\x3c\x2f\x73\x76\x67\x3e\
\x00\x00\x01\x5c\
\x3c\
\x73\x76\x67\x20\x78\x6d\x6c\x6e\x73\x3d\x22\x68\x74\x74\x70\x3a\
\x2f\x2f\x77\x77\x77\x2e\x77\x33\x2e\x6f\x72\x67\x2f\x32\x30\x30\
\x30\x2f\x73\x76\x67\x22\x20\x77\x69\x64\x74\x68\x3d\x22\x32\x34\
\x22\x20\x68\x65\x69\x67\x68\x74\x3d\x22\x32\x34\x22\x20\x76\x69\
\x65\x77\x42\x6f\x78\x3d\x22\x30\x20\x30\x20\x32\x34\x20\x32\x34\
\x22\x20\x66\x69\x6c\x6c\x3d\x22\x6e\x6f\x6e\x65\x22\x20\x73\x74\
\x72\x6f\x6b\x65\x3d\x22\x63\x75\x72\x72\x65\x6e\x74\x43\x6f\x6c\
\x6f\x72\x22\x20\x73\x74\x72\x6f\x6b\x65\x2d\x77\x69\x64\x74\x68\
\x3d\x22\x32\x22\x20\x73\x74\x72\x6f\x6b\x65\x2d\x6c\x69\x6e\x65\
\x63\x61\x70\x3d\x22\x72\x6f\x75\x6e\x64\x22\x20\x73\x74\x72\x6f\
\x6b\x65\x2d\x6c\x69\x6e\x65\x6a\x6f\x69\x6e\x3d\x22\x72\x6f\x75\
\x6e\x64\x22\x3e\x3c\x70\x61\x74\x68\x20\x64\x3d\x22\x4d\x35\x20\
\x31\x32\x2e\x35\x35\x61\x31\x31\x20\x31\x31\x20\x30\x20\x30\x20\
\x31\x20\x31\x34\x2e\x30\x38\x20\x30\x22\x2f\x3e\x3c\x70\x61\x74\
\x68\x20\x64\x3d\x22\x4d\x31\x2e\x34\x32\x20\x39\x61\x31\x36\x20\
\x31\x36\x20\x30\x20\x30\x20\x31\x20\x32\x31\x2e\x31\x36\x20\x30\
\x22\x2f\x3e\x3c\x70\x61\x74\x68\x20\x64\x3d\x22\x4d\x38\x2e\x35\
\x33\x20\x31\x36\x2e\x31\x31\x61\x36\x20\x36\x20\x30\x20\x30\x20\
\x31\x20\x36\x2e\x39\x35\x20\x30\x22\x2f\x3e\x3c\x6c\x69\x6e\x65\
\x20\x78\x31\x3d\x22\x31\x32\x22\x20\x79\x31\x3d\x22\x32\x30\x22\
\x20\x78\x32\x3d\x22\x31\x32\x2e\x30\x31\x22\x20\x79\x32\x3d\x22\
\x32\x30\x22\x2f\x3e\x3c\x2f\x73\x76\x67\x3e\
\x00\x00\x01\xa2\
\x3c\
\x73\x76\x67\x20\x78\x6d\x6c\x6e\x73\x3d\x22\x68\x74\x74\x70\x3a\
\x2f\x2f\x77\x77\x77\x2e\x77\x33\x2e\x6f\x72\x67\x2f\x32\x30\x30\
\x30\x2f\x73\x76\x67\x22\x20\x77\x69\x64\x74\x68\x3d\x22\x32\x34\
\x22\x20\x68\x65\x69\x67\x68\x74\x3d\x22\x32\x34\x22\x20\x76\x69\
\x65\x77\x42\x6f\x78\x3d\x22\x30\x20\x30\x20\x32\x34\x20\x32\x34\
\x22\x20\x66\x69\x6c\x6c\x3d\x22\x6e\x6f\x6e\x65\x22\x20\x73\x74\
\x72\x6f\x6b\x65\x3d\x22\x63\x75\x72\x72\x65\x6e\x74\x43\x6f\x6c\
\x6f\x72\x22\x20\x73\x74\x72\x6f\x6b\x65\x2d\x77\x69\x64\x74\x68\
\x3d\x22\x32\x22\x20\x73\x74\x72\x6f\x6b\x65\x2d\x6c\x69\x6e\x65\
\x63\x61\x70\x3d\x22\x72\x6f\x75\x6e\x64\x22\x20\x73\x74\x72\x6f\
\x6b\x65\x2d\x6c\x69\x6e\x65\x6a\x6f\x69\x6e\x3d\x22\x72\x6f\x75\
\x6e\x64\x22\x3e\x3c\x70\x6f\x6c\x79\x6c\x69\x6e\x65\x20\x70\x6f\
\x69\x6e\x74\x73\x3d\x22\x32\x30\x20\x31\x32\x20\x32\x30\x20\x32\
\x32\x20\x34\x20\x32\x32\x20\x34\x20\x31\x32\x22\x2f\x3e\x3c\x72\
\x65\x63\x74\x20\x78\x3d\x22\x32\x22\x20\x79\x3d\x22\x37\x22\x20\
\x77\x69\x64\x74\x68\x3d\x22\x32\x30\x22\x20\x68\x65\x69\x67\x68\
\x74\x3d\x22\x35\x22\x2f\x3e\x3c\x6c\x69\x6e\x65\x20\x78\x31\x3d\
\x22\x31\x32\x22\x20\x79\x31\x3d\x22\x32\x32\x22\x20\x78\x32\x3d\
\x22\x31\x32\x22\x20\x79\x32\x3d\x22\x37\x22\x2f\x3e\x3c\x70\x61\
\x74\x68\x20\x64\x3d\x22\x4d\x31\x32\x20\x37\x48\x37\x2e\x35\x61\
\x32\x2e\x35\x20\x32\x2e\x35\x20\x30\x20\x30\x20\x31\x20\x30\x2d\
\x35\x43\x31\x31\x20\x32\x20\x31\x32\x20\x37\x20\x31\x32\x20\x37\
\x7a\x22\x2f\x3e\x3c\x70\x61\x74\x68\x20\x64\x3d\x22\x4d\x31\x32\
\x20\x37\x68\x34\x2e\x35\x61\x32\x2e\x35\x20\x32\x2e\x35\x20\x30\
\x20\x30\x20\x30\x20\x30\x2d\x35\x43\x31\x33\x20\x32\x20\x31\x32\
\x20\x37\x20\x31\x32\x20\x37\x7a\x22\x2f\x3e\x3c\x2f\x73\x76\x67\
\x3e\
\x00\x00\x01\x19\
\x3c\
\x73\x76\x67\x20\x78\x6d\x6c\x6e\x73\x3d\x22\x68\x74\x74\x70\x3a\
\x2f\x2f\x77\x77\x77\x2e\x77\x33\x2e\x6f\x72\x67\x2f\x32\x30\x30\
\x30\x2f\x73\x76\x67\x22\x20\x77\x69\x64\x74\x68\x3d\x22\x32\x34\
\x22\x20\x68\x65\x69\x67\x68\x74\x3d\x22\x32\x34\x22\x20\x76\x69\
\x65\x77\x42\x6f\x78\x3d\x22\x30\x20\x30\x20\x32\x34\x20\x32\x34\
\x22\x20\x66\x69\x6c\x6c\x3d\x22\x6e\x6f\x6e\x65\x22\x20\x73\x74\
\x72\x6f\x6b\x65\x3d\x22\x63\x75\x72\x72\x65\x6e\x74\x43\x6f\x6c\
\x6f\x72\x22\x20\x73\x74\x72\x6f\x6b\x65\x2d\x77\x69\x64\x74\x68\
\x3d\x22\x32\x22\x20\x73\x74\x72\x6f\x6b\x65\x2d\x6c\x69\x6e\x65\
\x63\x61\x70\x3d\x22\x72\x6f\x75\x6e\x64\x22\x20\x73\x74\x72\x6f\
\x6b\x65\x2d\x6c\x69\x6e\x65\x6a\x6f\x69\x6e\x3d\x22\x72\x6f\x75\
\x6e\x64\x22\x3e\x3c\x72\x65\x63\x74\x20\x78\x3d\x22\x31\x22\x20\
\x79\x3d\x22\x34\x22\x20\x77\x69\x64\x74\x68\x3d\x22\x32\x32\x22\
\x20\x68\x65\x69\x67\x68\x74\x3d\x22\x31\x36\x22\x20\x72\x78\x3d\
\x22\x32\x22\x20\x72\x79\x3d\x22\x32\x22\x2f\x3e\x3c\x6c\x69\x6e\
\x65\x20\x78\x31\x3d\x22\x31\x22\x20\x79\x31\x3d\x22\x31\x30\x22\
\x20\x78\x32\x3d\x22\x32\x33\x22\x20\x79\x32\x3d\x22\x31\x30\x22\
\x2f\x3e\x3c\x2f\x73\x76\x67\x3e\
"

qt_resource_name = b"\
\x00\x07\
\x0d\xc5\xd3\xa7\
\x00\x67\
\x00\x65\x00\x6f\x00\x66\x00\x6c\x00\x6f\x00\x77\
\x00\x07\
\x0c\xb8\xae\x02\
\x00\x66\
\x00\x65\x00\x61\x00\x74\x00\x68\x00\x65\x00\x72\
\x00\x0f\
\x00\x12\x37\xe7\
\x00\x74\
\x00\x6f\x00\x67\x00\x67\x00\x6c\x00\x65\x00\x2d\x00\x6c\x00\x65\x00\x66\x00\x74\x00\x2e\x00\x73\x00\x76\x00\x67\
\x00\x0b\
\x00\x19\x49\x27\
\x00\x61\
\x00\x72\x00\x63\x00\x68\x00\x69\x00\x76\x00\x65\x00\x2e\x00\x73\x00\x76\x00\x67\
\x00\x08\
\x00\x28\x57\x67\
\x00\x66\
\x00\x69\x00\x6c\x00\x65\x00\x2e\x00\x73\x00\x76\x00\x67\
\x00\x09\
\x00\x28\xae\x47\
\x00\x73\
\x00\x6d\x00\x69\x00\x6c\x00\x65\x00\x2e\x00\x73\x00\x76\x00\x67\
\x00\x08\
\x00\x30\x57\x67\
\x00\x66\
\x00\x69\x00\x6c\x00\x6d\x00\x2e\x00\x73\x00\x76\x00\x67\
\x00\x0f\
\x00\x42\xa0\xe7\
\x00\x68\
\x00\x65\x00\x6c\x00\x70\x00\x2d\x00\x63\x00\x69\x00\x72\x00\x63\x00\x6c\x00\x65\x00\x2e\x00\x73\x00\x76\x00\x67\
\x00\x08\
\x00\x47\x55\x07\
\x00\x77\
\x00\x69\x00\x6e\x00\x64\x00\x2e\x00\x73\x00\x76\x00\x67\
\x00\x0a\
\x00\x48\x43\x07\
\x00\x72\
\x00\x65\x00\x77\x00\x69\x00\x6e\x00\x64\x00\x2e\x00\x73\x00\x76\x00\x67\
\x00\x08\
\x00\x4e\x54\xa7\
\x00\x6c\
\x00\x69\x00\x6e\x00\x6b\x00\x2e\x00\x73\x00\x76\x00\x67\
\x00\x0f\
\x00\x50\xd7\x47\
\x00\x70\
\x00\x6c\x00\x75\x00\x73\x00\x2d\x00\x73\x00\x71\x00\x75\x00\x61\x00\x72\x00\x65\x00\x2e\x00\x73\x00\x76\x00\x67\
\x00\x10\
\x00\x54\x0a\xc7\
\x00\x6d\
\x00\x69\x00\x6e\x00\x75\x00\x73\x00\x2d\x00\x73\x00\x71\x00\x75\x00\x61\x00\x72\x00\x65\x00\x2e\x00\x73\x00\x76\x00\x67\
\x00\x12\
\x00\x55\xbe\x27\
\x00\x6d\
\x00\x65\x00\x73\x00\x73\x00\x61\x00\x67\x00\x65\x00\x2d\x00\x63\x00\x69\x00\x72\x00\x63\x00\x6c\x00\x65\x00\x2e\x00\x73\x00\x76\
\x00\x67\
\x00\x10\
\x00\x57\x05\x67\
\x00\x66\
\x00\x6f\x00\x6c\x00\x64\x00\x65\x00\x72\x00\x2d\x00\x6d\x00\x69\x00\x6e\x00\x75\x00\x73\x00\x2e\x00\x73\x00\x76\x00\x67\
\x00\x0b\
\x00\x65\xd1\xe7\
\x00\x73\
\x00\x75\x00\x6e\x00\x72\x00\x69\x00\x73\x00\x65\x00\x2e\x00\x73\x00\x76\x00\x67\
\x00\x08\
\x00\x68\x55\x47\
\x00\x74\
\x00\x79\x00\x70\x00\x65\x00\x2e\x00\x73\x00\x76\x00\x67\
\x00\x05\
\x00\x7b\x5a\xc7\
\x00\x78\
\x00\x2e\x00\x73\x00\x76\x00\x67\
\x00\x07\
\x00\x83\x5b\xc7\
\x00\x7a\
\x00\x61\x00\x70\x00\x2e\x00\x73\x00\x76\x00\x67\
\x00\x08\
\x00\x96\x57\xa7\
\x00\x64\
\x00\x69\x00\x73\x00\x63\x00\x2e\x00\x73\x00\x76\x00\x67\
\x00\x11\
\x00\x96\xb2\x47\
\x00\x65\
\x00\x79\x00\x65\x00\x2d\x00\x6f\x00\x66\x00\x66\x00\x2d\x00\x6d\x00\x75\x00\x74\x00\x65\x00\x64\x00\x2e\x00\x73\x00\x76\x00\x67\
\
\x00\x08\
\x00\xa7\x54\xa7\
\x00\x6c\
\x00\x69\x00\x73\x00\x74\x00\x2e\x00\x73\x00\x76\x00\x67\
\x00\x10\
\x00\xa9\x66\x07\
\x00\x70\
\x00\x68\x00\x6f\x00\x6e\x00\x65\x00\x2d\x00\x6d\x00\x69\x00\x73\x00\x73\x00\x65\x00\x64\x00\x2e\x00\x73\x00\x76\x00\x67\
\x00\x10\
\x00\xe1\x39\xa7\
\x00\x63\
\x00\x68\x00\x65\x00\x76\x00\x72\x00\x6f\x00\x6e\x00\x2d\x00\x6c\x00\x65\x00\x66\x00\x74\x00\x2e\x00\x73\x00\x76\x00\x67\
\x00\x0b\
\x01\x31\x8d\xc7\
\x00\x73\
\x00\x70\x00\x65\x00\x61\x00\x6b\x00\x65\x00\x72\x00\x2e\x00\x73\x00\x76\x00\x67\
\x00\x11\
\x01\x37\xcd\x27\
\x00\x6d\
\x00\x6f\x00\x72\x00\x65\x00\x2d\x00\x76\x00\x65\x00\x72\x00\x74\x00\x69\x00\x63\x00\x61\x00\x6c\x00\x2e\x00\x73\x00\x76\x00\x67\
\
\x00\x0d\
\x01\x3b\x29\x67\
\x00\x74\
\x00\x68\x00\x75\x00\x6d\x00\x62\x00\x73\x00\x2d\x00\x75\x00\x70\x00\x2e\x00\x73\x00\x76\x00\x67\
\x00\x0e\
\x01\x57\xa9\x47\
\x00\x63\
\x00\x6c\x00\x6f\x00\x75\x00\x64\x00\x2d\x00\x72\x00\x61\x00\x69\x00\x6e\x00\x2e\x00\x73\x00\x76\x00\x67\
\x00\x12\
\x01\x5e\x97\x47\
\x00\x61\
\x00\x6c\x00\x65\x00\x72\x00\x74\x00\x2d\x00\x74\x00\x72\x00\x69\x00\x61\x00\x6e\x00\x67\x00\x6c\x00\x65\x00\x2e\x00\x73\x00\x76\
\x00\x67\
\x00\x0d\
\x01\x7f\x4f\xa7\
\x00\x72\
\x00\x6f\x00\x74\x00\x61\x00\x74\x00\x65\x00\x2d\x00\x63\x00\x77\x00\x2e\x00\x73\x00\x76\x00\x67\
\x00\x0c\
\x01\x8d\xc9\xa7\
\x00\x61\
\x00\x70\x00\x65\x00\x72\x00\x74\x00\x75\x00\x72\x00\x65\x00\x2e\x00\x73\x00\x76\x00\x67\
\x00\x0d\
\x01\x95\x5d\xc7\
\x00\x6c\
\x00\x69\x00\x66\x00\x65\x00\x2d\x00\x62\x00\x75\x00\x6f\x00\x79\x00\x2e\x00\x73\x00\x76\x00\x67\
\x00\x10\
\x01\xa1\x1c\x47\
\x00\x74\
\x00\x6f\x00\x67\x00\x67\x00\x6c\x00\x65\x00\x2d\x00\x72\x00\x69\x00\x67\x00\x68\x00\x74\x00\x2e\x00\x73\x00\x76\x00\x67\
\x00\x0d\
\x01\xa4\x2a\xe7\
\x00\x63\
\x00\x6c\x00\x6f\x00\x75\x00\x64\x00\x2d\x00\x6f\x00\x66\x00\x66\x00\x2e\x00\x73\x00\x76\x00\x67\
\x00\x0a\
\x01\xc9\xb1\x87\
\x00\x70\
\x00\x6f\x00\x63\x00\x6b\x00\x65\x00\x74\x00\x2e\x00\x73\x00\x76\x00\x67\
\x00\x0e\
\x01\xca\x36\x47\
\x00\x68\
\x00\x61\x00\x72\x00\x64\x00\x2d\x00\x64\x00\x72\x00\x69\x00\x76\x00\x65\x00\x2e\x00\x73\x00\x76\x00\x67\
\x00\x07\
\x01\xcc\x5a\x27\
\x00\x6b\
\x00\x65\x00\x79\x00\x2e\x00\x73\x00\x76\x00\x67\
\x00\x14\
\x01\xef\x71\xa7\
\x00\x61\
\x00\x72\x00\x72\x00\x6f\x00\x77\x00\x2d\x00\x64\x00\x6f\x00\x77\x00\x6e\x00\x2d\x00\x72\x00\x69\x00\x67\x00\x68\x00\x74\x00\x2e\
\x00\x73\x00\x76\x00\x67\
\x00\x0e\
\x01\xfe\xf6\x47\
\x00\x6e\
\x00\x61\x00\x76\x00\x69\x00\x67\x00\x61\x00\x74\x00\x69\x00\x6f\x00\x6e\x00\x2e\x00\x73\x00\x76\x00\x67\
\x00\x0b\
\x02\x10\x76\x27\
\x00\x64\
\x00\x72\x00\x6f\x00\x70\x00\x6c\x00\x65\x00\x74\x00\x2e\x00\x73\x00\x76\x00\x67\
\x00\x0f\
\x02\x34\x6b\x87\
\x00\x61\
\x00\x6c\x00\x69\x00\x67\x00\x6e\x00\x2d\x00\x72\x00\x69\x00\x67\x00\x68\x00\x74\x00\x2e\x00\x73\x00\x76\x00\x67\
\x00\x0e\
\x02\x34\x9f\xa7\
\x00\x68\
\x00\x65\x00\x61\x00\x64\x00\x70\x00\x68\x00\x6f\x00\x6e\x00\x65\x00\x73\x00\x2e\x00\x73\x00\x76\x00\x67\
\x00\x0b\
\x02\x5c\x48\x27\
\x00\x61\
\x00\x69\x00\x72\x00\x70\x00\x6c\x00\x61\x00\x79\x00\x2e\x00\x73\x00\x76\x00\x67\
\x00\x0a\
\x02\x78\x9b\xa7\
\x00\x67\
\x00\x69\x00\x74\x00\x6c\x00\x61\x00\x62\x00\x2e\x00\x73\x00\x76\x00\x67\
\x00\x08\
\x02\x7a\x57\x67\
\x00\x66\
\x00\x6c\x00\x61\x00\x67\x00\x2e\x00\x73\x00\x76\x00\x67\
\x00\x08\
\x02\x8c\x54\x27\
\x00\x70\
\x00\x6c\x00\x61\x00\x79\x00\x2e\x00\x73\x00\x76\x00\x67\
\x00\x0f\
\x02\xb2\x8e\x47\
\x00\x72\
\x00\x65\x00\x66\x00\x72\x00\x65\x00\x73\x00\x68\x00\x2d\x00\x63\x00\x63\x00\x77\x00\x2e\x00\x73\x00\x76\x00\x67\
\x00\x11\
\x02\xc6\x2c\x87\
\x00\x74\
\x00\x72\x00\x65\x00\x6e\x00\x64\x00\x69\x00\x6e\x00\x67\x00\x2d\x00\x64\x00\x6f\x00\x77\x00\x6e\x00\x2e\x00\x73\x00\x76\x00\x67\
\
\x00\x0a\
\x02\xc8\x15\xe7\
\x00\x74\
\x00\x61\x00\x62\x00\x6c\x00\x65\x00\x74\x00\x2e\x00\x73\x00\x76\x00\x67\
\x00\x0f\
\x02\xe3\x47\x27\
\x00\x70\
\x00\x6c\x00\x75\x00\x73\x00\x2d\x00\x63\x00\x69\x00\x72\x00\x63\x00\x6c\x00\x65\x00\x2e\x00\x73\x00\x76\x00\x67\
\x00\x0a\
\x02\xfc\x4f\xc7\
\x00\x69\
\x00\x74\x00\x61\x00\x6c\x00\x69\x00\x63\x00\x2e\x00\x73\x00\x76\x00\x67\
\x00\x10\
\x02\xfe\x1a\xa7\
\x00\x6d\
\x00\x69\x00\x6e\x00\x75\x00\x73\x00\x2d\x00\x63\x00\x69\x00\x72\x00\x63\x00\x6c\x00\x65\x00\x2e\x00\x73\x00\x76\x00\x67\
\x00\x0b\
\x03\x03\x96\xc7\
\x00\x7a\
\x00\x6f\x00\x6f\x00\x6d\x00\x2d\x00\x69\x00\x6e\x00\x2e\x00\x73\x00\x76\x00\x67\
\x00\x0a\
\x03\x41\x2b\x47\
\x00\x74\
\x00\x72\x00\x65\x00\x6c\x00\x6c\x00\x6f\x00\x2e\x00\x73\x00\x76\x00\x67\
\x00\x07\
\x03\x83\x5a\x27\
\x00\x6d\
\x00\x61\x00\x70\x00\x2e\x00\x73\x00\x76\x00\x67\
\x00\x07\
\x03\xbb\x5a\x27\
\x00\x6d\
\x00\x65\x00\x68\x00\x2e\x00\x73\x00\x76\x00\x67\
\x00\x0e\
\x03\xc0\xa9\x07\
\x00\x63\
\x00\x6c\x00\x6f\x00\x75\x00\x64\x00\x2d\x00\x73\x00\x6e\x00\x6f\x00\x77\x00\x2e\x00\x73\x00\x76\x00\x67\
\x00\x08\
\x03\xc6\x54\x27\
\x00\x70\
\x00\x6c\x00\x75\x00\x73\x00\x2e\x00\x73\x00\x76\x00\x67\
\x00\x0a\
\x03\xc8\xeb\xc7\
\x00\x66\
\x00\x72\x00\x61\x00\x6d\x00\x65\x00\x72\x00\x2e\x00\x73\x00\x76\x00\x67\
\x00\x0d\
\x03\xde\x3c\x27\
\x00\x73\
\x00\x6b\x00\x69\x00\x70\x00\x2d\x00\x62\x00\x61\x00\x63\x00\x6b\x00\x2e\x00\x73\x00\x76\x00\x67\
\x00\x14\
\x03\xe7\x2c\x07\
\x00\x67\
\x00\x69\x00\x74\x00\x2d\x00\x70\x00\x75\x00\x6c\x00\x6c\x00\x2d\x00\x72\x00\x65\x00\x71\x00\x75\x00\x65\x00\x73\x00\x74\x00\x2e\
\x00\x73\x00\x76\x00\x67\
\x00\x0f\
\x03\xec\xf6\xe7\
\x00\x74\
\x00\x68\x00\x65\x00\x72\x00\x6d\x00\x6f\x00\x6d\x00\x65\x00\x74\x00\x65\x00\x72\x00\x2e\x00\x73\x00\x76\x00\x67\
\x00\x07\
\x03\xf6\x5a\x27\
\x00\x6d\
\x00\x69\x00\x63\x00\x2e\x00\x73\x00\x76\x00\x67\
\x00\x0a\
\x04\x0f\x31\x87\
\x00\x6c\
\x00\x6f\x00\x67\x00\x2d\x00\x69\x00\x6e\x00\x2e\x00\x73\x00\x76\x00\x67\
\x00\x0e\
\x04\x1b\xd7\x87\
\x00\x72\
\x00\x65\x00\x66\x00\x72\x00\x65\x00\x73\x00\x68\x00\x2d\x00\x63\x00\x77\x00\x2e\x00\x73\x00\x76\x00\x67\
\x00\x13\
\x04\x26\xb1\xa7\
\x00\x61\
\x00\x72\x00\x72\x00\x6f\x00\x77\x00\x2d\x00\x75\x00\x70\x00\x2d\x00\x63\x00\x69\x00\x72\x00\x63\x00\x6c\x00\x65\x00\x2e\x00\x73\
\x00\x76\x00\x67\
\x00\x0c\
\x04\x59\xab\xc7\
\x00\x64\
\x00\x72\x00\x69\x00\x62\x00\x62\x00\x62\x00\x6c\x00\x65\x00\x2e\x00\x73\x00\x76\x00\x67\
\x00\x13\
\x04\x79\xd6\x27\
\x00\x63\
\x00\x6f\x00\x72\x00\x6e\x00\x65\x00\x72\x00\x2d\x00\x72\x00\x69\x00\x67\x00\x68\x00\x74\x00\x2d\x00\x75\x00\x70\x00\x2e\x00\x73\
\x00\x76\x00\x67\
\x00\x0e\
\x04\x7c\x71\x47\
\x00\x67\
\x00\x69\x00\x74\x00\x2d\x00\x62\x00\x72\x00\x61\x00\x6e\x00\x63\x00\x68\x00\x2e\x00\x73\x00\x76\x00\x67\
\x00\x0b\
\x04\x82\x9d\x47\
\x00\x63\
\x00\x6f\x00\x6c\x00\x75\x00\x6d\x00\x6e\x00\x73\x00\x2e\x00\x73\x00\x76\x00\x67\
\x00\x0d\
\x04\x8a\x93\xa7\
\x00\x62\
\x00\x6f\x00\x6f\x00\x6b\x00\x2d\x00\x6f\x00\x70\x00\x65\x00\x6e\x00\x2e\x00\x73\x00\x76\x00\x67\
\x00\x0c\
\x04\xa1\xf9\xa7\
\x00\x6c\
\x00\x69\x00\x6e\x00\x6b\x00\x65\x00\x64\x00\x69\x00\x6e\x00\x2e\x00\x73\x00\x76\x00\x67\
\x00\x0b\
\x04\xc8\x5c\x47\
\x00\x7a\
\x00\x61\x00\x70\x00\x2d\x00\x6f\x00\x66\x00\x66\x00\x2e\x00\x73\x00\x76\x00\x67\
\x00\x08\
\x04\xd2\x54\xc7\
\x00\x69\
\x00\x6e\x00\x66\x00\x6f\x00\x2e\x00\x73\x00\x76\x00\x67\
\x00\x0d\
\x04\xda\xdc\xe7\
\x00\x67\
\x00\x69\x00\x74\x00\x2d\x00\x6d\x00\x65\x00\x72\x00\x67\x00\x65\x00\x2e\x00\x73\x00\x76\x00\x67\
\x00\x0d\
\x04\xdc\xcd\xa7\
\x00\x62\
\x00\x6c\x00\x75\x00\x65\x00\x74\x00\x6f\x00\x6f\x00\x74\x00\x68\x00\x2e\x00\x73\x00\x76\x00\x67\
\x00\x0e\
\x04\xe0\x02\xc7\
\x00\x67\
\x00\x69\x00\x74\x00\x2d\x00\x63\x00\x6f\x00\x6d\x00\x6d\x00\x69\x00\x74\x00\x2e\x00\x73\x00\x76\x00\x67\
\x00\x11\
\x04\xf8\x44\x27\
\x00\x73\
\x00\x68\x00\x6f\x00\x70\x00\x70\x00\x69\x00\x6e\x00\x67\x00\x2d\x00\x63\x00\x61\x00\x72\x00\x74\x00\x2e\x00\x73\x00\x76\x00\x67\
\
\x00\x0e\
\x04\xfb\x0c\xe7\
\x00\x72\
\x00\x6f\x00\x74\x00\x61\x00\x74\x00\x65\x00\x2d\x00\x63\x00\x63\x00\x77\x00\x2e\x00\x73\x00\x76\x00\x67\
\x00\x15\
\x05\x07\xd6\xa7\
\x00\x63\
\x00\x6f\x00\x72\x00\x6e\x00\x65\x00\x72\x00\x2d\x00\x64\x00\x6f\x00\x77\x00\x6e\x00\x2d\x00\x72\x00\x69\x00\x67\x00\x68\x00\x74\
\x00\x2e\x00\x73\x00\x76\x00\x67\
\x00\x0b\
\x05\x10\xaa\x47\
\x00\x65\
\x00\x79\x00\x65\x00\x2d\x00\x6f\x00\x66\x00\x66\x00\x2e\x00\x73\x00\x76\x00\x67\
\x00\x0d\
\x05\x28\x08\xa7\
\x00\x63\
\x00\x72\x00\x6f\x00\x73\x00\x73\x00\x68\x00\x61\x00\x69\x00\x72\x00\x2e\x00\x73\x00\x76\x00\x67\
\x00\x12\
\x05\x2e\x94\x47\
\x00\x70\
\x00\x68\x00\x6f\x00\x6e\x00\x65\x00\x2d\x00\x6f\x00\x75\x00\x74\x00\x67\x00\x6f\x00\x69\x00\x6e\x00\x67\x00\x2e\x00\x73\x00\x76\
\x00\x67\
\x00\x0b\
\x05\x2e\xb6\x47\
\x00\x6d\
\x00\x69\x00\x63\x00\x2d\x00\x6f\x00\x66\x00\x66\x00\x2e\x00\x73\x00\x76\x00\x67\
\x00\x0a\
\x05\x44\xc9\x47\
\x00\x75\
\x00\x73\x00\x65\x00\x72\x00\x2d\x00\x78\x00\x2e\x00\x73\x00\x76\x00\x67\
\x00\x0e\
\x05\x57\x29\xa7\
\x00\x73\
\x00\x6d\x00\x61\x00\x72\x00\x74\x00\x70\x00\x68\x00\x6f\x00\x6e\x00\x65\x00\x2e\x00\x73\x00\x76\x00\x67\
\x00\x0c\
\x05\x59\xaa\x47\
\x00\x74\
\x00\x72\x00\x69\x00\x61\x00\x6e\x00\x67\x00\x6c\x00\x65\x00\x2e\x00\x73\x00\x76\x00\x67\
\x00\x0d\
\x05\x67\x28\xc7\
\x00\x70\
\x00\x69\x00\x65\x00\x2d\x00\x63\x00\x68\x00\x61\x00\x72\x00\x74\x00\x2e\x00\x73\x00\x76\x00\x67\
\x00\x13\
\x05\x6b\x4c\x07\
\x00\x63\
\x00\x6c\x00\x6f\x00\x75\x00\x64\x00\x2d\x00\x6c\x00\x69\x00\x67\x00\x68\x00\x74\x00\x6e\x00\x69\x00\x6e\x00\x67\x00\x2e\x00\x73\
\x00\x76\x00\x67\
\x00\x0a\
\x05\x78\xd4\xa7\
\x00\x75\
\x00\x70\x00\x6c\x00\x6f\x00\x61\x00\x64\x00\x2e\x00\x73\x00\x76\x00\x67\
\x00\x09\
\x05\x88\x86\xa7\
\x00\x67\
\x00\x6c\x00\x6f\x00\x62\x00\x65\x00\x2e\x00\x73\x00\x76\x00\x67\
\x00\x0a\
\x05\x95\xd0\xa7\
\x00\x75\
\x00\x6e\x00\x6c\x00\x6f\x00\x63\x00\x6b\x00\x2e\x00\x73\x00\x76\x00\x67\
\x00\x0e\
\x05\x96\xc6\x07\
\x00\x66\
\x00\x69\x00\x6c\x00\x65\x00\x2d\x00\x6d\x00\x69\x00\x6e\x00\x75\x00\x73\x00\x2e\x00\x73\x00\x76\x00\x67\
\x00\x08\
\x05\x9e\x54\xa7\
\x00\x6c\
\x00\x6f\x00\x63\x00\x6b\x00\x2e\x00\x73\x00\x76\x00\x67\
\x00\x09\
\x05\x9e\x8e\xa7\
\x00\x63\
\x00\x6c\x00\x6f\x00\x63\x00\x6b\x00\x2e\x00\x73\x00\x76\x00\x67\
\x00\x0c\
\x05\xa2\x9e\xa7\
\x00\x62\
\x00\x6f\x00\x6f\x00\x6b\x00\x6d\x00\x61\x00\x72\x00\x6b\x00\x2e\x00\x73\x00\x76\x00\x67\
\x00\x08\
\x05\xa8\x57\x87\
\x00\x63\
\x00\x6f\x00\x64\x00\x65\x00\x2e\x00\x73\x00\x76\x00\x67\
\x00\x0e\
\x05\xb0\x78\xa7\
\x00\x63\
\x00\x61\x00\x6d\x00\x65\x00\x72\x00\x61\x00\x2d\x00\x6f\x00\x66\x00\x66\x00\x2e\x00\x73\x00\x76\x00\x67\
\x00\x09\
\x05\xc6\xb2\xc7\
\x00\x6d\
\x00\x69\x00\x6e\x00\x75\x00\x73\x00\x2e\x00\x73\x00\x76\x00\x67\
\x00\x0c\
\x05\xc9\x15\xc7\
\x00\x64\
\x00\x61\x00\x74\x00\x61\x00\x62\x00\x61\x00\x73\x00\x65\x00\x2e\x00\x73\x00\x76\x00\x67\
\x00\x11\
\x05\xcc\x2e\xc7\
\x00\x63\
\x00\x68\x00\x65\x00\x76\x00\x72\x00\x6f\x00\x6e\x00\x73\x00\x2d\x00\x64\x00\x6f\x00\x77\x00\x6e\x00\x2e\x00\x73\x00\x76\x00\x67\
\
\x00\x12\
\x05\xdc\x73\x07\
\x00\x63\
\x00\x6f\x00\x72\x00\x6e\x00\x65\x00\x72\x00\x2d\x00\x6c\x00\x65\x00\x66\x00\x74\x00\x2d\x00\x75\x00\x70\x00\x2e\x00\x73\x00\x76\
\x00\x67\
\x00\x0e\
\x06\x0c\x07\x87\
\x00\x61\
\x00\x72\x00\x72\x00\x6f\x00\x77\x00\x2d\x00\x64\x00\x6f\x00\x77\x00\x6e\x00\x2e\x00\x73\x00\x76\x00\x67\
\x00\x0e\
\x06\x0c\x0a\x07\
\x00\x61\
\x00\x72\x00\x72\x00\x6f\x00\x77\x00\x2d\x00\x64\x00\x6f\x00\x77\x00\x6e\x00\x2e\x00\x70\x00\x6e\x00\x67\
\x00\x0b\
\x06\x21\xee\x47\
\x00\x6c\
\x00\x6f\x00\x67\x00\x2d\x00\x6f\x00\x75\x00\x74\x00\x2e\x00\x73\x00\x76\x00\x67\
\x00\x0b\
\x06\x26\x5c\x47\
\x00\x6d\
\x00\x61\x00\x70\x00\x2d\x00\x70\x00\x69\x00\x6e\x00\x2e\x00\x73\x00\x76\x00\x67\
\x00\x08\
\x06\x27\x57\xe7\
\x00\x62\
\x00\x6f\x00\x6c\x00\x64\x00\x2e\x00\x73\x00\x76\x00\x67\
\x00\x08\
\x06\x38\x57\x27\
\x00\x68\
\x00\x6f\x00\x6d\x00\x65\x00\x2e\x00\x73\x00\x76\x00\x67\
\x00\x0a\
\x06\x3d\x65\xe7\
\x00\x63\
\x00\x68\x00\x72\x00\x6f\x00\x6d\x00\x65\x00\x2e\x00\x73\x00\x76\x00\x67\
\x00\x0f\
\x06\x43\x71\x07\
\x00\x73\
\x00\x74\x00\x6f\x00\x70\x00\x2d\x00\x63\x00\x69\x00\x72\x00\x63\x00\x6c\x00\x65\x00\x2e\x00\x73\x00\x76\x00\x67\
\x00\x09\
\x06\x48\xb7\x27\
\x00\x70\
\x00\x68\x00\x6f\x00\x6e\x00\x65\x00\x2e\x00\x73\x00\x76\x00\x67\
\x00\x0e\
\x06\x50\xc3\xe7\
\x00\x75\
\x00\x73\x00\x65\x00\x72\x00\x2d\x00\x6d\x00\x69\x00\x6e\x00\x75\x00\x73\x00\x2e\x00\x73\x00\x76\x00\x67\
\x00\x08\
\x06\x5e\x57\xe7\
\x00\x62\
\x00\x6f\x00\x6f\x00\x6b\x00\x2e\x00\x73\x00\x76\x00\x67\
\x00\x08\
\x06\x5f\x55\xa7\
\x00\x74\
\x00\x6f\x00\x6f\x00\x6c\x00\x2e\x00\x73\x00\x76\x00\x67\
\x00\x08\
\x06\x61\x54\x47\
\x00\x6d\
\x00\x6f\x00\x6f\x00\x6e\x00\x2e\x00\x73\x00\x76\x00\x67\
\x00\x08\
\x06\x7c\x57\x87\
\x00\x63\
\x00\x6f\x00\x70\x00\x79\x00\x2e\x00\x73\x00\x76\x00\x67\
\x00\x12\
\x06\x82\xb2\x47\
\x00\x64\
\x00\x6f\x00\x77\x00\x6e\x00\x6c\x00\x6f\x00\x61\x00\x64\x00\x2d\x00\x63\x00\x6c\x00\x6f\x00\x75\x00\x64\x00\x2e\x00\x73\x00\x76\
\x00\x67\
\x00\x0b\
\x06\x95\xef\x47\
\x00\x63\
\x00\x6f\x00\x64\x00\x65\x00\x70\x00\x65\x00\x6e\x00\x2e\x00\x73\x00\x76\x00\x67\
\x00\x0f\
\x06\x9f\x47\xa7\
\x00\x66\
\x00\x6f\x00\x6c\x00\x64\x00\x65\x00\x72\x00\x2d\x00\x70\x00\x6c\x00\x75\x00\x73\x00\x2e\x00\x73\x00\x76\x00\x67\
\x00\x09\
\x06\xb7\x8e\xa7\
\x00\x63\
\x00\x6c\x00\x6f\x00\x75\x00\x64\x00\x2e\x00\x73\x00\x76\x00\x67\
\x00\x10\
\x06\xc0\xab\x27\
\x00\x73\
\x00\x68\x00\x6f\x00\x70\x00\x70\x00\x69\x00\x6e\x00\x67\x00\x2d\x00\x62\x00\x61\x00\x67\x00\x2e\x00\x73\x00\x76\x00\x67\
\x00\x08\
\x06\xc8\x54\x47\
\x00\x6d\
\x00\x6f\x00\x76\x00\x65\x00\x2e\x00\x73\x00\x76\x00\x67\
\x00\x0a\
\x06\xc9\x08\xc7\
\x00\x6c\
\x00\x61\x00\x79\x00\x6f\x00\x75\x00\x74\x00\x2e\x00\x73\x00\x76\x00\x67\
\x00\x09\
\x06\xe1\x81\xe7\
\x00\x66\
\x00\x72\x00\x6f\x00\x77\x00\x6e\x00\x2e\x00\x73\x00\x76\x00\x67\
\x00\x10\
\x06\xe6\xab\xe7\
\x00\x66\
\x00\x61\x00\x73\x00\x74\x00\x2d\x00\x66\x00\x6f\x00\x72\x00\x77\x00\x61\x00\x72\x00\x64\x00\x2e\x00\x73\x00\x76\x00\x67\
\x00\x0c\
\x06\xeb\x9a\x67\
\x00\x7a\
\x00\x6f\x00\x6f\x00\x6d\x00\x2d\x00\x6f\x00\x75\x00\x74\x00\x2e\x00\x73\x00\x76\x00\x67\
\x00\x0d\
\x06\xf2\x52\x27\
\x00\x66\
\x00\x69\x00\x6c\x00\x65\x00\x2d\x00\x74\x00\x65\x00\x78\x00\x74\x00\x2e\x00\x73\x00\x76\x00\x67\
\x00\x10\
\x06\xf8\x19\x87\
\x00\x61\
\x00\x6c\x00\x69\x00\x67\x00\x6e\x00\x2d\x00\x63\x00\x65\x00\x6e\x00\x74\x00\x65\x00\x72\x00\x2e\x00\x73\x00\x76\x00\x67\
\x00\x12\
\x06\xfe\x84\x87\
\x00\x70\
\x00\x68\x00\x6f\x00\x6e\x00\x65\x00\x2d\x00\x69\x00\x6e\x00\x63\x00\x6f\x00\x6d\x00\x69\x00\x6e\x00\x67\x00\x2e\x00\x73\x00\x76\
\x00\x67\
\x00\x13\
\x06\xff\x72\x07\
\x00\x6d\
\x00\x6f\x00\x72\x00\x65\x00\x2d\x00\x68\x00\x6f\x00\x72\x00\x69\x00\x7a\x00\x6f\x00\x6e\x00\x74\x00\x61\x00\x6c\x00\x2e\x00\x73\
\x00\x76\x00\x67\
\x00\x0a\
\x07\x08\x2c\xc7\
\x00\x65\
\x00\x64\x00\x69\x00\x74\x00\x2d\x00\x32\x00\x2e\x00\x73\x00\x76\x00\x67\
\x00\x0a\
\x07\x0b\x2c\xc7\
\x00\x65\
\x00\x64\x00\x69\x00\x74\x00\x2d\x00\x33\x00\x2e\x00\x73\x00\x76\x00\x67\
\x00\x0b\
\x07\x3c\xae\xe7\
\x00\x70\
\x00\x61\x00\x63\x00\x6b\x00\x61\x00\x67\x00\x65\x00\x2e\x00\x73\x00\x76\x00\x67\
\x00\x14\
\x07\x58\x53\x47\
\x00\x63\
\x00\x6f\x00\x72\x00\x6e\x00\x65\x00\x72\x00\x2d\x00\x64\x00\x6f\x00\x77\x00\x6e\x00\x2d\x00\x6c\x00\x65\x00\x66\x00\x74\x00\x2e\
\x00\x73\x00\x76\x00\x67\
\x00\x09\
\x07\x9e\xae\x87\
\x00\x73\
\x00\x6c\x00\x61\x00\x63\x00\x6b\x00\x2e\x00\x73\x00\x76\x00\x67\
\x00\x0c\
\x07\xb5\x02\x47\
\x00\x63\
\x00\x61\x00\x6c\x00\x65\x00\x6e\x00\x64\x00\x61\x00\x72\x00\x2e\x00\x73\x00\x76\x00\x67\
\x00\x06\
\x07\xb9\x5a\xc7\
\x00\x74\
\x00\x76\x00\x2e\x00\x73\x00\x76\x00\x67\
\x00\x09\
\x07\xd8\xba\xa7\
\x00\x69\
\x00\x6d\x00\x61\x00\x67\x00\x65\x00\x2e\x00\x73\x00\x76\x00\x67\
\x00\x0c\
\x07\xf1\x0b\xa7\
\x00\x78\
\x00\x2d\x00\x73\x00\x71\x00\x75\x00\x61\x00\x72\x00\x65\x00\x2e\x00\x73\x00\x76\x00\x67\
\x00\x08\
\x07\xff\x54\xa7\
\x00\x6d\
\x00\x61\x00\x69\x00\x6c\x00\x2e\x00\x73\x00\x76\x00\x67\
\x00\x0e\
\x08\x18\x36\x27\
\x00\x75\
\x00\x73\x00\x65\x00\x72\x00\x2d\x00\x63\x00\x68\x00\x65\x00\x63\x00\x6b\x00\x2e\x00\x73\x00\x76\x00\x67\
\x00\x0c\
\x08\x1a\x90\xa7\
\x00\x64\
\x00\x6f\x00\x77\x00\x6e\x00\x6c\x00\x6f\x00\x61\x00\x64\x00\x2e\x00\x73\x00\x76\x00\x67\
\x00\x0d\
\x08\x25\xcb\x07\
\x00\x70\
\x00\x68\x00\x6f\x00\x6e\x00\x65\x00\x2d\x00\x6f\x00\x66\x00\x66\x00\x2e\x00\x73\x00\x76\x00\x67\
\x00\x0e\
\x08\x31\x0a\xa7\
\x00\x73\
\x00\x68\x00\x69\x00\x65\x00\x6c\x00\x64\x00\x2d\x00\x6f\x00\x66\x00\x66\x00\x2e\x00\x73\x00\x76\x00\x67\
\x00\x0b\
\x08\x72\x92\x07\
\x00\x63\
\x00\x6f\x00\x6d\x00\x70\x00\x61\x00\x73\x00\x73\x00\x2e\x00\x73\x00\x76\x00\x67\
\x00\x0b\
\x08\x76\xaf\xa7\
\x00\x73\
\x00\x69\x00\x64\x00\x65\x00\x62\x00\x61\x00\x72\x00\x2e\x00\x73\x00\x76\x00\x67\
\x00\x09\
\x08\x87\x8b\x67\
\x00\x61\
\x00\x77\x00\x61\x00\x72\x00\x64\x00\x2e\x00\x73\x00\x76\x00\x67\
\x00\x09\
\x08\x88\xa9\x07\
\x00\x73\
\x00\x68\x00\x61\x00\x72\x00\x65\x00\x2e\x00\x73\x00\x76\x00\x67\
\x00\x0a\
\x08\x8b\x0b\xa7\
\x00\x73\
\x00\x71\x00\x75\x00\x61\x00\x72\x00\x65\x00\x2e\x00\x73\x00\x76\x00\x67\
\x00\x0b\
\x08\x93\x92\xa7\
\x00\x63\
\x00\x6f\x00\x6d\x00\x6d\x00\x61\x00\x6e\x00\x64\x00\x2e\x00\x73\x00\x76\x00\x67\
\x00\x0a\
\x08\x94\x6d\xc7\
\x00\x73\
\x00\x65\x00\x61\x00\x72\x00\x63\x00\x68\x00\x2e\x00\x73\x00\x76\x00\x67\
\x00\x09\
\x08\x97\x87\xa7\
\x00\x68\
\x00\x65\x00\x61\x00\x72\x00\x74\x00\x2e\x00\x73\x00\x76\x00\x67\
\x00\x08\
\x08\x9b\x57\x07\
\x00\x68\
\x00\x61\x00\x73\x00\x68\x00\x2e\x00\x73\x00\x76\x00\x67\
\x00\x09\
\x08\x9b\xad\xc7\
\x00\x74\
\x00\x72\x00\x61\x00\x73\x00\x68\x00\x2e\x00\x73\x00\x76\x00\x67\
\x00\x09\
\x08\x9b\xae\x87\
\x00\x73\
\x00\x6c\x00\x61\x00\x73\x00\x68\x00\x2e\x00\x73\x00\x76\x00\x67\
\x00\x0e\
\x08\xa5\xc5\xc7\
\x00\x6d\
\x00\x69\x00\x6e\x00\x69\x00\x6d\x00\x69\x00\x7a\x00\x65\x00\x2d\x00\x32\x00\x2e\x00\x73\x00\x76\x00\x67\
\x00\x08\
\x08\xa7\x57\xe7\
\x00\x63\
\x00\x61\x00\x73\x00\x74\x00\x2e\x00\x73\x00\x76\x00\x67\
\x00\x11\
\x08\xba\x21\xe7\
\x00\x63\
\x00\x68\x00\x65\x00\x76\x00\x72\x00\x6f\x00\x6e\x00\x73\x00\x2d\x00\x6c\x00\x65\x00\x66\x00\x74\x00\x2e\x00\x73\x00\x76\x00\x67\
\
\x00\x08\
\x08\xc8\x55\xe7\
\x00\x73\
\x00\x61\x00\x76\x00\x65\x00\x2e\x00\x73\x00\x76\x00\x67\
\x00\x0d\
\x08\xcd\x14\xc7\
\x00\x69\
\x00\x6e\x00\x73\x00\x74\x00\x61\x00\x67\x00\x72\x00\x61\x00\x6d\x00\x2e\x00\x73\x00\x76\x00\x67\
\x00\x0c\
\x08\xd1\x04\x47\
\x00\x62\
\x00\x65\x00\x6c\x00\x6c\x00\x2d\x00\x6f\x00\x66\x00\x66\x00\x2e\x00\x73\x00\x76\x00\x67\
\x00\x0d\
\x08\xd5\xc9\x67\
\x00\x75\
\x00\x6e\x00\x64\x00\x65\x00\x72\x00\x6c\x00\x69\x00\x6e\x00\x65\x00\x2e\x00\x73\x00\x76\x00\x67\
\x00\x0b\
\x08\xf6\x8b\xc7\
\x00\x73\
\x00\x68\x00\x61\x00\x72\x00\x65\x00\x2d\x00\x32\x00\x2e\x00\x73\x00\x76\x00\x67\
\x00\x08\
\x08\xf7\x57\x07\
\x00\x67\
\x00\x72\x00\x69\x00\x64\x00\x2e\x00\x73\x00\x76\x00\x67\
\x00\x0e\
\x08\xfa\x38\xa7\
\x00\x61\
\x00\x72\x00\x72\x00\x6f\x00\x77\x00\x2d\x00\x6c\x00\x65\x00\x66\x00\x74\x00\x2e\x00\x73\x00\x76\x00\x67\
\x00\x09\
\x09\x28\xae\x27\
\x00\x74\
\x00\x61\x00\x62\x00\x6c\x00\x65\x00\x2e\x00\x73\x00\x76\x00\x67\
\x00\x0c\
\x09\x43\x1b\xc7\
\x00\x78\
\x00\x2d\x00\x63\x00\x69\x00\x72\x00\x63\x00\x6c\x00\x65\x00\x2e\x00\x73\x00\x76\x00\x67\
\x00\x0e\
\x09\x58\x6c\x87\
\x00\x63\
\x00\x68\x00\x65\x00\x76\x00\x72\x00\x6f\x00\x6e\x00\x2d\x00\x75\x00\x70\x00\x2e\x00\x73\x00\x76\x00\x67\
\x00\x08\
\x09\x63\x57\x87\
\x00\x63\
\x00\x72\x00\x6f\x00\x70\x00\x2e\x00\x73\x00\x76\x00\x67\
\x00\x07\
\x09\x6b\x5a\x07\
\x00\x62\
\x00\x6f\x00\x78\x00\x2e\x00\x73\x00\x76\x00\x67\
\x00\x09\
\x09\x6b\xba\x47\
\x00\x69\
\x00\x6e\x00\x62\x00\x6f\x00\x78\x00\x2e\x00\x73\x00\x76\x00\x67\
\x00\x15\
\x09\x6f\xd5\xe7\
\x00\x61\
\x00\x72\x00\x72\x00\x6f\x00\x77\x00\x2d\x00\x6c\x00\x65\x00\x66\x00\x74\x00\x2d\x00\x63\x00\x69\x00\x72\x00\x63\x00\x6c\x00\x65\
\x00\x2e\x00\x73\x00\x76\x00\x67\
\x00\x0d\
\x09\x9d\x28\xa7\
\x00\x62\
\x00\x61\x00\x72\x00\x2d\x00\x63\x00\x68\x00\x61\x00\x72\x00\x74\x00\x2e\x00\x73\x00\x76\x00\x67\
\x00\x0c\
\x09\xa2\x4f\x87\
\x00\x73\
\x00\x63\x00\x69\x00\x73\x00\x73\x00\x6f\x00\x72\x00\x73\x00\x2e\x00\x73\x00\x76\x00\x67\
\x00\x07\
\x09\xa6\x5a\x27\
\x00\x72\
\x00\x73\x00\x73\x00\x2e\x00\x73\x00\x76\x00\x67\
\x00\x0f\
\x09\xb0\x5e\x67\
\x00\x64\
\x00\x6f\x00\x6c\x00\x6c\x00\x61\x00\x72\x00\x2d\x00\x73\x00\x69\x00\x67\x00\x6e\x00\x2e\x00\x73\x00\x76\x00\x67\
\x00\x0d\
\x09\xc3\x53\x87\
\x00\x66\
\x00\x69\x00\x6c\x00\x65\x00\x2d\x00\x70\x00\x6c\x00\x75\x00\x73\x00\x2e\x00\x73\x00\x76\x00\x67\
\x00\x08\
\x09\xc5\x55\x47\
\x00\x75\
\x00\x73\x00\x65\x00\x72\x00\x2e\x00\x73\x00\x76\x00\x67\
\x00\x0a\
\x09\xc8\x02\x67\
\x00\x73\
\x00\x75\x00\x6e\x00\x73\x00\x65\x00\x74\x00\x2e\x00\x73\x00\x76\x00\x67\
\x00\x0c\
\x09\xd0\x77\x87\
\x00\x61\
\x00\x72\x00\x72\x00\x6f\x00\x77\x00\x2d\x00\x75\x00\x70\x00\x2e\x00\x73\x00\x76\x00\x67\
\x00\x0c\
\x09\xd0\x7a\x07\
\x00\x61\
\x00\x72\x00\x72\x00\x6f\x00\x77\x00\x2d\x00\x75\x00\x70\x00\x2e\x00\x70\x00\x6e\x00\x67\
\x00\x0e\
\x09\xe5\xc4\x27\
\x00\x6d\
\x00\x61\x00\x78\x00\x69\x00\x6d\x00\x69\x00\x7a\x00\x65\x00\x2d\x00\x32\x00\x2e\x00\x73\x00\x76\x00\x67\
\x00\x09\
\x09\xf6\xb3\x47\
\x00\x6d\
\x00\x75\x00\x73\x00\x69\x00\x63\x00\x2e\x00\x73\x00\x76\x00\x67\
\x00\x14\
\x0a\x08\x9f\x87\
\x00\x63\
\x00\x6f\x00\x72\x00\x6e\x00\x65\x00\x72\x00\x2d\x00\x6c\x00\x65\x00\x66\x00\x74\x00\x2d\x00\x64\x00\x6f\x00\x77\x00\x6e\x00\x2e\
\x00\x73\x00\x76\x00\x67\
\x00\x0b\
\x0a\x2a\x7a\x67\
\x00\x70\
\x00\x72\x00\x69\x00\x6e\x00\x74\x00\x65\x00\x72\x00\x2e\x00\x73\x00\x76\x00\x67\
\x00\x0a\
\x0a\x2d\x1b\xc7\
\x00\x63\
\x00\x69\x00\x72\x00\x63\x00\x6c\x00\x65\x00\x2e\x00\x73\x00\x76\x00\x67\
\x00\x0b\
\x0a\x32\x9b\xa7\
\x00\x74\
\x00\x77\x00\x69\x00\x74\x00\x74\x00\x65\x00\x72\x00\x2e\x00\x73\x00\x76\x00\x67\
\x00\x0c\
\x0a\x76\xc2\x47\
\x00\x77\
\x00\x69\x00\x66\x00\x69\x00\x2d\x00\x6f\x00\x66\x00\x66\x00\x2e\x00\x73\x00\x76\x00\x67\
\x00\x07\
\x0a\x78\x5a\x07\
\x00\x63\
\x00\x70\x00\x75\x00\x2e\x00\x73\x00\x76\x00\x67\
\x00\x07\
\x0a\x7a\x5a\x27\
\x00\x74\
\x00\x61\x00\x67\x00\x2e\x00\x73\x00\x76\x00\x67\
\x00\x08\
\x0a\x85\x55\x87\
\x00\x73\
\x00\x74\x00\x61\x00\x72\x00\x2e\x00\x73\x00\x76\x00\x67\
\x00\x0b\
\x0a\x88\x83\xa7\
\x00\x79\
\x00\x6f\x00\x75\x00\x74\x00\x75\x00\x62\x00\x65\x00\x2e\x00\x73\x00\x76\x00\x67\
\x00\x0a\
\x0a\x94\x26\xc7\
\x00\x74\
\x00\x77\x00\x69\x00\x74\x00\x63\x00\x68\x00\x2e\x00\x73\x00\x76\x00\x67\
\x00\x09\
\x0a\x9b\xa1\xc7\
\x00\x77\
\x00\x61\x00\x74\x00\x63\x00\x68\x00\x2e\x00\x73\x00\x76\x00\x67\
\x00\x07\
\x0a\xc1\x5a\x27\
\x00\x73\
\x00\x75\x00\x6e\x00\x2e\x00\x73\x00\x76\x00\x67\
\x00\x09\
\x0a\xc2\xa3\x27\
\x00\x76\
\x00\x69\x00\x64\x00\x65\x00\x6f\x00\x2e\x00\x73\x00\x76\x00\x67\
\x00\x0a\
\x0a\xc8\xf6\x87\
\x00\x66\
\x00\x6f\x00\x6c\x00\x64\x00\x65\x00\x72\x00\x2e\x00\x73\x00\x76\x00\x67\
\x00\x0a\
\x0a\xc8\xfa\xa7\
\x00\x66\
\x00\x69\x00\x6c\x00\x74\x00\x65\x00\x72\x00\x2e\x00\x73\x00\x76\x00\x67\
\x00\x0a\
\x0a\xcb\x30\x27\
\x00\x6c\
\x00\x6f\x00\x61\x00\x64\x00\x65\x00\x72\x00\x2e\x00\x73\x00\x76\x00\x67\
\x00\x0e\
\x0a\xe6\x40\x47\
\x00\x70\
\x00\x68\x00\x6f\x00\x6e\x00\x65\x00\x2d\x00\x63\x00\x61\x00\x6c\x00\x6c\x00\x2e\x00\x73\x00\x76\x00\x67\
\x00\x0d\
\x0a\xfe\xf3\xc7\
\x00\x75\
\x00\x73\x00\x65\x00\x72\x00\x2d\x00\x70\x00\x6c\x00\x75\x00\x73\x00\x2e\x00\x73\x00\x76\x00\x67\
\x00\x09\
\x0b\x02\xaa\x27\
\x00\x72\
\x00\x61\x00\x64\x00\x69\x00\x6f\x00\x2e\x00\x73\x00\x76\x00\x67\
\x00\x08\
\x0b\x07\x57\xa7\
\x00\x65\
\x00\x64\x00\x69\x00\x74\x00\x2e\x00\x73\x00\x76\x00\x67\
\x00\x12\
\x0b\x20\xfd\x47\
\x00\x63\
\x00\x68\x00\x65\x00\x76\x00\x72\x00\x6f\x00\x6e\x00\x73\x00\x2d\x00\x72\x00\x69\x00\x67\x00\x68\x00\x74\x00\x2e\x00\x73\x00\x76\
\x00\x67\
\x00\x0c\
\x0b\x26\x72\xc7\
\x00\x74\
\x00\x65\x00\x72\x00\x6d\x00\x69\x00\x6e\x00\x61\x00\x6c\x00\x2e\x00\x73\x00\x76\x00\x67\
\x00\x10\
\x0b\x57\x71\x47\
\x00\x63\
\x00\x68\x00\x65\x00\x63\x00\x6b\x00\x2d\x00\x73\x00\x71\x00\x75\x00\x61\x00\x72\x00\x65\x00\x2e\x00\x73\x00\x76\x00\x67\
\x00\x0a\
\x0b\x88\x42\x07\
\x00\x72\
\x00\x65\x00\x70\x00\x65\x00\x61\x00\x74\x00\x2e\x00\x73\x00\x76\x00\x67\
\x00\x0d\
\x0b\x8b\x22\x47\
\x00\x62\
\x00\x72\x00\x69\x00\x65\x00\x66\x00\x63\x00\x61\x00\x73\x00\x65\x00\x2e\x00\x73\x00\x76\x00\x67\
\x00\x0b\
\x0b\x8d\x90\xc7\
\x00\x6d\
\x00\x6f\x00\x6e\x00\x69\x00\x74\x00\x6f\x00\x72\x00\x2e\x00\x73\x00\x76\x00\x67\
\x00\x11\
\x0b\x9a\x48\x07\
\x00\x6d\
\x00\x6f\x00\x75\x00\x73\x00\x65\x00\x2d\x00\x70\x00\x6f\x00\x69\x00\x6e\x00\x74\x00\x65\x00\x72\x00\x2e\x00\x73\x00\x76\x00\x67\
\
\x00\x09\
\x0b\x9e\x89\x07\
\x00\x63\
\x00\x68\x00\x65\x00\x63\x00\x6b\x00\x2e\x00\x73\x00\x76\x00\x67\
\x00\x09\
\x0b\x9e\xad\xe7\
\x00\x74\
\x00\x72\x00\x75\x00\x63\x00\x6b\x00\x2e\x00\x73\x00\x76\x00\x67\
\x00\x0f\
\x0b\xa3\x47\x67\
\x00\x70\
\x00\x6c\x00\x61\x00\x79\x00\x2d\x00\x63\x00\x69\x00\x72\x00\x63\x00\x6c\x00\x65\x00\x2e\x00\x73\x00\x76\x00\x67\
\x00\x0c\
\x0b\xa9\x22\xa7\
\x00\x76\
\x00\x6f\x00\x6c\x00\x75\x00\x6d\x00\x65\x00\x2d\x00\x32\x00\x2e\x00\x73\x00\x76\x00\x67\
\x00\x15\
\x0b\xac\xb2\x47\
\x00\x61\
\x00\x72\x00\x72\x00\x6f\x00\x77\x00\x2d\x00\x64\x00\x6f\x00\x77\x00\x6e\x00\x2d\x00\x63\x00\x69\x00\x72\x00\x63\x00\x6c\x00\x65\
\x00\x2e\x00\x73\x00\x76\x00\x67\
\x00\x0c\
\x0b\xb0\x22\xa7\
\x00\x76\
\x00\x6f\x00\x6c\x00\x75\x00\x6d\x00\x65\x00\x2d\x00\x31\x00\x2e\x00\x73\x00\x76\x00\x67\
\x00\x13\
\x0b\xbd\xc8\x87\
\x00\x70\
\x00\x68\x00\x6f\x00\x6e\x00\x65\x00\x2d\x00\x66\x00\x6f\x00\x72\x00\x77\x00\x61\x00\x72\x00\x64\x00\x65\x00\x64\x00\x2e\x00\x73\
\x00\x76\x00\x67\
\x00\x12\
\x0b\xd5\x61\xa7\
\x00\x63\
\x00\x6f\x00\x72\x00\x6e\x00\x65\x00\x72\x00\x2d\x00\x75\x00\x70\x00\x2d\x00\x6c\x00\x65\x00\x66\x00\x74\x00\x2e\x00\x73\x00\x76\
\x00\x67\
\x00\x0c\
\x0b\xd5\x6d\xe7\
\x00\x66\
\x00\x61\x00\x63\x00\x65\x00\x62\x00\x6f\x00\x6f\x00\x6b\x00\x2e\x00\x73\x00\x76\x00\x67\
\x00\x0c\
\x0b\xdf\x2c\xc7\
\x00\x73\
\x00\x65\x00\x74\x00\x74\x00\x69\x00\x6e\x00\x67\x00\x73\x00\x2e\x00\x73\x00\x76\x00\x67\
\x00\x0c\
\x0b\xe7\x22\xa7\
\x00\x76\
\x00\x6f\x00\x6c\x00\x75\x00\x6d\x00\x65\x00\x2d\x00\x78\x00\x2e\x00\x73\x00\x76\x00\x67\
\x00\x0b\
\x0b\xf2\x4b\xe7\
\x00\x74\
\x00\x72\x00\x61\x00\x73\x00\x68\x00\x2d\x00\x32\x00\x2e\x00\x73\x00\x76\x00\x67\
\x00\x11\
\x0b\xfb\x70\x07\
\x00\x61\
\x00\x6c\x00\x69\x00\x67\x00\x6e\x00\x2d\x00\x6a\x00\x75\x00\x73\x00\x74\x00\x69\x00\x66\x00\x79\x00\x2e\x00\x73\x00\x76\x00\x67\
\
\x00\x0a\
\x0c\x28\x67\x27\
\x00\x73\
\x00\x68\x00\x69\x00\x65\x00\x6c\x00\x64\x00\x2e\x00\x73\x00\x76\x00\x67\
\x00\x08\
\x0c\x2f\x57\xc7\
\x00\x62\
\x00\x65\x00\x6c\x00\x6c\x00\x2e\x00\x73\x00\x76\x00\x67\
\x00\x0a\
\x0c\x3b\xf6\xa7\
\x00\x76\
\x00\x6f\x00\x6c\x00\x75\x00\x6d\x00\x65\x00\x2e\x00\x73\x00\x76\x00\x67\
\x00\x0d\
\x0c\x3c\xdf\x27\
\x00\x76\
\x00\x69\x00\x64\x00\x65\x00\x6f\x00\x2d\x00\x6f\x00\x66\x00\x66\x00\x2e\x00\x73\x00\x76\x00\x67\
\x00\x10\
\x0c\x46\x2a\x67\
\x00\x75\
\x00\x70\x00\x6c\x00\x6f\x00\x61\x00\x64\x00\x2d\x00\x63\x00\x6c\x00\x6f\x00\x75\x00\x64\x00\x2e\x00\x73\x00\x76\x00\x67\
\x00\x08\
\x0c\x47\x55\xe7\
\x00\x73\
\x00\x65\x00\x6e\x00\x64\x00\x2e\x00\x73\x00\x76\x00\x67\
\x00\x0b\
\x0c\x4d\x4d\x87\
\x00\x62\
\x00\x61\x00\x74\x00\x74\x00\x65\x00\x72\x00\x79\x00\x2e\x00\x73\x00\x76\x00\x67\
\x00\x0c\
\x0c\x51\x3b\x67\
\x00\x61\
\x00\x63\x00\x74\x00\x69\x00\x76\x00\x69\x00\x74\x00\x79\x00\x2e\x00\x73\x00\x76\x00\x67\
\x00\x0f\
\x0c\x57\x3d\xa7\
\x00\x74\
\x00\x72\x00\x65\x00\x6e\x00\x64\x00\x69\x00\x6e\x00\x67\x00\x2d\x00\x75\x00\x70\x00\x2e\x00\x73\x00\x76\x00\x67\
\x00\x08\
\x0c\x58\x54\xa7\
\x00\x6d\
\x00\x65\x00\x6e\x00\x75\x00\x2e\x00\x73\x00\x76\x00\x67\
\x00\x0b\
\x0c\x62\x05\x87\
\x00\x73\
\x00\x6c\x00\x69\x00\x64\x00\x65\x00\x72\x00\x73\x00\x2e\x00\x73\x00\x76\x00\x67\
\x00\x15\
\x0c\x6d\xbc\xc7\
\x00\x63\
\x00\x6f\x00\x72\x00\x6e\x00\x65\x00\x72\x00\x2d\x00\x72\x00\x69\x00\x67\x00\x68\x00\x74\x00\x2d\x00\x64\x00\x6f\x00\x77\x00\x6e\
\x00\x2e\x00\x73\x00\x76\x00\x67\
\x00\x0c\
\x0c\x87\x73\xa7\
\x00\x70\
\x00\x65\x00\x6e\x00\x2d\x00\x74\x00\x6f\x00\x6f\x00\x6c\x00\x2e\x00\x73\x00\x76\x00\x67\
\x00\x0a\
\x0c\x91\x6a\xa7\
\x00\x63\
\x00\x61\x00\x6d\x00\x65\x00\x72\x00\x61\x00\x2e\x00\x73\x00\x76\x00\x67\
\x00\x09\
\x0c\x96\xa3\xe7\
\x00\x75\
\x00\x73\x00\x65\x00\x72\x00\x73\x00\x2e\x00\x73\x00\x76\x00\x67\
\x00\x09\
\x0c\x98\xb7\xc7\
\x00\x70\
\x00\x61\x00\x75\x00\x73\x00\x65\x00\x2e\x00\x73\x00\x76\x00\x67\
\x00\x0a\
\x0c\x9c\x0b\x27\
\x00\x6c\
\x00\x61\x00\x79\x00\x65\x00\x72\x00\x73\x00\x2e\x00\x73\x00\x76\x00\x67\
\x00\x0c\
\x0c\xa7\x6b\x47\
\x00\x75\
\x00\x6d\x00\x62\x00\x72\x00\x65\x00\x6c\x00\x6c\x00\x61\x00\x2e\x00\x73\x00\x76\x00\x67\
\x00\x0a\
\x0c\xad\x02\x87\
\x00\x64\
\x00\x65\x00\x6c\x00\x65\x00\x74\x00\x65\x00\x2e\x00\x73\x00\x76\x00\x67\
\x00\x0b\
\x0c\xba\xcb\xe7\
\x00\x70\
\x00\x65\x00\x72\x00\x63\x00\x65\x00\x6e\x00\x74\x00\x2e\x00\x73\x00\x76\x00\x67\
\x00\x0a\
\x0c\xbd\x11\x47\
\x00\x63\
\x00\x6f\x00\x66\x00\x66\x00\x65\x00\x65\x00\x2e\x00\x73\x00\x76\x00\x67\
\x00\x0a\
\x0c\xca\x63\xe7\
\x00\x73\
\x00\x65\x00\x72\x00\x76\x00\x65\x00\x72\x00\x2e\x00\x73\x00\x76\x00\x67\
\x00\x10\
\x0c\xdd\x10\xe7\
\x00\x61\
\x00\x6c\x00\x65\x00\x72\x00\x74\x00\x2d\x00\x63\x00\x69\x00\x72\x00\x63\x00\x6c\x00\x65\x00\x2e\x00\x73\x00\x76\x00\x67\
\x00\x0d\
\x0c\xe7\x89\xc7\
\x00\x63\
\x00\x6c\x00\x69\x00\x70\x00\x62\x00\x6f\x00\x61\x00\x72\x00\x64\x00\x2e\x00\x73\x00\x76\x00\x67\
\x00\x0d\
\x0c\xea\x0f\xc7\
\x00\x78\
\x00\x2d\x00\x6f\x00\x63\x00\x74\x00\x61\x00\x67\x00\x6f\x00\x6e\x00\x2e\x00\x73\x00\x76\x00\x67\
\x00\x07\
\x0c\xf8\x5a\x07\
\x00\x65\
\x00\x79\x00\x65\x00\x2e\x00\x73\x00\x76\x00\x67\
\x00\x0f\
\x0c\xf8\xfa\xe7\
\x00\x63\
\x00\x6f\x00\x64\x00\x65\x00\x73\x00\x61\x00\x6e\x00\x64\x00\x62\x00\x6f\x00\x78\x00\x2e\x00\x73\x00\x76\x00\x67\
\x00\x11\
\x0d\x25\x38\x47\
\x00\x64\
\x00\x69\x00\x76\x00\x69\x00\x64\x00\x65\x00\x2d\x00\x73\x00\x71\x00\x75\x00\x61\x00\x72\x00\x65\x00\x2e\x00\x73\x00\x76\x00\x67\
\
\x00\x10\
\x0d\x3e\xb8\xe7\
\x00\x70\
\x00\x61\x00\x75\x00\x73\x00\x65\x00\x2d\x00\x63\x00\x69\x00\x72\x00\x63\x00\x6c\x00\x65\x00\x2e\x00\x73\x00\x76\x00\x67\
\x00\x0d\
\x0d\x40\x63\x47\
\x00\x76\
\x00\x6f\x00\x69\x00\x63\x00\x65\x00\x6d\x00\x61\x00\x69\x00\x6c\x00\x2e\x00\x73\x00\x76\x00\x67\
\x00\x0f\
\x0d\x70\x37\xa7\
\x00\x63\
\x00\x68\x00\x65\x00\x76\x00\x72\x00\x6f\x00\x6e\x00\x73\x00\x2d\x00\x75\x00\x70\x00\x2e\x00\x73\x00\x76\x00\x67\
\x00\x0f\
\x0d\x77\x29\xe7\
\x00\x62\
\x00\x61\x00\x72\x00\x2d\x00\x63\x00\x68\x00\x61\x00\x72\x00\x74\x00\x2d\x00\x32\x00\x2e\x00\x73\x00\x76\x00\x67\
\x00\x14\
\x0d\xa0\x58\x27\
\x00\x62\
\x00\x61\x00\x74\x00\x74\x00\x65\x00\x72\x00\x79\x00\x2d\x00\x63\x00\x68\x00\x61\x00\x72\x00\x67\x00\x69\x00\x6e\x00\x67\x00\x2e\
\x00\x73\x00\x76\x00\x67\
\x00\x09\
\x0d\xc5\xb4\x07\
\x00\x70\
\x00\x6f\x00\x77\x00\x65\x00\x72\x00\x2e\x00\x73\x00\x76\x00\x67\
\x00\x0a\
\x0d\xc8\x0b\xc7\
\x00\x74\
\x00\x61\x00\x72\x00\x67\x00\x65\x00\x74\x00\x2e\x00\x73\x00\x76\x00\x67\
\x00\x13\
\x0d\xd4\xf9\x27\
\x00\x63\
\x00\x6f\x00\x72\x00\x6e\x00\x65\x00\x72\x00\x2d\x00\x75\x00\x70\x00\x2d\x00\x72\x00\x69\x00\x67\x00\x68\x00\x74\x00\x2e\x00\x73\
\x00\x76\x00\x67\
\x00\x0b\
\x0d\xd7\xad\x47\
\x00\x73\
\x00\x68\x00\x75\x00\x66\x00\x66\x00\x6c\x00\x65\x00\x2e\x00\x73\x00\x76\x00\x67\
\x00\x10\
\x0d\xfd\xe1\x27\
\x00\x63\
\x00\x68\x00\x65\x00\x63\x00\x6b\x00\x2d\x00\x63\x00\x69\x00\x72\x00\x63\x00\x6c\x00\x65\x00\x2e\x00\x73\x00\x76\x00\x67\
\x00\x0a\
\x0e\x0b\x3a\x47\
\x00\x6c\
\x00\x69\x00\x6e\x00\x6b\x00\x2d\x00\x32\x00\x2e\x00\x73\x00\x76\x00\x67\
\x00\x0d\
\x0e\x0e\xcb\xc7\
\x00\x70\
\x00\x61\x00\x70\x00\x65\x00\x72\x00\x63\x00\x6c\x00\x69\x00\x70\x00\x2e\x00\x73\x00\x76\x00\x67\
\x00\x10\
\x0e\x17\x06\x87\
\x00\x63\
\x00\x68\x00\x65\x00\x76\x00\x72\x00\x6f\x00\x6e\x00\x2d\x00\x64\x00\x6f\x00\x77\x00\x6e\x00\x2e\x00\x73\x00\x76\x00\x67\
\x00\x0b\
\x0e\x1c\x2b\x87\
\x00\x66\
\x00\x65\x00\x61\x00\x74\x00\x68\x00\x65\x00\x72\x00\x2e\x00\x73\x00\x76\x00\x67\
\x00\x0e\
\x0e\x2b\x18\x87\
\x00\x61\
\x00\x6c\x00\x69\x00\x67\x00\x6e\x00\x2d\x00\x6c\x00\x65\x00\x66\x00\x74\x00\x2e\x00\x73\x00\x76\x00\x67\
\x00\x09\
\x0e\x34\x83\x27\
\x00\x66\
\x00\x69\x00\x67\x00\x6d\x00\x61\x00\x2e\x00\x73\x00\x76\x00\x67\
\x00\x12\
\x0e\x57\x91\x87\
\x00\x61\
\x00\x72\x00\x72\x00\x6f\x00\x77\x00\x2d\x00\x75\x00\x70\x00\x2d\x00\x72\x00\x69\x00\x67\x00\x68\x00\x74\x00\x2e\x00\x73\x00\x76\
\x00\x67\
\x00\x16\
\x0e\x69\xe8\x07\
\x00\x61\
\x00\x72\x00\x72\x00\x6f\x00\x77\x00\x2d\x00\x72\x00\x69\x00\x67\x00\x68\x00\x74\x00\x2d\x00\x63\x00\x69\x00\x72\x00\x63\x00\x6c\
\x00\x65\x00\x2e\x00\x73\x00\x76\x00\x67\
\x00\x11\
\x0e\x8a\xbc\x47\
\x00\x61\
\x00\x6c\x00\x65\x00\x72\x00\x74\x00\x2d\x00\x6f\x00\x63\x00\x74\x00\x61\x00\x67\x00\x6f\x00\x6e\x00\x2e\x00\x73\x00\x76\x00\x67\
\
\x00\x11\
\x0e\x92\x78\x47\
\x00\x63\
\x00\x68\x00\x65\x00\x76\x00\x72\x00\x6f\x00\x6e\x00\x2d\x00\x72\x00\x69\x00\x67\x00\x68\x00\x74\x00\x2e\x00\x73\x00\x76\x00\x67\
\
\x00\x10\
\x0e\xa9\xd9\x27\
\x00\x6e\
\x00\x61\x00\x76\x00\x69\x00\x67\x00\x61\x00\x74\x00\x69\x00\x6f\x00\x6e\x00\x2d\x00\x32\x00\x2e\x00\x73\x00\x76\x00\x67\
\x00\x0b\
\x0e\xbc\xc6\x27\
\x00\x68\
\x00\x65\x00\x78\x00\x61\x00\x67\x00\x6f\x00\x6e\x00\x2e\x00\x73\x00\x76\x00\x67\
\x00\x0b\
\x0e\xca\x0e\x27\
\x00\x6f\
\x00\x63\x00\x74\x00\x61\x00\x67\x00\x6f\x00\x6e\x00\x2e\x00\x73\x00\x76\x00\x67\
\x00\x0f\
\x0e\xd2\xf6\x47\
\x00\x74\
\x00\x68\x00\x75\x00\x6d\x00\x62\x00\x73\x00\x2d\x00\x64\x00\x6f\x00\x77\x00\x6e\x00\x2e\x00\x73\x00\x76\x00\x67\
\x00\x10\
\x0e\xe3\x01\x67\
\x00\x73\
\x00\x6b\x00\x69\x00\x70\x00\x2d\x00\x66\x00\x6f\x00\x72\x00\x77\x00\x61\x00\x72\x00\x64\x00\x2e\x00\x73\x00\x76\x00\x67\
\x00\x11\
\x0e\xed\x5f\x27\
\x00\x61\
\x00\x72\x00\x72\x00\x6f\x00\x77\x00\x2d\x00\x75\x00\x70\x00\x2d\x00\x6c\x00\x65\x00\x66\x00\x74\x00\x2e\x00\x73\x00\x76\x00\x67\
\
\x00\x11\
\x0e\xfb\xa3\xc7\
\x00\x63\
\x00\x6c\x00\x6f\x00\x75\x00\x64\x00\x2d\x00\x64\x00\x72\x00\x69\x00\x7a\x00\x7a\x00\x6c\x00\x65\x00\x2e\x00\x73\x00\x76\x00\x67\
\
\x00\x12\
\x0e\xff\xae\x67\
\x00\x6d\
\x00\x65\x00\x73\x00\x73\x00\x61\x00\x67\x00\x65\x00\x2d\x00\x73\x00\x71\x00\x75\x00\x61\x00\x72\x00\x65\x00\x2e\x00\x73\x00\x76\
\x00\x67\
\x00\x13\
\x0f\x16\xc9\x27\
\x00\x61\
\x00\x72\x00\x72\x00\x6f\x00\x77\x00\x2d\x00\x64\x00\x6f\x00\x77\x00\x6e\x00\x2d\x00\x6c\x00\x65\x00\x66\x00\x74\x00\x2e\x00\x73\
\x00\x76\x00\x67\
\x00\x0f\
\x0f\x22\x69\x47\
\x00\x61\
\x00\x72\x00\x72\x00\x6f\x00\x77\x00\x2d\x00\x72\x00\x69\x00\x67\x00\x68\x00\x74\x00\x2e\x00\x73\x00\x76\x00\x67\
\x00\x0b\
\x0f\x31\xb3\xe7\
\x00\x61\
\x00\x74\x00\x2d\x00\x73\x00\x69\x00\x67\x00\x6e\x00\x2e\x00\x73\x00\x76\x00\x67\
\x00\x0a\
\x0f\x68\x53\xe7\
\x00\x61\
\x00\x6e\x00\x63\x00\x68\x00\x6f\x00\x72\x00\x2e\x00\x73\x00\x76\x00\x67\
\x00\x11\
\x0f\x72\x49\xa7\
\x00\x65\
\x00\x78\x00\x74\x00\x65\x00\x72\x00\x6e\x00\x61\x00\x6c\x00\x2d\x00\x6c\x00\x69\x00\x6e\x00\x6b\x00\x2e\x00\x73\x00\x76\x00\x67\
\
\x00\x0c\
\x0f\x79\xba\x47\
\x00\x6d\
\x00\x61\x00\x78\x00\x69\x00\x6d\x00\x69\x00\x7a\x00\x65\x00\x2e\x00\x73\x00\x76\x00\x67\
\x00\x0c\
\x0f\x88\xfa\x47\
\x00\x6d\
\x00\x69\x00\x6e\x00\x69\x00\x6d\x00\x69\x00\x7a\x00\x65\x00\x2e\x00\x73\x00\x76\x00\x67\
\x00\x11\
\x0f\x8f\x28\x27\
\x00\x64\
\x00\x69\x00\x76\x00\x69\x00\x64\x00\x65\x00\x2d\x00\x63\x00\x69\x00\x72\x00\x63\x00\x6c\x00\x65\x00\x2e\x00\x73\x00\x76\x00\x67\
\
\x00\x0a\
\x0f\xad\x3b\x47\
\x00\x64\
\x00\x69\x00\x76\x00\x69\x00\x64\x00\x65\x00\x2e\x00\x73\x00\x76\x00\x67\
\x00\x0a\
\x0f\xb8\x9b\x87\
\x00\x67\
\x00\x69\x00\x74\x00\x68\x00\x75\x00\x62\x00\x2e\x00\x73\x00\x76\x00\x67\
\x00\x08\
\x0f\xcc\x55\x67\
\x00\x77\
\x00\x69\x00\x66\x00\x69\x00\x2e\x00\x73\x00\x76\x00\x67\
\x00\x08\
\x0f\xd7\x57\x67\
\x00\x67\
\x00\x69\x00\x66\x00\x74\x00\x2e\x00\x73\x00\x76\x00\x67\
\x00\x0f\
\x0f\xe6\x17\xc7\
\x00\x63\
\x00\x72\x00\x65\x00\x64\x00\x69\x00\x74\x00\x2d\x00\x63\x00\x61\x00\x72\x00\x64\x00\x2e\x00\x73\x00\x76\x00\x67\
"

qt_resource_struct_v1 = b"\
\x00\x00\x00\x00\x00\x02\x00\x00\x00\x01\x00\x00\x00\x01\
\x00\x00\x00\x00\x00\x02\x00\x00\x00\x01\x00\x00\x00\x02\
\x00\x00\x00\x14\x00\x02\x00\x00\x01\x22\x00\x00\x00\x03\
\x00\x00\x00\x28\x00\x00\x00\x00\x00\x01\x00\x00\x00\x00\
\x00\x00\x00\x4c\x00\x00\x00\x00\x00\x01\x00\x00\x01\x15\
\x00\x00\x00\x68\x00\x00\x00\x00\x00\x01\x00\x00\x02\x4c\
\x00\x00\x00\x7e\x00\x00\x00\x00\x00\x01\x00\x00\x03\x74\
\x00\x00\x00\x96\x00\x00\x00\x00\x00\x01\x00\x00\x04\xc4\
\x00\x00\x00\xac\x00\x00\x00\x00\x00\x01\x00\x00\x06\xc5\
\x00\x00\x00\xd0\x00\x00\x00\x00\x00\x01\x00\x00\x07\xfe\
\x00\x00\x00\xe6\x00\x00\x00\x00\x00\x01\x00\x00\x09\x25\
\x00\x00\x01\x00\x00\x00\x00\x00\x00\x01\x00\x00\x0a\x37\
\x00\x00\x01\x16\x00\x00\x00\x00\x00\x01\x00\x00\x0b\x85\
\x00\x00\x01\x3a\x00\x00\x00\x00\x00\x01\x00\x00\x0c\xc8\
\x00\x00\x01\x60\x00\x00\x00\x00\x00\x01\x00\x00\x0d\xe5\
\x00\x00\x01\x8a\x00\x00\x00\x00\x00\x01\x00\x00\x0f\x68\
\x00\x00\x01\xb0\x00\x00\x00\x00\x00\x01\x00\x00\x10\xa4\
\x00\x00\x01\xcc\x00\x00\x00\x00\x00\x01\x00\x00\x12\xa1\
\x00\x00\x01\xe2\x00\x00\x00\x00\x00\x01\x00\x00\x13\xd2\
\x00\x00\x01\xf2\x00\x00\x00\x00\x00\x01\x00\x00\x14\xdb\
\x00\x00\x02\x06\x00\x00\x00\x00\x00\x01\x00\x00\x15\xd4\
\x00\x00\x02\x1c\x00\x00\x00\x00\x00\x01\x00\x00\x16\xd2\
\x00\x00\x02\x44\x00\x00\x00\x00\x00\x01\x00\x00\x18\x71\
\x00\x00\x02\x5a\x00\x00\x00\x00\x00\x01\x00\x00\x1a\x16\
\x00\x00\x02\x80\x00\x00\x00\x00\x00\x01\x00\x00\x1c\x48\
\x00\x00\x02\xa6\x00\x00\x00\x00\x00\x01\x00\x00\x1d\x2b\
\x00\x00\x02\xc2\x00\x00\x00\x00\x00\x01\x00\x00\x1e\x69\
\x00\x00\x02\xea\x00\x00\x00\x00\x00\x01\x00\x00\x1f\x84\
\x00\x00\x03\x0a\x00\x00\x00\x00\x00\x01\x00\x00\x20\xc2\
\x00\x00\x03\x2c\x00\x00\x00\x00\x00\x01\x00\x00\x22\x30\
\x00\x00\x03\x56\x00\x00\x00\x00\x00\x01\x00\x00\x23\xa3\
\x00\x00\x03\x76\x00\x00\x00\x00\x00\x01\x00\x00\x24\xb6\
\x00\x00\x03\x94\x00\x00\x00\x00\x00\x01\x00\x00\x26\xa5\
\x00\x00\x03\xb4\x00\x00\x00\x00\x00\x01\x00\x00\x28\x98\
\x00\x00\x03\xda\x00\x00\x00\x00\x00\x01\x00\x00\x29\xae\
\x00\x00\x03\xfa\x00\x00\x00\x00\x00\x01\x00\x00\x2a\xf7\
\x00\x00\x04\x14\x00\x00\x00\x00\x00\x01\x00\x00\x2c\x32\
\x00\x00\x04\x36\x00\x00\x00\x00\x00\x01\x00\x00\x2d\xdf\
\x00\x00\x04\x4a\x00\x00\x00\x00\x00\x01\x00\x00\x2f\x21\
\x00\x00\x04\x78\x00\x00\x00\x00\x00\x01\x00\x00\x30\x29\
\x00\x00\x04\x9a\x00\x00\x00\x00\x00\x01\x00\x00\x31\x16\
\x00\x00\x04\xb6\x00\x00\x00\x00\x00\x01\x00\x00\x32\x06\
\x00\x00\x04\xda\x00\x00\x00\x00\x00\x01\x00\x00\x33\x5b\
\x00\x00\x04\xfc\x00\x00\x00\x00\x00\x01\x00\x00\x34\xbb\
\x00\x00\x05\x18\x00\x00\x00\x00\x00\x01\x00\x00\x35\xfa\
\x00\x00\x05\x32\x00\x00\x00\x00\x00\x01\x00\x00\x37\xc3\
\x00\x00\x05\x48\x00\x00\x00\x00\x00\x01\x00\x00\x38\xec\
\x00\x00\x05\x5e\x00\x00\x00\x00\x00\x01\x00\x00\x39\xd1\
\x00\x00\x05\x82\x00\x00\x00\x00\x00\x01\x00\x00\x3b\x27\
\x00\x00\x05\xaa\x00\x00\x00\x00\x00\x01\x00\x00\x3c\x3c\
\x00\x00\x05\xc4\x00\x00\x00\x00\x00\x01\x00\x00\x3d\x5d\
\x00\x00\x05\xe8\x00\x00\x00\x00\x00\x01\x00\x00\x3e\x88\
\x00\x00\x06\x02\x00\x00\x00\x00\x00\x01\x00\x00\x3f\xb7\
\x00\x00\x06\x28\x00\x00\x00\x00\x00\x01\x00\x00\x40\xbc\
\x00\x00\x06\x44\x00\x00\x00\x00\x00\x01\x00\x00\x42\x13\
\x00\x00\x06\x5e\x00\x00\x00\x00\x00\x01\x00\x00\x43\x5b\
\x00\x00\x06\x72\x00\x00\x00\x00\x00\x01\x00\x00\x44\xa3\
\x00\x00\x06\x86\x00\x00\x00\x00\x00\x01\x00\x00\x45\xf6\
\x00\x00\x06\xa8\x00\x00\x00\x00\x00\x01\x00\x00\x47\xe9\
\x00\x00\x06\xbe\x00\x00\x00\x00\x00\x01\x00\x00\x48\xf4\
\x00\x00\x06\xd8\x00\x00\x00\x00\x00\x01\x00\x00\x49\xe9\
\x00\x00\x06\xf8\x00\x00\x00\x00\x00\x01\x00\x00\x4a\xf5\
\x00\x00\x07\x26\x00\x00\x00\x00\x00\x01\x00\x00\x4c\x37\
\x00\x00\x07\x4a\x00\x00\x00\x00\x00\x01\x00\x00\x4d\x3a\
\x00\x00\x07\x5e\x00\x00\x00\x00\x00\x01\x00\x00\x4e\xac\
\x00\x00\x07\x78\x00\x00\x00\x00\x00\x01\x00\x00\x4f\xeb\
\x00\x00\x07\x9a\x00\x00\x00\x00\x00\x01\x00\x00\x51\x42\
\x00\x00\x07\xc6\x00\x00\x00\x00\x00\x01\x00\x00\x52\x6b\
\x00\x00\x07\xe4\x00\x00\x00\x00\x00\x01\x00\x00\x53\xe8\
\x00\x00\x08\x10\x00\x00\x00\x00\x00\x01\x00\x00\x54\xed\
\x00\x00\x08\x32\x00\x00\x00\x00\x00\x01\x00\x00\x56\x2b\
\x00\x00\x08\x4e\x00\x00\x00\x00\x00\x01\x00\x00\x57\x4f\
\x00\x00\x08\x6e\x00\x00\x00\x00\x00\x01\x00\x00\x58\x78\
\x00\x00\x08\x8c\x00\x00\x00\x00\x00\x01\x00\x00\x59\xd7\
\x00\x00\x08\xa8\x00\x00\x00\x00\x00\x01\x00\x00\x5b\x48\
\x00\x00\x08\xbe\x00\x00\x00\x00\x00\x01\x00\x00\x5c\x76\
\x00\x00\x08\xde\x00\x00\x00\x00\x00\x01\x00\x00\x5d\x92\
\x00\x00\x08\xfe\x00\x00\x00\x00\x00\x01\x00\x00\x5e\x94\
\x00\x00\x09\x20\x00\x00\x00\x00\x00\x01\x00\x00\x5f\xc7\
\x00\x00\x09\x48\x00\x00\x00\x00\x00\x01\x00\x00\x61\x0e\
\x00\x00\x09\x6a\x00\x00\x00\x00\x00\x01\x00\x00\x62\x1c\
\x00\x00\x09\x9a\x00\x00\x00\x00\x00\x01\x00\x00\x63\x24\
\x00\x00\x09\xb6\x00\x00\x00\x00\x00\x01\x00\x00\x64\xc8\
\x00\x00\x09\xd6\x00\x00\x00\x00\x00\x01\x00\x00\x66\x3f\
\x00\x00\x0a\x00\x00\x00\x00\x00\x00\x01\x00\x00\x68\x6f\
\x00\x00\x0a\x1c\x00\x00\x00\x00\x00\x01\x00\x00\x6a\x23\
\x00\x00\x0a\x36\x00\x00\x00\x00\x00\x01\x00\x00\x6b\x82\
\x00\x00\x0a\x58\x00\x00\x00\x00\x00\x01\x00\x00\x6c\xa3\
\x00\x00\x0a\x76\x00\x00\x00\x00\x00\x01\x00\x00\x6d\xc6\
\x00\x00\x0a\x96\x00\x00\x00\x00\x00\x01\x00\x00\x6e\xd7\
\x00\x00\x0a\xc2\x00\x00\x00\x00\x00\x01\x00\x00\x6f\xfc\
\x00\x00\x0a\xdc\x00\x00\x00\x00\x00\x01\x00\x00\x71\x38\
\x00\x00\x0a\xf4\x00\x00\x00\x00\x00\x01\x00\x00\x72\xa3\
\x00\x00\x0b\x0e\x00\x00\x00\x00\x00\x01\x00\x00\x73\xbe\
\x00\x00\x0b\x30\x00\x00\x00\x00\x00\x01\x00\x00\x75\x0c\
\x00\x00\x0b\x46\x00\x00\x00\x00\x00\x01\x00\x00\x76\x28\
\x00\x00\x0b\x5e\x00\x00\x00\x00\x00\x01\x00\x00\x77\x2c\
\x00\x00\x0b\x7c\x00\x00\x00\x00\x00\x01\x00\x00\x78\x28\
\x00\x00\x0b\x92\x00\x00\x00\x00\x00\x01\x00\x00\x79\x2e\
\x00\x00\x0b\xb4\x00\x00\x00\x00\x00\x01\x00\x00\x7a\x84\
\x00\x00\x0b\xcc\x00\x00\x00\x00\x00\x01\x00\x00\x7b\x69\
\x00\x00\x0b\xea\x00\x00\x00\x00\x00\x01\x00\x00\x7c\xab\
\x00\x00\x0c\x12\x00\x00\x00\x00\x00\x01\x00\x00\x7d\xb2\
\x00\x00\x0c\x3c\x00\x00\x00\x00\x00\x01\x00\x00\x7e\xb7\
\x00\x00\x0c\x5e\x00\x00\x00\x00\x00\x01\x00\x00\x7f\xc1\
\x00\x00\x0c\x80\x00\x00\x00\x00\x00\x01\x00\x00\x80\x93\
\x00\x00\x0c\x9c\x00\x00\x00\x00\x00\x01\x00\x00\x81\xd0\
\x00\x00\x0c\xb8\x00\x00\x00\x00\x00\x01\x00\x00\x82\xe8\
\x00\x00\x0c\xce\x00\x00\x00\x00\x00\x01\x00\x00\x84\x0a\
\x00\x00\x0c\xe4\x00\x00\x00\x00\x00\x01\x00\x00\x85\x2d\
\x00\x00\x0c\xfe\x00\x00\x00\x00\x00\x01\x00\x00\x86\xb0\
\x00\x00\x0d\x22\x00\x00\x00\x00\x00\x01\x00\x00\x87\xb7\
\x00\x00\x0d\x3a\x00\x00\x00\x00\x00\x01\x00\x00\x89\x9f\
\x00\x00\x0d\x5c\x00\x00\x00\x00\x00\x01\x00\x00\x8a\xd9\
\x00\x00\x0d\x72\x00\x00\x00\x00\x00\x01\x00\x00\x8c\x0d\
\x00\x00\x0d\x88\x00\x00\x00\x00\x00\x01\x00\x00\x8d\x70\
\x00\x00\x0d\x9e\x00\x00\x00\x00\x00\x01\x00\x00\x8e\x6a\
\x00\x00\x0d\xb4\x00\x00\x00\x00\x00\x01\x00\x00\x8f\xa4\
\x00\x00\x0d\xde\x00\x00\x00\x00\x00\x01\x00\x00\x90\xee\
\x00\x00\x0d\xfa\x00\x00\x00\x00\x00\x01\x00\x00\x92\x8f\
\x00\x00\x0e\x1e\x00\x00\x00\x00\x00\x01\x00\x00\x93\xf2\
\x00\x00\x0e\x36\x00\x00\x00\x00\x00\x01\x00\x00\x94\xea\
\x00\x00\x0e\x5c\x00\x00\x00\x00\x00\x01\x00\x00\x96\x2b\
\x00\x00\x0e\x72\x00\x00\x00\x00\x00\x01\x00\x00\x97\xc4\
\x00\x00\x0e\x8c\x00\x00\x00\x00\x00\x01\x00\x00\x99\x03\
\x00\x00\x0e\xa4\x00\x00\x00\x00\x00\x01\x00\x00\x9a\x55\
\x00\x00\x0e\xca\x00\x00\x00\x00\x00\x01\x00\x00\x9b\x65\
\x00\x00\x0e\xe8\x00\x00\x00\x00\x00\x01\x00\x00\x9c\x96\
\x00\x00\x0f\x08\x00\x00\x00\x00\x00\x01\x00\x00\x9e\x2b\
\x00\x00\x0f\x2e\x00\x00\x00\x00\x00\x01\x00\x00\x9f\x80\
\x00\x00\x0f\x58\x00\x00\x00\x00\x00\x01\x00\x00\xa1\xb0\
\x00\x00\x0f\x84\x00\x00\x00\x00\x00\x01\x00\x00\xa2\xcb\
\x00\x00\x0f\x9e\x00\x00\x00\x00\x00\x01\x00\x00\xa3\xcd\
\x00\x00\x0f\xb8\x00\x00\x00\x00\x00\x01\x00\x00\xa4\xe3\
\x00\x00\x0f\xd4\x00\x00\x00\x00\x00\x01\x00\x00\xa6\xb0\
\x00\x00\x10\x02\x00\x00\x00\x00\x00\x01\x00\x00\xa7\xb5\
\x00\x00\x10\x1a\x00\x00\x00\x00\x00\x01\x00\x00\xab\x52\
\x00\x00\x10\x38\x00\x00\x00\x00\x00\x01\x00\x00\xac\xb7\
\x00\x00\x10\x4a\x00\x00\x00\x00\x00\x01\x00\x00\xad\xd0\
\x00\x00\x10\x62\x00\x00\x00\x00\x00\x01\x00\x00\xaf\x0f\
\x00\x00\x10\x80\x00\x00\x00\x00\x00\x01\x00\x00\xb0\x50\
\x00\x00\x10\x96\x00\x00\x00\x00\x00\x01\x00\x00\xb1\x89\
\x00\x00\x10\xb8\x00\x00\x00\x00\x00\x01\x00\x00\xb2\xc1\
\x00\x00\x10\xd6\x00\x00\x00\x00\x00\x01\x00\x00\xb4\x00\
\x00\x00\x10\xf6\x00\x00\x00\x00\x00\x01\x00\x00\xb6\x25\
\x00\x00\x11\x18\x00\x00\x00\x00\x00\x01\x00\x00\xb7\x89\
\x00\x00\x11\x34\x00\x00\x00\x00\x00\x01\x00\x00\xb8\xb2\
\x00\x00\x11\x50\x00\x00\x00\x00\x00\x01\x00\x00\xb9\xcd\
\x00\x00\x11\x68\x00\x00\x00\x00\x00\x01\x00\x00\xba\xe6\
\x00\x00\x11\x80\x00\x00\x00\x00\x00\x01\x00\x00\xbc\x22\
\x00\x00\x11\x9a\x00\x00\x00\x00\x00\x01\x00\x00\xbd\x19\
\x00\x00\x11\xb6\x00\x00\x00\x00\x00\x01\x00\x00\xbe\x9c\
\x00\x00\x11\xd0\x00\x00\x00\x00\x00\x01\x00\x00\xbf\xa7\
\x00\x00\x11\xe8\x00\x00\x00\x00\x00\x01\x00\x00\xc0\xfa\
\x00\x00\x11\xfe\x00\x00\x00\x00\x00\x01\x00\x00\xc2\x4e\
\x00\x00\x12\x16\x00\x00\x00\x00\x00\x01\x00\x00\xc3\x88\
\x00\x00\x12\x2e\x00\x00\x00\x00\x00\x01\x00\x00\xc4\x98\
\x00\x00\x12\x50\x00\x00\x00\x00\x00\x01\x00\x00\xc5\xed\
\x00\x00\x12\x66\x00\x00\x00\x00\x00\x01\x00\x00\xc7\x4b\
\x00\x00\x12\x8e\x00\x00\x00\x00\x00\x01\x00\x00\xc8\x53\
\x00\x00\x12\xa4\x00\x00\x00\x00\x00\x01\x00\x00\xc9\xa8\
\x00\x00\x12\xc4\x00\x00\x00\x00\x00\x01\x00\x00\xcb\x08\
\x00\x00\x12\xe2\x00\x00\x00\x00\x00\x01\x00\x00\xcc\x99\
\x00\x00\x13\x02\x00\x00\x00\x00\x00\x01\x00\x00\xcd\xae\
\x00\x00\x13\x1e\x00\x00\x00\x00\x00\x01\x00\x00\xcf\x2b\
\x00\x00\x13\x34\x00\x00\x00\x00\x00\x01\x00\x00\xd0\x8e\
\x00\x00\x13\x56\x00\x00\x00\x00\x00\x01\x00\x00\xd1\x97\
\x00\x00\x13\x6e\x00\x00\x00\x00\x00\x01\x00\x00\xd2\xcb\
\x00\x00\x13\x8c\x00\x00\x00\x00\x00\x01\x00\x00\xd3\xf4\
\x00\x00\x13\xae\x00\x00\x00\x00\x00\x01\x00\x00\xd4\xd7\
\x00\x00\x13\xc4\x00\x00\x00\x00\x00\x01\x00\x00\xd5\xe8\
\x00\x00\x13\xd8\x00\x00\x00\x00\x00\x01\x00\x00\xd7\x88\
\x00\x00\x13\xf0\x00\x00\x00\x00\x00\x01\x00\x00\xd8\xf3\
\x00\x00\x14\x20\x00\x00\x00\x00\x00\x01\x00\x00\xda\x1c\
\x00\x00\x14\x40\x00\x00\x00\x00\x00\x01\x00\x00\xdb\x4d\
\x00\x00\x14\x5e\x00\x00\x00\x00\x00\x01\x00\x00\xdc\xca\
\x00\x00\x14\x72\x00\x00\x00\x00\x00\x01\x00\x00\xdd\xe8\
\x00\x00\x14\x96\x00\x00\x00\x00\x00\x01\x00\x00\xdf\x0a\
\x00\x00\x14\xb6\x00\x00\x00\x00\x00\x01\x00\x00\xe0\x7f\
\x00\x00\x14\xcc\x00\x00\x00\x00\x00\x01\x00\x00\xe1\x91\
\x00\x00\x14\xe6\x00\x00\x00\x00\x00\x01\x00\x00\xe3\x8e\
\x00\x00\x15\x04\x00\x00\x00\x00\x00\x01\x00\x00\xe4\x97\
\x00\x00\x15\x22\x00\x00\x00\x00\x00\x01\x00\x00\xe5\x68\
\x00\x00\x15\x44\x00\x00\x00\x00\x00\x01\x00\x00\xe6\xb9\
\x00\x00\x15\x5c\x00\x00\x00\x00\x00\x01\x00\x00\xe7\xd0\
\x00\x00\x15\x8a\x00\x00\x00\x00\x00\x01\x00\x00\xe8\xd8\
\x00\x00\x15\xa6\x00\x00\x00\x00\x00\x01\x00\x00\xea\x3d\
\x00\x00\x15\xc0\x00\x00\x00\x00\x00\x01\x00\x00\xeb\x1c\
\x00\x00\x15\xdc\x00\x00\x00\x00\x00\x01\x00\x00\xec\x92\
\x00\x00\x15\xfa\x00\x00\x00\x00\x00\x01\x00\x00\xee\x84\
\x00\x00\x16\x0e\x00\x00\x00\x00\x00\x01\x00\x00\xf0\xcb\
\x00\x00\x16\x22\x00\x00\x00\x00\x00\x01\x00\x00\xf2\x0a\
\x00\x00\x16\x38\x00\x00\x00\x00\x00\x01\x00\x00\xf3\x3b\
\x00\x00\x16\x54\x00\x00\x00\x00\x00\x01\x00\x00\xf5\x45\
\x00\x00\x16\x6e\x00\x00\x00\x00\x00\x01\x00\x00\xf6\x39\
\x00\x00\x16\x86\x00\x00\x00\x00\x00\x01\x00\x00\xf7\xd5\
\x00\x00\x16\x9a\x00\x00\x00\x00\x00\x01\x00\x00\xfa\x0f\
\x00\x00\x16\xb2\x00\x00\x00\x00\x00\x01\x00\x00\xfb\x2f\
\x00\x00\x16\xcc\x00\x00\x00\x00\x00\x01\x00\x00\xfc\x45\
\x00\x00\x16\xe6\x00\x00\x00\x00\x00\x01\x00\x00\xfd\x43\
\x00\x00\x17\x00\x00\x00\x00\x00\x00\x01\x00\x00\xff\x5e\
\x00\x00\x17\x22\x00\x00\x00\x00\x00\x01\x00\x01\x01\x79\
\x00\x00\x17\x42\x00\x00\x00\x00\x00\x01\x00\x01\x02\xd9\
\x00\x00\x17\x5a\x00\x00\x00\x00\x00\x01\x00\x01\x04\x36\
\x00\x00\x17\x70\x00\x00\x00\x00\x00\x01\x00\x01\x05\x7e\
\x00\x00\x17\x9a\x00\x00\x00\x00\x00\x01\x00\x01\x06\x85\
\x00\x00\x17\xb8\x00\x00\x00\x00\x00\x01\x00\x01\x07\x8e\
\x00\x00\x17\xde\x00\x00\x00\x00\x00\x01\x00\x01\x08\xb6\
\x00\x00\x17\xf8\x00\x00\x00\x00\x00\x01\x00\x01\x0a\x03\
\x00\x00\x18\x18\x00\x00\x00\x00\x00\x01\x00\x01\x0b\x30\
\x00\x00\x18\x34\x00\x00\x00\x00\x00\x01\x00\x01\x0c\x74\
\x00\x00\x18\x5c\x00\x00\x00\x00\x00\x01\x00\x01\x0d\x7d\
\x00\x00\x18\x74\x00\x00\x00\x00\x00\x01\x00\x01\x0e\x5f\
\x00\x00\x18\x8c\x00\x00\x00\x00\x00\x01\x00\x01\x0f\xc5\
\x00\x00\x18\xb0\x00\x00\x00\x00\x00\x01\x00\x01\x10\xcd\
\x00\x00\x18\xce\x00\x00\x00\x00\x00\x01\x00\x01\x12\x08\
\x00\x00\x18\xfe\x00\x00\x00\x00\x00\x01\x00\x01\x13\x32\
\x00\x00\x19\x1c\x00\x00\x00\x00\x00\x01\x00\x01\x14\x4e\
\x00\x00\x19\x48\x00\x00\x00\x00\x00\x01\x00\x01\x16\x7e\
\x00\x00\x19\x72\x00\x00\x00\x00\x00\x01\x00\x01\x17\x83\
\x00\x00\x19\x90\x00\x00\x00\x00\x00\x01\x00\x01\x18\x8f\
\x00\x00\x19\xae\x00\x00\x00\x00\x00\x01\x00\x01\x1c\x57\
\x00\x00\x19\xcc\x00\x00\x00\x00\x00\x01\x00\x01\x1d\x97\
\x00\x00\x19\xe8\x00\x00\x00\x00\x00\x01\x00\x01\x1f\x1f\
\x00\x00\x1a\x10\x00\x00\x00\x00\x00\x01\x00\x01\x20\x74\
\x00\x00\x1a\x2a\x00\x00\x00\x00\x00\x01\x00\x01\x21\x6a\
\x00\x00\x1a\x40\x00\x00\x00\x00\x00\x01\x00\x01\x22\x86\
\x00\x00\x1a\x5a\x00\x00\x00\x00\x00\x01\x00\x01\x23\x7a\
\x00\x00\x1a\x7a\x00\x00\x00\x00\x00\x01\x00\x01\x24\xcb\
\x00\x00\x1a\xa0\x00\x00\x00\x00\x00\x01\x00\x01\x26\x39\
\x00\x00\x1a\xb6\x00\x00\x00\x00\x00\x01\x00\x01\x27\x4b\
\x00\x00\x1a\xd2\x00\x00\x00\x00\x00\x01\x00\x01\x28\x69\
\x00\x00\x1a\xf0\x00\x00\x00\x00\x00\x01\x00\x01\x29\x5c\
\x00\x00\x1b\x14\x00\x00\x00\x00\x00\x01\x00\x01\x2a\x70\
\x00\x00\x1b\x2a\x00\x00\x00\x00\x00\x01\x00\x01\x2b\x9f\
\x00\x00\x1b\x46\x00\x00\x00\x00\x00\x01\x00\x01\x2d\xb0\
\x00\x00\x1b\x76\x00\x00\x00\x00\x00\x01\x00\x01\x2e\xb8\
\x00\x00\x1b\x94\x00\x00\x00\x00\x00\x01\x00\x01\x30\x08\
\x00\x00\x1b\xae\x00\x00\x00\x00\x00\x01\x00\x01\x31\x43\
\x00\x00\x1b\xc6\x00\x00\x00\x00\x00\x01\x00\x01\x32\x9f\
\x00\x00\x1b\xde\x00\x00\x00\x00\x00\x01\x00\x01\x33\xb1\
\x00\x00\x1b\xf8\x00\x00\x00\x00\x00\x01\x00\x01\x34\xe6\
\x00\x00\x1c\x16\x00\x00\x00\x00\x00\x01\x00\x01\x35\xe5\
\x00\x00\x1c\x30\x00\x00\x00\x00\x00\x01\x00\x01\x37\x2e\
\x00\x00\x1c\x4c\x00\x00\x00\x00\x00\x01\x00\x01\x38\x5a\
\x00\x00\x1c\x66\x00\x00\x00\x00\x00\x01\x00\x01\x39\xe0\
\x00\x00\x1c\x80\x00\x00\x00\x00\x00\x01\x00\x01\x3b\x5c\
\x00\x00\x1c\xa6\x00\x00\x00\x00\x00\x01\x00\x01\x3c\x8b\
\x00\x00\x1c\xc6\x00\x00\x00\x00\x00\x01\x00\x01\x3d\xd4\
\x00\x00\x1c\xe6\x00\x00\x00\x00\x00\x01\x00\x01\x3f\x37\
\x00\x00\x1c\xfa\x00\x00\x00\x00\x00\x01\x00\x01\x40\x4d\
\x00\x00\x1d\x1e\x00\x00\x00\x00\x00\x01\x00\x01\x42\x77\
\x00\x00\x1d\x46\x00\x00\x00\x00\x00\x01\x00\x01\x43\xe0\
\x00\x00\x1d\x6c\x00\x00\x00\x00\x00\x01\x00\x01\x45\x0b\
\x00\x00\x1d\x8c\x00\x00\x00\x00\x00\x01\x00\x01\x46\x3d\
\x00\x00\x1d\xb0\x00\x00\x00\x00\x00\x01\x00\x01\x47\x45\
\x00\x00\x1d\xd4\x00\x00\x00\x00\x00\x01\x00\x01\x48\x76\
\x00\x00\x1e\x02\x00\x00\x00\x00\x00\x01\x00\x01\x49\xe6\
\x00\x00\x1e\x1a\x00\x00\x00\x00\x00\x01\x00\x01\x4a\xf4\
\x00\x00\x1e\x34\x00\x00\x00\x00\x00\x01\x00\x01\x4c\x11\
\x00\x00\x1e\x60\x00\x00\x00\x00\x00\x01\x00\x01\x4d\x19\
\x00\x00\x1e\x7c\x00\x00\x00\x00\x00\x01\x00\x01\x4e\x90\
\x00\x00\x1e\xa2\x00\x00\x00\x00\x00\x01\x00\x01\x4f\xa7\
\x00\x00\x1e\xbc\x00\x00\x00\x00\x00\x01\x00\x01\x50\xe3\
\x00\x00\x1e\xdc\x00\x00\x00\x00\x00\x01\x00\x01\x52\x1f\
\x00\x00\x1f\x02\x00\x00\x00\x00\x00\x01\x00\x01\x53\x01\
\x00\x00\x1f\x1e\x00\x00\x00\x00\x00\x01\x00\x01\x54\x48\
\x00\x00\x1f\x40\x00\x00\x00\x00\x00\x01\x00\x01\x55\x9d\
\x00\x00\x1f\x58\x00\x00\x00\x00\x00\x01\x00\x01\x57\x8e\
\x00\x00\x1f\x82\x00\x00\x00\x00\x00\x01\x00\x01\x58\x95\
\x00\x00\x1f\xb4\x00\x00\x00\x00\x00\x01\x00\x01\x59\xbf\
\x00\x00\x1f\xdc\x00\x00\x00\x00\x00\x01\x00\x01\x5b\x28\
\x00\x00\x20\x04\x00\x00\x00\x00\x00\x01\x00\x01\x5c\x0a\
\x00\x00\x20\x2a\x00\x00\x00\x00\x00\x01\x00\x01\x5c\xf7\
\x00\x00\x20\x46\x00\x00\x00\x00\x00\x01\x00\x01\x5e\x3b\
\x00\x00\x20\x62\x00\x00\x00\x00\x00\x01\x00\x01\x5f\x54\
\x00\x00\x20\x86\x00\x00\x00\x00\x00\x01\x00\x01\x60\xa4\
\x00\x00\x20\xac\x00\x00\x00\x00\x00\x01\x00\x01\x61\xaf\
\x00\x00\x20\xd4\x00\x00\x00\x00\x00\x01\x00\x01\x62\xb5\
\x00\x00\x20\xfc\x00\x00\x00\x00\x00\x01\x00\x01\x64\x96\
\x00\x00\x21\x26\x00\x00\x00\x00\x00\x01\x00\x01\x65\x9e\
\x00\x00\x21\x52\x00\x00\x00\x00\x00\x01\x00\x01\x66\xa5\
\x00\x00\x21\x76\x00\x00\x00\x00\x00\x01\x00\x01\x67\xaf\
\x00\x00\x21\x92\x00\x00\x00\x00\x00\x01\x00\x01\x68\xc7\
\x00\x00\x21\xac\x00\x00\x00\x00\x00\x01\x00\x01\x69\xf1\
\x00\x00\x21\xd4\x00\x00\x00\x00\x00\x01\x00\x01\x6b\x3d\
\x00\x00\x21\xf2\x00\x00\x00\x00\x00\x01\x00\x01\x6c\x65\
\x00\x00\x22\x10\x00\x00\x00\x00\x00\x01\x00\x01\x6d\x8d\
\x00\x00\x22\x38\x00\x00\x00\x00\x00\x01\x00\x01\x6e\xde\
\x00\x00\x22\x52\x00\x00\x00\x00\x00\x01\x00\x01\x70\x00\
\x00\x00\x22\x6c\x00\x00\x00\x00\x00\x01\x00\x01\x71\xee\
\x00\x00\x22\x82\x00\x00\x00\x00\x00\x01\x00\x01\x73\x4e\
\x00\x00\x22\x98\x00\x00\x00\x00\x00\x01\x00\x01\x74\xf4\
"

qt_resource_struct_v2 = b"\
\x00\x00\x00\x00\x00\x02\x00\x00\x00\x01\x00\x00\x00\x01\
\x00\x00\x00\x00\x00\x00\x00\x00\
\x00\x00\x00\x00\x00\x02\x00\x00\x00\x01\x00\x00\x00\x02\
\x00\x00\x00\x00\x00\x00\x00\x00\
\x00\x00\x00\x14\x00\x02\x00\x00\x01\x22\x00\x00\x00\x03\
\x00\x00\x00\x00\x00\x00\x00\x00\
\x00\x00\x00\x28\x00\x00\x00\x00\x00\x01\x00\x00\x00\x00\
\x00\x00\x01\xa0\xa3\xc1\xce\x44\
\x00\x00\x00\x4c\x00\x00\x00\x00\x00\x01\x00\x00\x01\x15\
\x00\x00\x01\xa0\xa3\xc1\xcd\x9a\
\x00\x00\x00\x68\x00\x00\x00\x00\x00\x01\x00\x00\x02\x4c\
\x00\x00\x01\xa0\xa3\xc1\xcd\xdd\
\x00\x00\x00\x7e\x00\x00\x00\x00\x00\x01\x00\x00\x03\x74\
\x00\x00\x01\xa0\xa3\xc1\xce\x30\
\x00\x00\x00\x96\x00\x00\x00\x00\x00\x01\x00\x00\x04\xc4\
\x00\x00\x01\xa0\xa3\xc1\xcd\xec\
\x00\x00\x00\xac\x00\x00\x00\x00\x00\x01\x00\x00\x06\xc5\
\x00\x00\x01\xa0\xa3\xc1\xcd\xf9\
\x00\x00\x00\xd0\x00\x00\x00\x00\x00\x01\x00\x00\x07\xfe\
\x00\x00\x01\xa0\xa3\xc1\xce\x51\
\x00\x00\x00\xe6\x00\x00\x00\x00\x00\x01\x00\x00\x09\x25\
\x00\x00\x01\xa0\xa3\xc1\xce\x25\
\x00\x00\x01\x00\x00\x00\x00\x00\x00\x01\x00\x00\x0a\x37\
\x00\x00\x01\xa0\xa3\xc1\xcd\xfe\
\x00\x00\x01\x16\x00\x00\x00\x00\x00\x01\x00\x00\x0b\x85\
\x00\x00\x01\xa0\xa3\xc1\xce\x1f\
\x00\x00\x01\x3a\x00\x00\x00\x00\x00\x01\x00\x00\x0c\xc8\
\x00\x00\x01\xa0\xa3\xc1\xce\x0e\
\x00\x00\x01\x60\x00\x00\x00\x00\x00\x01\x00\x00\x0d\xe5\
\x00\x00\x01\xa0\xa3\xc1\xcd\xfe\
\x00\x00\x01\x8a\x00\x00\x00\x00\x00\x01\x00\x00\x0f\x68\
\x00\x00\x01\xa0\xa3\xc1\xcd\xed\
\x00\x00\x01\xb0\x00\x00\x00\x00\x00\x01\x00\x00\x10\xa4\
\x00\x00\x01\xa0\xa3\xc1\xce\x30\
\x00\x00\x01\xcc\x00\x00\x00\x00\x00\x01\x00\x00\x12\xa1\
\x00\x00\x01\xa0\xa3\xc1\xce\x44\
\x00\x00\x01\xe2\x00\x00\x00\x00\x00\x01\x00\x00\x13\xd2\
\x00\x00\x01\xa0\xa3\xc1\xce\x51\
\x00\x00\x01\xf2\x00\x00\x00\x00\x00\x01\x00\x00\x14\xdb\
\x00\x00\x01\xa0\xa3\xc1\xce\x60\
\x00\x00\x02\x06\x00\x00\x00\x00\x00\x01\x00\x00\x15\xd4\
\x00\x00\x01\xa0\xa3\xc1\xcd\xdd\
\x00\x00\x02\x1c\x00\x00\x00\x00\x00\x01\x00\x00\x16\xd2\
\x00\x00\x01\xa0\xa3\xd7\x48\x6e\
\x00\x00\x02\x44\x00\x00\x00\x00\x00\x01\x00\x00\x18\x71\
\x00\x00\x01\xa0\xa3\xc1\xcd\xfe\
\x00\x00\x02\x5a\x00\x00\x00\x00\x00\x01\x00\x00\x1a\x16\
\x00\x00\x01\xa0\xa3\xc1\xce\x1e\
\x00\x00\x02\x80\x00\x00\x00\x00\x00\x01\x00\x00\x1c\x48\
\x00\x00\x01\xa0\xa3\xc1\xcd\xc1\
\x00\x00\x02\xa6\x00\x00\x00\x00\x00\x01\x00\x00\x1d\x2b\
\x00\x00\x01\xa0\xa3\xc1\xce\x30\
\x00\x00\x02\xc2\x00\x00\x00\x00\x00\x01\x00\x00\x1e\x69\
\x00\x00\x01\xa0\xa3\xc1\xce\x0e\
\x00\x00\x02\xea\x00\x00\x00\x00\x00\x01\x00\x00\x1f\x84\
\x00\x00\x01\xa0\xa3\xc1\xce\x44\
\x00\x00\x03\x0a\x00\x00\x00\x00\x00\x01\x00\x00\x20\xc2\
\x00\x00\x01\xa0\xa3\xc1\xcd\xcb\
\x00\x00\x03\x2c\x00\x00\x00\x00\x00\x01\x00\x00\x22\x30\
\x00\x00\x01\xa0\xa3\xc1\xcd\x9a\
\x00\x00\x03\x56\x00\x00\x00\x00\x00\x01\x00\x00\x23\xa3\
\x00\x00\x01\xa0\xa3\xc1\xce\x2c\
\x00\x00\x03\x76\x00\x00\x00\x00\x00\x01\x00\x00\x24\xb6\
\x00\x00\x01\xa0\xa3\xc1\xcd\x9a\
\x00\x00\x03\x94\x00\x00\x00\x00\x00\x01\x00\x00\x26\xa5\
\x00\x00\x01\xa0\xa3\xc1\xcd\xfe\
\x00\x00\x03\xb4\x00\x00\x00\x00\x00\x01\x00\x00\x28\x98\
\x00\x00\x01\xa0\xa3\xc1\xce\x44\
\x00\x00\x03\xda\x00\x00\x00\x00\x00\x01\x00\x00\x29\xae\
\x00\x00\x01\xa0\xa3\xc1\xcd\xcb\
\x00\x00\x03\xfa\x00\x00\x00\x00\x00\x01\x00\x00\x2a\xf7\
\x00\x00\x01\xa0\xa3\xc1\xce\x25\
\x00\x00\x04\x14\x00\x00\x00\x00\x00\x01\x00\x00\x2c\x32\
\x00\x00\x01\xa0\xa3\xc1\xcd\xed\
\x00\x00\x04\x36\x00\x00\x00\x00\x00\x01\x00\x00\x2d\xdf\
\x00\x00\x01\xa0\xa3\xc1\xcd\xfe\
\x00\x00\x04\x4a\x00\x00\x00\x00\x00\x01\x00\x00\x2f\x21\
\x00\x00\x01\xa0\xa3\xc1\xcd\xad\
\x00\x00\x04\x78\x00\x00\x00\x00\x00\x01\x00\x00\x30\x29\
\x00\x00\x01\xa0\xa3\xc1\xce\x0e\
\x00\x00\x04\x9a\x00\x00\x00\x00\x00\x01\x00\x00\x31\x16\
\x00\x00\x01\xa0\xa3\xc1\xcd\xdd\
\x00\x00\x04\xb6\x00\x00\x00\x00\x00\x01\x00\x00\x32\x06\
\x00\x00\x01\xa0\xa3\xc1\xcd\x9a\
\x00\x00\x04\xda\x00\x00\x00\x00\x00\x01\x00\x00\x33\x5b\
\x00\x00\x01\xa0\xa3\xc1\xcd\xf9\
\x00\x00\x04\xfc\x00\x00\x00\x00\x00\x01\x00\x00\x34\xbb\
\x00\x00\x01\xa0\xa3\xc1\xcd\x9a\
\x00\x00\x05\x18\x00\x00\x00\x00\x00\x01\x00\x00\x35\xfa\
\x00\x00\x01\xa0\xa3\xc1\xcd\xed\
\x00\x00\x05\x32\x00\x00\x00\x00\x00\x01\x00\x00\x37\xc3\
\x00\x00\x01\xa0\xa3\xc1\xcd\xed\
\x00\x00\x05\x48\x00\x00\x00\x00\x00\x01\x00\x00\x38\xec\
\x00\x00\x01\xa0\xa3\xc1\xce\x1f\
\x00\x00\x05\x5e\x00\x00\x00\x00\x00\x01\x00\x00\x39\xd1\
\x00\x00\x01\xa0\xa3\xc1\xce\x25\
\x00\x00\x05\x82\x00\x00\x00\x00\x00\x01\x00\x00\x3b\x27\
\x00\x00\x01\xa0\xa3\xc1\xce\x44\
\x00\x00\x05\xaa\x00\x00\x00\x00\x00\x01\x00\x00\x3c\x3c\
\x00\x00\x01\xa0\xa3\xc1\xce\x41\
\x00\x00\x05\xc4\x00\x00\x00\x00\x00\x01\x00\x00\x3d\x5d\
\x00\x00\x01\xa0\xa3\xc1\xce\x1f\
\x00\x00\x05\xe8\x00\x00\x00\x00\x00\x01\x00\x00\x3e\x88\
\x00\x00\x01\xa0\xa3\xc1\xcd\xfe\
\x00\x00\x06\x02\x00\x00\x00\x00\x00\x01\x00\x00\x3f\xb7\
\x00\x00\x01\xa0\xa3\xc1\xce\x0e\
\x00\x00\x06\x28\x00\x00\x00\x00\x00\x01\x00\x00\x40\xbc\
\x00\x00\x01\xa0\xa3\xc1\xce\x60\
\x00\x00\x06\x44\x00\x00\x00\x00\x00\x01\x00\x00\x42\x13\
\x00\x00\x01\xa0\xa3\xc1\xce\x44\
\x00\x00\x06\x5e\x00\x00\x00\x00\x00\x01\x00\x00\x43\x5b\
\x00\x00\x01\xa0\xa3\xc1\xcd\xfe\
\x00\x00\x06\x72\x00\x00\x00\x00\x00\x01\x00\x00\x44\xa3\
\x00\x00\x01\xa0\xa3\xc1\xcd\xfe\
\x00\x00\x06\x86\x00\x00\x00\x00\x00\x01\x00\x00\x45\xf6\
\x00\x00\x01\xa0\xa3\xc1\xcd\xcb\
\x00\x00\x06\xa8\x00\x00\x00\x00\x00\x01\x00\x00\x47\xe9\
\x00\x00\x01\xa0\xa3\xc1\xce\x1f\
\x00\x00\x06\xbe\x00\x00\x00\x00\x00\x01\x00\x00\x48\xf4\
\x00\x00\x01\xa0\xa3\xc1\xcd\xed\
\x00\x00\x06\xd8\x00\x00\x00\x00\x00\x01\x00\x00\x49\xe9\
\x00\x00\x01\xa0\xa3\xc1\xce\x30\
\x00\x00\x06\xf8\x00\x00\x00\x00\x00\x01\x00\x00\x4a\xf5\
\x00\x00\x01\xa0\xa3\xc1\xcd\xed\
\x00\x00\x07\x26\x00\x00\x00\x00\x00\x01\x00\x00\x4c\x37\
\x00\x00\x01\xa0\xa3\xc1\xce\x41\
\x00\x00\x07\x4a\x00\x00\x00\x00\x00\x01\x00\x00\x4d\x3a\
\x00\x00\x01\xa0\xa3\xc1\xce\x0e\
\x00\x00\x07\x5e\x00\x00\x00\x00\x00\x01\x00\x00\x4e\xac\
\x00\x00\x01\xa0\xa3\xc1\xcd\xfe\
\x00\x00\x07\x78\x00\x00\x00\x00\x00\x01\x00\x00\x4f\xeb\
\x00\x00\x01\xa0\xa3\xc1\xce\x25\
\x00\x00\x07\x9a\x00\x00\x00\x00\x00\x01\x00\x00\x51\x42\
\x00\x00\x01\xa0\xa3\xc1\xcd\xad\
\x00\x00\x07\xc6\x00\x00\x00\x00\x00\x01\x00\x00\x52\x6b\
\x00\x00\x01\xa0\xa3\xc1\xcd\xdd\
\x00\x00\x07\xe4\x00\x00\x00\x00\x00\x01\x00\x00\x53\xe8\
\x00\x00\x01\xa0\xa3\xc1\xcd\xcb\
\x00\x00\x08\x10\x00\x00\x00\x00\x00\x01\x00\x00\x54\xed\
\x00\x00\x01\xa0\xa3\xc1\xcd\xed\
\x00\x00\x08\x32\x00\x00\x00\x00\x00\x01\x00\x00\x56\x2b\
\x00\x00\x01\xa0\xa3\xc1\xcd\xcb\
\x00\x00\x08\x4e\x00\x00\x00\x00\x00\x01\x00\x00\x57\x4f\
\x00\x00\x01\xa0\xa3\xc1\xcd\xbb\
\x00\x00\x08\x6e\x00\x00\x00\x00\x00\x01\x00\x00\x58\x78\
\x00\x00\x01\xa0\xa3\xc1\xcd\xfe\
\x00\x00\x08\x8c\x00\x00\x00\x00\x00\x01\x00\x00\x59\xd7\
\x00\x00\x01\xa0\xa3\xc1\xce\x51\
\x00\x00\x08\xa8\x00\x00\x00\x00\x00\x01\x00\x00\x5b\x48\
\x00\x00\x01\xa0\xa3\xc1\xcd\xfe\
\x00\x00\x08\xbe\x00\x00\x00\x00\x00\x01\x00\x00\x5c\x76\
\x00\x00\x01\xa0\xa3\xc1\xcd\xed\
\x00\x00\x08\xde\x00\x00\x00\x00\x00\x01\x00\x00\x5d\x92\
\x00\x00\x01\xa0\xa3\xc1\xcd\xba\
\x00\x00\x08\xfe\x00\x00\x00\x00\x00\x01\x00\x00\x5e\x94\
\x00\x00\x01\xa0\xa3\xc1\xcd\xed\
\x00\x00\x09\x20\x00\x00\x00\x00\x00\x01\x00\x00\x5f\xc7\
\x00\x00\x01\xa0\xa3\xc1\xce\x30\
\x00\x00\x09\x48\x00\x00\x00\x00\x00\x01\x00\x00\x61\x0e\
\x00\x00\x01\xa0\xa3\xc1\xce\x25\
\x00\x00\x09\x6a\x00\x00\x00\x00\x00\x01\x00\x00\x62\x1c\
\x00\x00\x01\xa0\xa3\xc1\xcd\xcb\
\x00\x00\x09\x9a\x00\x00\x00\x00\x00\x01\x00\x00\x63\x24\
\x00\x00\x01\xa0\xa3\xc1\xcd\xdd\
\x00\x00\x09\xb6\x00\x00\x00\x00\x00\x01\x00\x00\x64\xc8\
\x00\x00\x01\xa0\xa3\xc1\xcd\xdb\
\x00\x00\x09\xd6\x00\x00\x00\x00\x00\x01\x00\x00\x66\x3f\
\x00\x00\x01\xa0\xa3\xc1\xce\x1f\
\x00\x00\x0a\x00\x00\x00\x00\x00\x00\x01\x00\x00\x68\x6f\
\x00\x00\x01\xa0\xa3\xc1\xce\x0d\
\x00\x00\x0a\x1c\x00\x00\x00\x00\x00\x01\x00\x00\x6a\x23\
\x00\x00\x01\xa0\xa3\xc1\xce\x51\
\x00\x00\x0a\x36\x00\x00\x00\x00\x00\x01\x00\x00\x6b\x82\
\x00\x00\x01\xa0\xa3\xc1\xce\x30\
\x00\x00\x0a\x58\x00\x00\x00\x00\x00\x01\x00\x00\x6c\xa3\
\x00\x00\x01\xa0\xa3\xc1\xce\x44\
\x00\x00\x0a\x76\x00\x00\x00\x00\x00\x01\x00\x00\x6d\xc6\
\x00\x00\x01\xa0\xa3\xc1\xce\x1f\
\x00\x00\x0a\x96\x00\x00\x00\x00\x00\x01\x00\x00\x6e\xd7\
\x00\x00\x01\xa0\xa3\xc1\xcd\xcb\
\x00\x00\x0a\xc2\x00\x00\x00\x00\x00\x01\x00\x00\x6f\xfc\
\x00\x00\x01\xa0\xa3\xc1\xce\x51\
\x00\x00\x0a\xdc\x00\x00\x00\x00\x00\x01\x00\x00\x71\x38\
\x00\x00\x01\xa0\xa3\xc1\xcd\xed\
\x00\x00\x0a\xf4\x00\x00\x00\x00\x00\x01\x00\x00\x72\xa3\
\x00\x00\x01\xa0\xa3\xc1\xce\x44\
\x00\x00\x0b\x0e\x00\x00\x00\x00\x00\x01\x00\x00\x73\xbe\
\x00\x00\x01\xa0\xa3\xc1\xcd\xdd\
\x00\x00\x0b\x30\x00\x00\x00\x00\x00\x01\x00\x00\x75\x0c\
\x00\x00\x01\xa0\xa3\xc1\xcd\xfe\
\x00\x00\x0b\x46\x00\x00\x00\x00\x00\x01\x00\x00\x76\x28\
\x00\x00\x01\xa0\xa3\xc1\xcd\xcb\
\x00\x00\x0b\x5e\x00\x00\x00\x00\x00\x01\x00\x00\x77\x2c\
\x00\x00\x01\xa0\xa3\xc1\xcd\xbb\
\x00\x00\x0b\x7c\x00\x00\x00\x00\x00\x01\x00\x00\x78\x28\
\x00\x00\x01\xa0\xa3\xc1\xcd\xcb\
\x00\x00\x0b\x92\x00\x00\x00\x00\x00\x01\x00\x00\x79\x2e\
\x00\x00\x01\xa0\xa3\xc1\xcd\xc1\
\x00\x00\x0b\xb4\x00\x00\x00\x00\x00\x01\x00\x00\x7a\x84\
\x00\x00\x01\xa0\xa3\xc1\xce\x0e\
\x00\x00\x0b\xcc\x00\x00\x00\x00\x00\x01\x00\x00\x7b\x69\
\x00\x00\x01\xa0\xa3\xc1\xcd\xdd\
\x00\x00\x0b\xea\x00\x00\x00\x00\x00\x01\x00\x00\x7c\xab\
\x00\x00\x01\xa0\xa3\xc1\xcd\xc1\
\x00\x00\x0c\x12\x00\x00\x00\x00\x00\x01\x00\x00\x7d\xb2\
\x00\x00\x01\xa0\xa3\xc1\xcd\xcb\
\x00\x00\x0c\x3c\x00\x00\x00\x00\x00\x01\x00\x00\x7e\xb7\
\x00\x00\x01\xa0\xa3\xc1\xcd\xad\
\x00\x00\x0c\x5e\x00\x00\x00\x00\x00\x01\x00\x00\x7f\xc1\
\x00\x00\x01\xa0\xa7\xd0\x76\xcf\
\x00\x00\x0c\x80\x00\x00\x00\x00\x00\x01\x00\x00\x80\x93\
\x00\x00\x01\xa0\xa3\xc1\xcd\xfe\
\x00\x00\x0c\x9c\x00\x00\x00\x00\x00\x01\x00\x00\x81\xd0\
\x00\x00\x01\xa0\xa3\xc1\xcd\xfe\
\x00\x00\x0c\xb8\x00\x00\x00\x00\x00\x01\x00\x00\x82\xe8\
\x00\x00\x01\xa0\xa3\xc1\xcd\xbb\
\x00\x00\x0c\xce\x00\x00\x00\x00\x00\x01\x00\x00\x84\x0a\
\x00\x00\x01\xa0\xa3\xc1\xcd\xf9\
\x00\x00\x0c\xe4\x00\x00\x00\x00\x00\x01\x00\x00\x85\x2d\
\x00\x00\x01\xa0\xa3\xc1\xcd\xc1\
\x00\x00\x0c\xfe\x00\x00\x00\x00\x00\x01\x00\x00\x86\xb0\
\x00\x00\x01\xa0\xa3\xc1\xce\x30\
\x00\x00\x0d\x22\x00\x00\x00\x00\x00\x01\x00\x00\x87\xb7\
\x00\x00\x01\xa0\xa3\xc1\xce\x1f\
\x00\x00\x0d\x3a\x00\x00\x00\x00\x00\x01\x00\x00\x89\x9f\
\x00\x00\x01\xa0\xa3\xc1\xce\x51\
\x00\x00\x0d\x5c\x00\x00\x00\x00\x00\x01\x00\x00\x8a\xd9\
\x00\x00\x01\xa0\xa3\xc1\xcd\xbb\
\x00\x00\x0d\x72\x00\x00\x00\x00\x00\x01\x00\x00\x8c\x0d\
\x00\x00\x01\xa0\xa3\xc1\xce\x44\
\x00\x00\x0d\x88\x00\x00\x00\x00\x00\x01\x00\x00\x8d\x70\
\x00\x00\x01\xa0\xa3\xc1\xce\x0e\
\x00\x00\x0d\x9e\x00\x00\x00\x00\x00\x01\x00\x00\x8e\x6a\
\x00\x00\x01\xa0\xa3\xc1\xcd\xcb\
\x00\x00\x0d\xb4\x00\x00\x00\x00\x00\x01\x00\x00\x8f\xa4\
\x00\x00\x01\xa0\xa3\xc1\xcd\xdd\
\x00\x00\x0d\xde\x00\x00\x00\x00\x00\x01\x00\x00\x90\xee\
\x00\x00\x01\xa0\xa3\xc1\xcd\xcb\
\x00\x00\x0d\xfa\x00\x00\x00\x00\x00\x01\x00\x00\x92\x8f\
\x00\x00\x01\xa0\xa3\xc1\xcd\xed\
\x00\x00\x0e\x1e\x00\x00\x00\x00\x00\x01\x00\x00\x93\xf2\
\x00\x00\x01\xa0\xa3\xc1\xcd\xcb\
\x00\x00\x0e\x36\x00\x00\x00\x00\x00\x01\x00\x00\x94\xea\
\x00\x00\x01\xa0\xa3\xc1\xce\x30\
\x00\x00\x0e\x5c\x00\x00\x00\x00\x00\x01\x00\x00\x96\x2b\
\x00\x00\x01\xa0\xa3\xc1\xce\x0e\
\x00\x00\x0e\x72\x00\x00\x00\x00\x00\x01\x00\x00\x97\xc4\
\x00\x00\x01\xa0\xa3\xc1\xcd\xfe\
\x00\x00\x0e\x8c\x00\x00\x00\x00\x00\x01\x00\x00\x99\x03\
\x00\x00\x01\xa0\xa3\xc1\xcd\xed\
\x00\x00\x0e\xa4\x00\x00\x00\x00\x00\x01\x00\x00\x9a\x55\
\x00\x00\x01\xa0\xa3\xc1\xcd\xdd\
\x00\x00\x0e\xca\x00\x00\x00\x00\x00\x01\x00\x00\x9b\x65\
\x00\x00\x01\xa0\xa3\xc1\xce\x62\
\x00\x00\x0e\xe8\x00\x00\x00\x00\x00\x01\x00\x00\x9c\x96\
\x00\x00\x01\xa0\xa3\xc1\xcd\xdd\
\x00\x00\x0f\x08\x00\x00\x00\x00\x00\x01\x00\x00\x9e\x2b\
\x00\x00\x01\xa0\xa3\xc1\xcd\x9a\
\x00\x00\x0f\x2e\x00\x00\x00\x00\x00\x01\x00\x00\x9f\x80\
\x00\x00\x01\xa0\xa3\xc1\xce\x1e\
\x00\x00\x0f\x58\x00\x00\x00\x00\x00\x01\x00\x00\xa1\xb0\
\x00\x00\x01\xa0\xa3\xc1\xce\x0e\
\x00\x00\x0f\x84\x00\x00\x00\x00\x00\x01\x00\x00\xa2\xcb\
\x00\x00\x01\xa0\xa3\xc1\xcd\xdd\
\x00\x00\x0f\x9e\x00\x00\x00\x00\x00\x01\x00\x00\xa3\xcd\
\x00\x00\x01\xa0\xa3\xc1\xcd\xdd\
\x00\x00\x0f\xb8\x00\x00\x00\x00\x00\x01\x00\x00\xa4\xe3\
\x00\x00\x01\xa0\xa3\xc1\xce\x0e\
\x00\x00\x0f\xd4\x00\x00\x00\x00\x00\x01\x00\x00\xa6\xb0\
\x00\x00\x01\xa0\xa3\xc1\xcd\xcb\
\x00\x00\x10\x02\x00\x00\x00\x00\x00\x01\x00\x00\xa7\xb5\
\x00\x00\x01\xa0\xa3\xc1\xce\x30\
\x00\x00\x10\x1a\x00\x00\x00\x00\x00\x01\x00\x00\xab\x52\
\x00\x00\x01\xa0\xa3\xc1\xcd\xbb\
\x00\x00\x10\x38\x00\x00\x00\x00\x00\x01\x00\x00\xac\xb7\
\x00\x00\x01\xa0\xa3\xc1\xce\x44\
\x00\x00\x10\x4a\x00\x00\x00\x00\x00\x01\x00\x00\xad\xd0\
\x00\x00\x01\xa0\xa3\xc1\xcd\xfd\
\x00\x00\x10\x62\x00\x00\x00\x00\x00\x01\x00\x00\xaf\x0f\
\x00\x00\x01\xa0\xa3\xc1\xce\x51\
\x00\x00\x10\x80\x00\x00\x00\x00\x00\x01\x00\x00\xb0\x50\
\x00\x00\x01\xa0\xa3\xc1\xcd\xfe\
\x00\x00\x10\x96\x00\x00\x00\x00\x00\x01\x00\x00\xb1\x89\
\x00\x00\x01\xa0\xa3\xc1\xce\x51\
\x00\x00\x10\xb8\x00\x00\x00\x00\x00\x01\x00\x00\xb2\xc1\
\x00\x00\x01\xa0\xa3\xc1\xcd\xdd\
\x00\x00\x10\xd6\x00\x00\x00\x00\x00\x01\x00\x00\xb4\x00\
\x00\x00\x01\xa0\xa3\xc1\xce\x1f\
\x00\x00\x10\xf6\x00\x00\x00\x00\x00\x01\x00\x00\xb6\x25\
\x00\x00\x01\xa0\xa3\xc1\xce\x30\
\x00\x00\x11\x18\x00\x00\x00\x00\x00\x01\x00\x00\xb7\x89\
\x00\x00\x01\xa0\xa3\xc1\xcd\xcb\
\x00\x00\x11\x34\x00\x00\x00\x00\x00\x01\x00\x00\xb8\xb2\
\x00\x00\x01\xa0\xa3\xc1\xce\x30\
\x00\x00\x11\x50\x00\x00\x00\x00\x00\x01\x00\x00\xb9\xcd\
\x00\x00\x01\xa0\xa3\xc1\xcd\xad\
\x00\x00\x11\x68\x00\x00\x00\x00\x00\x01\x00\x00\xba\xe6\
\x00\x00\x01\xa0\xa3\xc1\xce\x30\
\x00\x00\x11\x80\x00\x00\x00\x00\x00\x01\x00\x00\xbc\x22\
\x00\x00\x01\xa0\xa3\xc1\xce\x30\
\x00\x00\x11\x9a\x00\x00\x00\x00\x00\x01\x00\x00\xbd\x19\
\x00\x00\x01\xa0\xa3\xc1\xcd\xcb\
\x00\x00\x11\xb6\x00\x00\x00\x00\x00\x01\x00\x00\xbe\x9c\
\x00\x00\x01\xa0\xa3\xc1\xce\x30\
\x00\x00\x11\xd0\x00\x00\x00\x00\x00\x01\x00\x00\xbf\xa7\
\x00\x00\x01\xa0\xa3\xc1\xcd\xf9\
\x00\x00\x11\xe8\x00\x00\x00\x00\x00\x01\x00\x00\xc0\xfa\
\x00\x00\x01\xa0\xa3\xc1\xcd\xf9\
\x00\x00\x11\xfe\x00\x00\x00\x00\x00\x01\x00\x00\xc2\x4e\
\x00\x00\x01\xa0\xa3\xc1\xce\x44\
\x00\x00\x12\x16\x00\x00\x00\x00\x00\x01\x00\x00\xc3\x88\
\x00\x00\x01\xa0\xa3\xc1\xce\x30\
\x00\x00\x12\x2e\x00\x00\x00\x00\x00\x01\x00\x00\xc4\x98\
\x00\x00\x01\xa0\xa3\xc1\xce\x0e\
\x00\x00\x12\x50\x00\x00\x00\x00\x00\x01\x00\x00\xc5\xed\
\x00\x00\x01\xa0\xa3\xc1\xcd\xc1\
\x00\x00\x12\x66\x00\x00\x00\x00\x00\x01\x00\x00\xc7\x4b\
\x00\x00\x01\xa0\xa3\xc1\xcd\xc1\
\x00\x00\x12\x8e\x00\x00\x00\x00\x00\x01\x00\x00\xc8\x53\
\x00\x00\x01\xa0\xa3\xc1\xce\x2c\
\x00\x00\x12\xa4\x00\x00\x00\x00\x00\x01\x00\x00\xc9\xa8\
\x00\x00\x01\xa0\xa3\xc1\xcd\xfe\
\x00\x00\x12\xc4\x00\x00\x00\x00\x00\x01\x00\x00\xcb\x08\
\x00\x00\x01\xa0\xa3\xc1\xcd\xad\
\x00\x00\x12\xe2\x00\x00\x00\x00\x00\x01\x00\x00\xcc\x99\
\x00\x00\x01\xa0\xa3\xc1\xce\x44\
\x00\x00\x13\x02\x00\x00\x00\x00\x00\x01\x00\x00\xcd\xae\
\x00\x00\x01\xa0\xa3\xc1\xce\x30\
\x00\x00\x13\x1e\x00\x00\x00\x00\x00\x01\x00\x00\xcf\x2b\
\x00\x00\x01\xa0\xa3\xc1\xcd\xed\
\x00\x00\x13\x34\x00\x00\x00\x00\x00\x01\x00\x00\xd0\x8e\
\x00\x00\x01\xa0\xa3\xc1\xcd\xad\
\x00\x00\x13\x56\x00\x00\x00\x00\x00\x01\x00\x00\xd1\x97\
\x00\x00\x01\xa0\xa3\xc1\xce\x40\
\x00\x00\x13\x6e\x00\x00\x00\x00\x00\x01\x00\x00\xd2\xcb\
\x00\x00\x01\xa0\xa3\xc1\xce\x51\
\x00\x00\x13\x8c\x00\x00\x00\x00\x00\x01\x00\x00\xd3\xf4\
\x00\x00\x01\xa0\xa3\xc1\xcd\xc1\
\x00\x00\x13\xae\x00\x00\x00\x00\x00\x01\x00\x00\xd4\xd7\
\x00\x00\x01\xa0\xa3\xc1\xcd\xdb\
\x00\x00\x13\xc4\x00\x00\x00\x00\x00\x01\x00\x00\xd5\xe8\
\x00\x00\x01\xa0\xa3\xc1\xcd\xbb\
\x00\x00\x13\xd8\x00\x00\x00\x00\x00\x01\x00\x00\xd7\x88\
\x00\x00\x01\xa0\xa3\xc1\xcd\xfd\
\x00\x00\x13\xf0\x00\x00\x00\x00\x00\x01\x00\x00\xd8\xf3\
\x00\x00\x01\xa0\xa3\xc1\xcd\xad\
\x00\x00\x14\x20\x00\x00\x00\x00\x00\x01\x00\x00\xda\x1c\
\x00\x00\x01\xa0\xa3\xc1\xcd\xad\
\x00\x00\x14\x40\x00\x00\x00\x00\x00\x01\x00\x00\xdb\x4d\
\x00\x00\x01\xa0\xa3\xc1\xce\x2f\
\x00\x00\x14\x5e\x00\x00\x00\x00\x00\x01\x00\x00\xdc\xca\
\x00\x00\x01\xa0\xa3\xc1\xce\x2c\
\x00\x00\x14\x72\x00\x00\x00\x00\x00\x01\x00\x00\xdd\xe8\
\x00\x00\x01\xa0\xa3\xc1\xcd\xdd\
\x00\x00\x14\x96\x00\x00\x00\x00\x00\x01\x00\x00\xdf\x0a\
\x00\x00\x01\xa0\xa3\xc1\xcd\xdd\
\x00\x00\x14\xb6\x00\x00\x00\x00\x00\x01\x00\x00\xe0\x7f\
\x00\x00\x01\xa0\xa3\xc1\xce\x51\
\x00\x00\x14\xcc\x00\x00\x00\x00\x00\x01\x00\x00\xe1\x91\
\x00\x00\x01\xa0\xa3\xc1\xce\x3f\
\x00\x00\x14\xe6\x00\x00\x00\x00\x00\x01\x00\x00\xe3\x8e\
\x00\x00\x01\xa0\xa3\xc1\xcd\xad\
\x00\x00\x15\x04\x00\x00\x00\x00\x00\x01\x00\x00\xe4\x97\
\x00\x00\x01\xa0\xa7\xd0\x76\xcf\
\x00\x00\x15\x22\x00\x00\x00\x00\x00\x01\x00\x00\xe5\x68\
\x00\x00\x01\xa0\xa3\xc1\xcd\xfe\
\x00\x00\x15\x44\x00\x00\x00\x00\x00\x01\x00\x00\xe6\xb9\
\x00\x00\x01\xa0\xa3\xc1\xce\x0e\
\x00\x00\x15\x5c\x00\x00\x00\x00\x00\x01\x00\x00\xe7\xd0\
\x00\x00\x01\xa0\xa3\xc1\xcd\xcb\
\x00\x00\x15\x8a\x00\x00\x00\x00\x00\x01\x00\x00\xe8\xd8\
\x00\x00\x01\xa0\xa3\xc1\xce\x25\
\x00\x00\x15\xa6\x00\x00\x00\x00\x00\x01\x00\x00\xea\x3d\
\x00\x00\x01\xa0\xa3\xc1\xcd\xc1\
\x00\x00\x15\xc0\x00\x00\x00\x00\x00\x01\x00\x00\xeb\x1c\
\x00\x00\x01\xa0\xa3\xc1\xce\x44\
\x00\x00\x15\xdc\x00\x00\x00\x00\x00\x01\x00\x00\xec\x92\
\x00\x00\x01\xa0\xa3\xc1\xce\x51\
\x00\x00\x15\xfa\x00\x00\x00\x00\x00\x01\x00\x00\xee\x84\
\x00\x00\x01\xa0\xa3\xc1\xcd\xcb\
\x00\x00\x16\x0e\x00\x00\x00\x00\x00\x01\x00\x00\xf0\xcb\
\x00\x00\x01\xa0\xa3\xc1\xce\x41\
\x00\x00\x16\x22\x00\x00\x00\x00\x00\x01\x00\x00\xf2\x0a\
\x00\x00\x01\xa0\xa3\xc1\xce\x30\
\x00\x00\x16\x38\x00\x00\x00\x00\x00\x01\x00\x00\xf3\x3b\
\x00\x00\x01\xa0\xa3\xc1\xce\x51\
\x00\x00\x16\x54\x00\x00\x00\x00\x00\x01\x00\x00\xf5\x45\
\x00\x00\x01\xa0\xa3\xc1\xce\x44\
\x00\x00\x16\x6e\x00\x00\x00\x00\x00\x01\x00\x00\xf6\x39\
\x00\x00\x01\xa0\xa3\xc1\xce\x51\
\x00\x00\x16\x86\x00\x00\x00\x00\x00\x01\x00\x00\xf7\xd5\
\x00\x00\x01\xa0\xa3\xc1\xce\x30\
\x00\x00\x16\x9a\x00\x00\x00\x00\x00\x01\x00\x00\xfa\x0f\
\x00\x00\x01\xa0\xa3\xc1\xce\x51\
\x00\x00\x16\xb2\x00\x00\x00\x00\x00\x01\x00\x00\xfb\x2f\
\x00\x00\x01\xa0\xa3\xc1\xcd\xed\
\x00\x00\x16\xcc\x00\x00\x00\x00\x00\x01\x00\x00\xfc\x45\
\x00\x00\x01\xa0\xa3\xc1\xcd\xed\
\x00\x00\x16\xe6\x00\x00\x00\x00\x00\x01\x00\x00\xfd\x43\
\x00\x00\x01\xa0\xa3\xc1\xcd\xfe\
\x00\x00\x17\x00\x00\x00\x00\x00\x00\x01\x00\x00\xff\x5e\
\x00\x00\x01\xa0\xa3\xc1\xce\x0e\
\x00\x00\x17\x22\x00\x00\x00\x00\x00\x01\x00\x01\x01\x79\
\x00\x00\x01\xa0\xa3\xc1\xce\x51\
\x00\x00\x17\x42\x00\x00\x00\x00\x00\x01\x00\x01\x02\xd9\
\x00\x00\x01\xa0\xa3\xc1\xce\x25\
\x00\x00\x17\x5a\x00\x00\x00\x00\x00\x01\x00\x01\x04\x36\
\x00\x00\x01\xa0\xa3\xc1\xcd\xdd\
\x00\x00\x17\x70\x00\x00\x00\x00\x00\x01\x00\x01\x05\x7e\
\x00\x00\x01\xa0\xa3\xc1\xcd\xc1\
\x00\x00\x17\x9a\x00\x00\x00\x00\x00\x01\x00\x01\x06\x85\
\x00\x00\x01\xa0\xa3\xc1\xce\x41\
\x00\x00\x17\xb8\x00\x00\x00\x00\x00\x01\x00\x01\x07\x8e\
\x00\x00\x01\xa0\xa3\xc1\xcd\xc1\
\x00\x00\x17\xde\x00\x00\x00\x00\x00\x01\x00\x01\x08\xb6\
\x00\x00\x01\xa0\xa3\xc1\xce\x25\
\x00\x00\x17\xf8\x00\x00\x00\x00\x00\x01\x00\x01\x0a\x03\
\x00\x00\x01\xa0\xa3\xc1\xcd\xbb\
\x00\x00\x18\x18\x00\x00\x00\x00\x00\x01\x00\x01\x0b\x30\
\x00\x00\x01\xa0\xa3\xc1\xce\x0e\
\x00\x00\x18\x34\x00\x00\x00\x00\x00\x01\x00\x01\x0c\x74\
\x00\x00\x01\xa0\xa3\xc1\xce\x0e\
\x00\x00\x18\x5c\x00\x00\x00\x00\x00\x01\x00\x01\x0d\x7d\
\x00\x00\x01\xa0\xa3\xc1\xcd\xc1\
\x00\x00\x18\x74\x00\x00\x00\x00\x00\x01\x00\x01\x0e\x5f\
\x00\x00\x01\xa0\xa3\xc1\xce\x44\
\x00\x00\x18\x8c\x00\x00\x00\x00\x00\x01\x00\x01\x0f\xc5\
\x00\x00\x01\xa0\xa3\xc1\xce\x1f\
\x00\x00\x18\xb0\x00\x00\x00\x00\x00\x01\x00\x01\x10\xcd\
\x00\x00\x01\xa0\xa3\xc1\xce\x51\
\x00\x00\x18\xce\x00\x00\x00\x00\x00\x01\x00\x01\x12\x08\
\x00\x00\x01\xa0\xa3\xc1\xcd\xab\
\x00\x00\x18\xfe\x00\x00\x00\x00\x00\x01\x00\x01\x13\x32\
\x00\x00\x01\xa0\xa3\xc1\xce\x51\
\x00\x00\x19\x1c\x00\x00\x00\x00\x00\x01\x00\x01\x14\x4e\
\x00\x00\x01\xa0\xa3\xc1\xce\x0e\
\x00\x00\x19\x48\x00\x00\x00\x00\x00\x01\x00\x01\x16\x7e\
\x00\x00\x01\xa0\xa3\xc1\xcd\xcb\
\x00\x00\x19\x72\x00\x00\x00\x00\x00\x01\x00\x01\x17\x83\
\x00\x00\x01\xa0\xa3\xc1\xcd\xdd\
\x00\x00\x19\x90\x00\x00\x00\x00\x00\x01\x00\x01\x18\x8f\
\x00\x00\x01\xa0\xa3\xc1\xce\x30\
\x00\x00\x19\xae\x00\x00\x00\x00\x00\x01\x00\x01\x1c\x57\
\x00\x00\x01\xa0\xa3\xc1\xce\x51\
\x00\x00\x19\xcc\x00\x00\x00\x00\x00\x01\x00\x01\x1d\x97\
\x00\x00\x01\xa0\xa3\xc1\xce\x44\
\x00\x00\x19\xe8\x00\x00\x00\x00\x00\x01\x00\x01\x1f\x1f\
\x00\x00\x01\xa0\xa3\xc1\xcd\x9a\
\x00\x00\x1a\x10\x00\x00\x00\x00\x00\x01\x00\x01\x20\x74\
\x00\x00\x01\xa0\xa3\xc1\xce\x30\
\x00\x00\x1a\x2a\x00\x00\x00\x00\x00\x01\x00\x01\x21\x6a\
\x00\x00\x01\xa0\xa3\xc1\xcd\xad\
\x00\x00\x1a\x40\x00\x00\x00\x00\x00\x01\x00\x01\x22\x86\
\x00\x00\x01\xa0\xa3\xc1\xce\x51\
\x00\x00\x1a\x5a\x00\x00\x00\x00\x00\x01\x00\x01\x23\x7a\
\x00\x00\x01\xa0\xa3\xc1\xce\x51\
\x00\x00\x1a\x7a\x00\x00\x00\x00\x00\x01\x00\x01\x24\xcb\
\x00\x00\x01\xa0\xa3\xc1\xce\x50\
\x00\x00\x1a\xa0\x00\x00\x00\x00\x00\x01\x00\x01\x26\x39\
\x00\x00\x01\xa0\xa3\xc1\xce\x30\
\x00\x00\x1a\xb6\x00\x00\x00\x00\x00\x01\x00\x01\x27\x4b\
\x00\x00\x01\xa0\xa3\xc1\xcd\xad\
\x00\x00\x1a\xd2\x00\x00\x00\x00\x00\x01\x00\x01\x28\x69\
\x00\x00\x01\xa0\xa3\xc1\xcd\x9a\
\x00\x00\x1a\xf0\x00\x00\x00\x00\x00\x01\x00\x01\x29\x5c\
\x00\x00\x01\xa0\xa3\xc1\xce\x44\
\x00\x00\x1b\x14\x00\x00\x00\x00\x00\x01\x00\x01\x2a\x70\
\x00\x00\x01\xa0\xa3\xc1\xcd\xfe\
\x00\x00\x1b\x2a\x00\x00\x00\x00\x00\x01\x00\x01\x2b\x9f\
\x00\x00\x01\xa0\xa3\xc1\xce\x30\
\x00\x00\x1b\x46\x00\x00\x00\x00\x00\x01\x00\x01\x2d\xb0\
\x00\x00\x01\xa0\xa3\xc1\xcd\xcb\
\x00\x00\x1b\x76\x00\x00\x00\x00\x00\x01\x00\x01\x2e\xb8\
\x00\x00\x01\xa0\xa3\xc1\xce\x0e\
\x00\x00\x1b\x94\x00\x00\x00\x00\x00\x01\x00\x01\x30\x08\
\x00\x00\x01\xa0\xa3\xc1\xcd\xc1\
\x00\x00\x1b\xae\x00\x00\x00\x00\x00\x01\x00\x01\x31\x43\
\x00\x00\x01\xa0\xa3\xc1\xce\x51\
\x00\x00\x1b\xc6\x00\x00\x00\x00\x00\x01\x00\x01\x32\x9f\
\x00\x00\x01\xa0\xa3\xc1\xce\x0e\
\x00\x00\x1b\xde\x00\x00\x00\x00\x00\x01\x00\x01\x33\xb1\
\x00\x00\x01\xa0\xa3\xc1\xcd\xfe\
\x00\x00\x1b\xf8\x00\x00\x00\x00\x00\x01\x00\x01\x34\xe6\
\x00\x00\x01\xa0\xa3\xc1\xce\x44\
\x00\x00\x1c\x16\x00\x00\x00\x00\x00\x01\x00\x01\x35\xe5\
\x00\x00\x01\xa0\xa3\xc1\xcd\xdd\
\x00\x00\x1c\x30\x00\x00\x00\x00\x00\x01\x00\x01\x37\x2e\
\x00\x00\x01\xa0\xa3\xc1\xce\x0e\
\x00\x00\x1c\x4c\x00\x00\x00\x00\x00\x01\x00\x01\x38\x5a\
\x00\x00\x01\xa0\xa3\xc1\xcd\xcb\
\x00\x00\x1c\x66\x00\x00\x00\x00\x00\x01\x00\x01\x39\xe0\
\x00\x00\x01\xa0\xa3\xc1\xce\x30\
\x00\x00\x1c\x80\x00\x00\x00\x00\x00\x01\x00\x01\x3b\x5c\
\x00\x00\x01\xa0\xa3\xc1\xcd\x9a\
\x00\x00\x1c\xa6\x00\x00\x00\x00\x00\x01\x00\x01\x3c\x8b\
\x00\x00\x01\xa0\xa3\xc1\xcd\xcb\
\x00\x00\x1c\xc6\x00\x00\x00\x00\x00\x01\x00\x01\x3d\xd4\
\x00\x00\x01\xa0\xa3\xc1\xce\x51\
\x00\x00\x1c\xe6\x00\x00\x00\x00\x00\x01\x00\x01\x3f\x37\
\x00\x00\x01\xa0\xa3\xc1\xcd\xdd\
\x00\x00\x1c\xfa\x00\x00\x00\x00\x00\x01\x00\x01\x40\x4d\
\x00\x00\x01\xa0\xa3\xc1\xcd\xcb\
\x00\x00\x1d\x1e\x00\x00\x00\x00\x00\x01\x00\x01\x42\x77\
\x00\x00\x01\xa0\xa3\xc1\xcd\xdd\
\x00\x00\x1d\x46\x00\x00\x00\x00\x00\x01\x00\x01\x43\xe0\
\x00\x00\x01\xa0\xa3\xc1\xce\x0e\
\x00\x00\x1d\x6c\x00\x00\x00\x00\x00\x01\x00\x01\x45\x0b\
\x00\x00\x01\xa0\xa3\xc1\xce\x51\
\x00\x00\x1d\x8c\x00\x00\x00\x00\x00\x01\x00\x01\x46\x3d\
\x00\x00\x01\xa0\xa3\xc1\xcd\xc1\
\x00\x00\x1d\xb0\x00\x00\x00\x00\x00\x01\x00\x01\x47\x45\
\x00\x00\x01\xa0\xa3\xc1\xcd\xad\
\x00\x00\x1d\xd4\x00\x00\x00\x00\x00\x01\x00\x01\x48\x76\
\x00\x00\x01\xa0\xa3\xc1\xcd\xad\
\x00\x00\x1e\x02\x00\x00\x00\x00\x00\x01\x00\x01\x49\xe6\
\x00\x00\x01\xa0\xa3\xc1\xce\x25\
\x00\x00\x1e\x1a\x00\x00\x00\x00\x00\x01\x00\x01\x4a\xf4\
\x00\x00\x01\xa0\xa3\xc1\xce\x41\
\x00\x00\x1e\x34\x00\x00\x00\x00\x00\x01\x00\x01\x4c\x11\
\x00\x00\x01\xa0\xa3\xc1\xcd\xcb\
\x00\x00\x1e\x60\x00\x00\x00\x00\x00\x01\x00\x01\x4d\x19\
\x00\x00\x01\xa0\xa3\xc1\xce\x30\
\x00\x00\x1e\x7c\x00\x00\x00\x00\x00\x01\x00\x01\x4e\x90\
\x00\x00\x01\xa0\xa3\xc1\xcd\xc1\
\x00\x00\x1e\xa2\x00\x00\x00\x00\x00\x01\x00\x01\x4f\xa7\
\x00\x00\x01\xa0\xa3\xc1\xcd\xfe\
\x00\x00\x1e\xbc\x00\x00\x00\x00\x00\x01\x00\x01\x50\xe3\
\x00\x00\x01\xa0\xa3\xc1\xce\x0e\
\x00\x00\x1e\xdc\x00\x00\x00\x00\x00\x01\x00\x01\x52\x1f\
\x00\x00\x01\xa0\xa3\xc1\xcd\xc1\
\x00\x00\x1f\x02\x00\x00\x00\x00\x00\x01\x00\x01\x53\x01\
\x00\x00\x01\xa0\xa3\xc1\xcd\xdd\
\x00\x00\x1f\x1e\x00\x00\x00\x00\x00\x01\x00\x01\x54\x48\
\x00\x00\x01\xa0\xa3\xc1\xcd\x9a\
\x00\x00\x1f\x40\x00\x00\x00\x00\x00\x01\x00\x01\x55\x9d\
\x00\x00\x01\xa0\xa3\xc1\xcd\xdd\
\x00\x00\x1f\x58\x00\x00\x00\x00\x00\x01\x00\x01\x57\x8e\
\x00\x00\x01\xa0\xa3\xc1\xcd\xad\
\x00\x00\x1f\x82\x00\x00\x00\x00\x00\x01\x00\x01\x58\x95\
\x00\x00\x01\xa0\xa3\xc1\xcd\xad\
\x00\x00\x1f\xb4\x00\x00\x00\x00\x00\x01\x00\x01\x59\xbf\
\x00\x00\x01\xa0\xa3\xc1\xcd\x9a\
\x00\x00\x1f\xdc\x00\x00\x00\x00\x00\x01\x00\x01\x5b\x28\
\x00\x00\x01\xa0\xa3\xc1\xcd\xc1\
\x00\x00\x20\x04\x00\x00\x00\x00\x00\x01\x00\x01\x5c\x0a\
\x00\x00\x01\xa0\xa3\xc1\xce\x0e\
\x00\x00\x20\x2a\x00\x00\x00\x00\x00\x01\x00\x01\x5c\xf7\
\x00\x00\x01\xa0\xa3\xc1\xcd\xf9\
\x00\x00\x20\x46\x00\x00\x00\x00\x00\x01\x00\x01\x5e\x3b\
\x00\x00\x01\xa0\xa3\xc1\xce\x0e\
\x00\x00\x20\x62\x00\x00\x00\x00\x00\x01\x00\x01\x5f\x54\
\x00\x00\x01\xa0\xa3\xc1\xce\x41\
\x00\x00\x20\x86\x00\x00\x00\x00\x00\x01\x00\x01\x60\xa4\
\x00\x00\x01\xa0\xa3\xc1\xce\x30\
\x00\x00\x20\xac\x00\x00\x00\x00\x00\x01\x00\x01\x61\xaf\
\x00\x00\x01\xa0\xa3\xc1\xcd\xad\
\x00\x00\x20\xd4\x00\x00\x00\x00\x00\x01\x00\x01\x62\xb5\
\x00\x00\x01\xa0\xa3\xc1\xcd\xcb\
\x00\x00\x20\xfc\x00\x00\x00\x00\x00\x01\x00\x01\x64\x96\
\x00\x00\x01\xa0\xa3\xc1\xcd\xfe\
\x00\x00\x21\x26\x00\x00\x00\x00\x00\x01\x00\x01\x65\x9e\
\x00\x00\x01\xa0\xa3\xc1\xcd\xad\
\x00\x00\x21\x52\x00\x00\x00\x00\x00\x01\x00\x01\x66\xa5\
\x00\x00\x01\xa0\xa3\xc1\xcd\xad\
\x00\x00\x21\x76\x00\x00\x00\x00\x00\x01\x00\x01\x67\xaf\
\x00\x00\x01\xa0\xa3\xc1\xcd\xad\
\x00\x00\x21\x92\x00\x00\x00\x00\x00\x01\x00\x01\x68\xc7\
\x00\x00\x01\xa0\xa3\xc1\xcd\x9a\
\x00\x00\x21\xac\x00\x00\x00\x00\x00\x01\x00\x01\x69\xf1\
\x00\x00\x01\xa0\xa3\xc1\xcd\xdd\
\x00\x00\x21\xd4\x00\x00\x00\x00\x00\x01\x00\x01\x6b\x3d\
\x00\x00\x01\xa0\xa3\xc1\xcd\xfe\
\x00\x00\x21\xf2\x00\x00\x00\x00\x00\x01\x00\x01\x6c\x65\
\x00\x00\x01\xa0\xa3\xc1\xce\x0e\
\x00\x00\x22\x10\x00\x00\x00\x00\x00\x01\x00\x01\x6d\x8d\
\x00\x00\x01\xa0\xa3\xc1\xcd\xdd\
\x00\x00\x22\x38\x00\x00\x00\x00\x00\x01\x00\x01\x6e\xde\
\x00\x00\x01\xa0\xa3\xc1\xcd\xdd\
\x00\x00\x22\x52\x00\x00\x00\x00\x00\x01\x00\x01\x70\x00\
\x00\x00\x01\xa0\xa3\xc1\xcd\xed\
\x00\x00\x22\x6c\x00\x00\x00\x00\x00\x01\x00\x01\x71\xee\
\x00\x00\x01\xa0\xa3\xc1\xce\x51\
\x00\x00\x22\x82\x00\x00\x00\x00\x00\x01\x00\x01\x73\x4e\
\x00\x00\x01\xa0\xa3\xc1\xcd\xed\
\x00\x00\x22\x98\x00\x00\x00\x00\x00\x01\x00\x01\x74\xf4\
\x00\x00\x01\xa0\xa3\xc1\xcd\xcb\
"

qt_version = [int(v) for v in QtCore.qVersion().split('.')]
if qt_version < [5, 8, 0]:
    rcc_version = 1
    qt_resource_struct = qt_resource_struct_v1
else:
    rcc_version = 2
    qt_resource_struct = qt_resource_struct_v2

def qInitResources():
    QtCore.qRegisterResourceData(rcc_version, qt_resource_struct, qt_resource_name, qt_resource_data)

def qCleanupResources():
    QtCore.qUnregisterResourceData(rcc_version, qt_resource_struct, qt_resource_name, qt_resource_data)

qInitResources()
